timestamp,hazard,vibration,strain,temperature,wind_speed,water_pressure,corrosion_index,risk_score,severity
2026-01-01 00:00:00,Corrosion,0.9395108468824708,143.6976362906051,26.356135576641528,6.685275321384205,3.1575999800942762,0.18081851743126165,68.56931604360322,High
2026-01-01 00:01:00,Earthquake,1.7295824464466385,141.99459152820367,36.068754241194995,10.445169452454465,4.610445863810363,0.38570716934613497,100.0,Critical
2026-01-01 00:02:00,Fatigue,0.8558373502168417,123.9672448819351,33.27140274546424,4.753249997634169,3.6048715558938302,0.23799034211089748,69.50047213070846,High
2026-01-01 00:03:00,Corrosion,0.7136430481495958,116.16084846805853,19.795795983763874,6.911180398522419,3.094567650666617,0.19756702883789715,78.01864453809495,High
2026-01-01 00:04:00,Normal,0.3637301582465767,139.10270559209437,34.75673544376243,7.620005938136874,2.9542579147468584,0.31565496072598964,73.49756505597054,High
2026-01-01 00:05:00,Thermal,0.7678996048544141,148.13387371431043,36.74710108491842,8.59093941639573,2.3115353362661653,0.13733161824980694,82.37620825948416,Critical
2026-01-01 00:06:00,Corrosion,0.7949420305387911,159.47653000184857,22.129958369886786,12.981725810564377,1.9367496049557638,0.42984515418224084,98.2674813922746,Critical
2026-01-01 00:07:00,Corrosion,0.9864128234748988,98.2086252549384,15.392708647017773,10.55286891496755,1.7154569177651802,0.2911101106687271,100.0,Critical
2026-01-01 00:08:00,Normal,0.35121279563906616,82.91083284870992,27.63889188826379,6.571894430822134,0.9716983872932701,0.2588990626414341,44.34269432355309,Moderate
2026-01-01 00:09:00,Earthquake,1.791955897753583,198.18038600641236,33.61212204649911,19.047947067958145,4.704308411002929,0.4734666253864185,100.0,Critical
2026-01-01 00:10:00,Earthquake,1.7665277527148822,112.13325895834872,35.95630984900101,13.108563214990365,5.547174400615213,0.45335673418128286,100.0,Critical
2026-01-01 00:11:00,Thermal,0.78943190297495,172.61573393999512,25.64586367819375,8.189227020514856,2.1202060944711407,0.39294654393145484,72.45610645326283,High
2026-01-01 00:12:00,Flood,1.0381730238709972,105.21707141193025,36.759895523314825,9.165606735019587,2.468899409740068,0.20540666492185744,90.80505671909447,Critical
2026-01-01 00:13:00,Fatigue,1.2030037825055686,174.08362229812445,16.860338020916494,14.131360193550648,2.87055258234789,0.2874897297777273,100.0,Critical
2026-01-01 00:14:00,Earthquake,1.8237973939389782,159.38538438107594,26.15974693085356,13.407545949377273,4.244345998840219,0.3357722469999402,100.0,Critical
2026-01-01 00:15:00,Normal,0.3080823226431313,146.22259287928955,25.913946653921265,3.055167877768687,1.4455062557043545,0.04431363751740938,32.59544343647094,Moderate
2026-01-01 00:16:00,Wind,1.2785416087256136,237.60402284791238,33.761685124621515,11.863026613888554,3.4427126041049343,0.2631007105153421,100.0,Critical
2026-01-01 00:17:00,Normal,0.1564259199180465,63.17055924697186,34.4915123296989,2.551220566828916,2.6890568169738107,0.3298038222579057,46.52239643719515,Moderate
2026-01-01 00:18:00,Fatigue,1.1353889513979234,170.3844286965162,32.77111827716698,11.100414537841775,2.8104706149303773,0.28612266420658283,96.65037657777134,Critical
2026-01-01 00:19:00,Flood,0.9964344996270711,105.59593216015651,21.247249756270527,10.441522802425503,3.3224033716702284,0.4506812570666847,99.83241895488251,Critical
2026-01-01 00:20:00,Corrosion,0.6537123843381788,154.8692230554376,32.31309515899461,7.731791996580512,2.774977320083231,0.43486617307545633,75.81030495317073,High
2026-01-01 00:21:00,Earthquake,1.6197464366411352,176.43069591120263,30.54520984296746,15.097434716260478,6.1688849760375675,0.6436104290956866,100.0,Critical
2026-01-01 00:22:00,Thermal,0.7185505910785052,145.2445580615461,21.643828073602045,3.5366302090749446,3.0457207239822957,0.4124394415278645,65.05969094102966,High
2026-01-01 00:23:00,Fatigue,1.1174978582874067,130.20784309179408,17.664930855991564,9.988886363974958,4.850696723399194,0.4886505492267046,100.0,Critical
2026-01-01 00:24:00,Corrosion,0.8641039652272238,163.7135277374125,33.18994645010388,6.911703845999805,2.167629823995191,0.2940134032844579,72.65781353666664,High
2026-01-01 00:25:00,Normal,0.26474933657405314,83.79105405074048,27.09950349510378,13.586790731853563,1.9506333915651801,0.19826625869493386,75.74384258278769,High
2026-01-01 00:26:00,Earthquake,1.9460754786149355,212.6409315724685,21.574089537725623,13.867475208920622,4.784108982970068,0.42758714889722804,100.0,Critical
2026-01-01 00:27:00,Normal,0.148472830811215,109.76874233474544,26.959140356456157,3.2108238506496884,0.7739539021143962,0.18000497636882912,26.683222091524634,Low
2026-01-01 00:28:00,Normal,0.2478053316653021,84.93273306492276,29.820205405566014,0.8650947918407548,1.9324889590149423,0.19197305081340343,26.20803485335507,Low
2026-01-01 00:29:00,Flood,1.0443548418251052,190.67342058351744,27.585744366662265,13.116218590382797,5.412927758235223,0.3521746052122734,100.0,Critical
2026-01-01 00:30:00,Corrosion,0.7960981506769332,142.51643367977118,20.240069234369567,7.249901841428667,2.467091197073867,0.23073457157627691,77.90320968913854,High
2026-01-01 00:31:00,Thermal,0.8022661396066353,189.69089926105067,39.42778451782055,5.625943798773742,3.0725450181622334,0.14979006097530312,81.27351711872103,Critical
2026-01-01 00:32:00,Normal,0.1220040532732524,150.53390323283355,33.02108984493946,6.008897642027179,0.6877683804074488,0.2090895038058021,46.18590644563887,Moderate
2026-01-01 00:33:00,Earthquake,1.9027924973820023,161.6463573803391,26.323112741632663,15.34915649421696,3.900772228095991,0.34857561325401465,100.0,Critical
2026-01-01 00:34:00,Earthquake,1.7354708357975652,179.47525497658125,26.524526720488563,15.301858799628585,4.572747670657099,0.3568581202022929,100.0,Critical
2026-01-01 00:35:00,Normal,0.41251201318228026,123.02594849158936,29.79743697356588,5.059251269178085,1.5500169883708192,0.16857974157486627,44.25608262417544,Moderate
2026-01-01 00:36:00,Normal,0.2474020540866036,158.15757999966098,22.35189302129834,5.47757041066016,1.59441695906885,0.15022854243729,51.18276757281219,Moderate
2026-01-01 00:37:00,Wind,1.2672442852319348,168.33794283417788,29.613382182684845,10.796111227042108,3.813974984920774,0.4048033994013354,98.60802549255605,Critical
2026-01-01 00:38:00,Normal,0.24573577048070766,124.40731552741148,21.346337815696174,6.009188796886621,0.3516673592966304,0.1666606768381325,48.764884083869816,Moderate
2026-01-01 00:39:00,Flood,1.0175404934191576,145.80301032254232,27.64732891577417,10.474655587704447,3.054053788493028,0.38483597103013734,85.74146400762766,Critical
2026-01-01 00:40:00,Earthquake,1.7432776533422394,180.33607410363402,22.157142500715707,16.683358253916637,5.861758473403675,0.42048129991537225,100.0,Critical
2026-01-01 00:41:00,Fatigue,1.0845299143493023,185.6148021419581,22.409580088366425,9.66924458607755,2.441754927105462,0.2929176798451464,90.20171593715997,Critical
2026-01-01 00:42:00,Corrosion,0.8804398955531239,144.29263376993686,36.22861306809105,5.849590202508915,2.9648543051549288,0.28065763890294354,78.17688150006049,High
2026-01-01 00:43:00,Normal,0.1872593192867856,110.12506821754563,28.29612947142277,4.567124890687897,2.292843759938068,0.07666961087834129,37.05794927617558,Moderate
2026-01-01 00:44:00,Fatigue,1.0649964467312094,138.88732085965785,29.037032427005837,11.76134245620499,3.01773307797633,0.32704617515765566,91.7648390381867,Critical
2026-01-01 00:45:00,Fatigue,1.026192090715431,139.15587115409596,17.943100694593383,4.859583875154537,4.141524396160847,0.36793514370519687,87.85885199258065,Critical
2026-01-01 00:46:00,Earthquake,1.973973125569187,146.54760009893087,25.01499120739476,8.742256586115882,3.838873720614969,0.483268034147698,100.0,Critical
2026-01-01 00:47:00,Normal,0.24282153840707052,101.24061729183802,30.306060593521735,7.754828364176973,2.8884495729322053,0.07182607316977056,57.55967062804861,Moderate
2026-01-01 00:48:00,Flood,1.1436185721357248,188.2605068912581,28.970681329737523,13.760368450553983,4.045800733093696,0.1704815838205619,100.0,Critical
2026-01-01 00:49:00,Normal,0.23435021353538493,114.83501848581258,17.229850893231472,1.204399894941579,2.055665403509467,0.13705451799353308,45.38854031111586,Moderate
2026-01-01 00:50:00,Normal,0.27074301132279266,137.61029171390246,29.035689583285407,5.301377812498685,3.1248180263058405,0.29077298863943024,51.48525379826501,Moderate
2026-01-01 00:51:00,Normal,0.14429087426837844,58.03108705247914,29.832794017748448,3.8013646612489547,1.6706509407633852,0.19767803148641966,34.42430125484063,Moderate
2026-01-01 00:52:00,Corrosion,0.819234192650571,158.40778272414695,34.418809990993495,7.5175096632751295,2.702143887538088,0.2060243808201438,77.72437248428545,High
2026-01-01 00:53:00,Flood,1.0368427736631398,146.76618239077214,24.723844405308284,10.116593026269246,5.052544284097246,0.17576484264556957,96.75013309153731,Critical
2026-01-01 00:54:00,Corrosion,0.9818803064767894,132.16399942773728,16.789656399321647,4.421389312967753,5.160765802234795,0.21328085564371074,89.80192637226997,Critical
2026-01-01 00:55:00,Corrosion,0.8727586222141017,148.7239989355283,23.016146240974223,4.978347498522797,2.6265622938822375,0.20787590971895376,65.14236253718843,High
2026-01-01 00:56:00,Earthquake,1.90069762889544,169.2043686546993,22.514674805657215,12.496246481236323,5.246256762892185,0.47884941749162047,100.0,Critical
2026-01-01 00:57:00,Wind,1.2362583288162337,104.30312700279111,31.683544388899872,9.663873206317518,5.085042543261454,0.39700353995096355,100.0,Critical
2026-01-01 00:58:00,Normal,0.3801921071571749,143.05619852929843,14.416317058023411,1.6221346829474856,1.9218549981892277,0.09600785022472509,54.41179041309083,Moderate
2026-01-01 00:59:00,Normal,0.24527662261559557,126.07543903370482,25.75821769963689,7.368943024367553,2.5945885087379836,0.24025328492652798,57.94117548025125,Moderate
2026-01-01 01:00:00,Flood,1.2112178168521444,142.9514386313037,35.12897736788627,7.947317080666899,4.460403597488383,0.34406055189403423,98.91737757867674,Critical
2026-01-01 01:01:00,Wind,1.1461683037668702,133.24536569818906,28.036062314168174,8.834547181799463,3.477695424443456,0.22162553481896546,79.81749615486393,High
2026-01-01 01:02:00,Wind,1.1236830532641866,120.65356209732164,32.48158408088212,10.947976370689702,4.45927466340026,0.30929450409376785,100.0,Critical
2026-01-01 01:03:00,Corrosion,0.7581957720248773,149.79731767670143,19.791008332244562,7.913275171797503,3.313807305490063,0.29526559905259336,86.29877694772631,Critical
2026-01-01 01:04:00,Flood,1.2064819737246455,191.136024005634,19.990052433968387,11.712430438717439,2.4631314066062377,0.3050588334973887,100.0,Critical
2026-01-01 01:05:00,Wind,1.250555805809432,162.47916191852596,35.18621228922617,7.299732386598,3.0503473535716,0.17915671385531548,87.48254116120127,Critical
2026-01-01 01:06:00,Wind,1.1582703413295754,122.83095984767934,28.506076828786266,5.907840208809578,3.387583075603631,0.3264945963613295,70.51815602652351,High
2026-01-01 01:07:00,Normal,0.3499218157498796,125.62791817596006,28.51637181104572,4.070637308604177,2.928519850802604,0.2309011913145341,44.6740087648479,Moderate
2026-01-01 01:08:00,Normal,0.30501537480942253,118.6664259438318,22.409235859465017,5.180708518805039,2.961358162313328,0.3063675335094019,59.85204118458457,Moderate
2026-01-01 01:09:00,Earthquake,1.9472901977100472,203.20109065185576,28.503908644751156,9.677732167707436,6.109912918321617,0.3504967039882281,100.0,Critical
2026-01-01 01:10:00,Normal,0.12617337338080709,135.16832943529317,22.270312158299518,0.8367393148992228,2.440110703265618,0.13636374747768865,34.16558456461414,Moderate
2026-01-01 01:11:00,Earthquake,1.7687711913348596,106.95443664725191,33.93435224452825,13.946893347013955,5.772826307156439,0.38729065873019114,100.0,Critical
2026-01-01 01:12:00,Fatigue,1.037998289284574,166.63105511071143,41.63915354934086,7.226658298055114,4.07756044955483,0.3232972737053511,100.0,Critical
2026-01-01 01:13:00,Normal,0.09210538588731187,94.9130147623979,30.419705268326645,0.642464848979241,2.4075970554216344,0.1877614214098284,26.193292006750113,Low
2026-01-01 01:14:00,Normal,0.33482617638237555,84.45678146378253,24.825268072692282,7.896023876942188,2.4753625836642024,0.22834463903736724,61.96766902460866,High
2026-01-01 01:15:00,Normal,0.22836827553573133,115.2881647406609,15.331708347526709,3.104615981218723,0.595577834272619,0.08998507662278862,48.53848370536983,Moderate
2026-01-01 01:16:00,Normal,0.30917049639892497,130.2742777257503,19.577679427288295,8.449434811596074,1.2097528540557616,0.21174829514372392,68.41261990891769,High
2026-01-01 01:17:00,Flood,1.208781754746369,109.78163474282938,35.77430915513568,9.285412373328281,2.651078375517957,0.23262276958194766,93.86701054445491,Critical
2026-01-01 01:18:00,Wind,1.1567405046537913,175.0144104264388,22.854040783644635,10.98427658616591,5.147145007654009,0.3045332878355537,100.0,Critical
2026-01-01 01:19:00,Corrosion,0.8213077613874277,163.28347118828998,26.14582559156744,7.665500761709442,4.974100103583613,0.4046410901804965,84.24703419123281,Critical
2026-01-01 01:20:00,Flood,1.0294931335779198,151.97440490748744,31.276629872895892,7.16548673363709,1.8490479204121748,0.1801405752987193,68.9693923305153,High
2026-01-01 01:21:00,Earthquake,1.868979788238673,159.9094092443238,35.411448996808964,9.989640526838887,6.9248146118716605,0.3816426025248503,100.0,Critical
2026-01-01 01:22:00,Fatigue,1.0296629579751881,128.5155498952677,27.00206539418081,9.122871620843828,3.8867213735315294,0.19802833821515,82.33268579221225,Critical
2026-01-01 01:23:00,Normal,0.19952307222942955,145.6483032895057,25.976665651669826,6.094187411878114,3.012719819158702,0.1922454379641418,53.1605200826617,Moderate
2026-01-01 01:24:00,Normal,0.3345751416193093,82.21943283760237,28.35810514255342,0.36902206716436226,2.506467154584896,0.2638586332312014,26.97639206507481,Low
2026-01-01 01:25:00,Normal,0.28029114590704285,146.61176152047946,24.861810916803915,4.839194876418617,3.4403950535999206,0.19357240950754157,54.00368864489739,Moderate
2026-01-01 01:26:00,Corrosion,0.6914217389596145,140.07002102173908,25.130903983535223,4.933207738357906,3.5297424333574963,0.25866273173314697,62.74251600400967,High
2026-01-01 01:27:00,Earthquake,1.6919686560424714,179.20413750892857,30.05940058766937,14.103860495268961,3.996545541187083,0.5102721863241642,100.0,Critical
2026-01-01 01:28:00,Normal,0.37009886910617684,77.29780736466688,28.926457589172433,4.941797642900525,1.89432511622679,0.20644019478177156,42.86079501362799,Moderate
2026-01-01 01:29:00,Wind,1.217154262646305,153.73208424678532,38.65802653279292,12.33050480728872,4.555656046106806,0.38156528450494487,100.0,Critical
2026-01-01 01:30:00,Normal,0.1890243255170201,135.3396379002844,30.194244083177146,8.200468790562557,1.7840388984656415,0.23722059094761078,56.2190797995012,Moderate
2026-01-01 01:31:00,Corrosion,0.8413672274212015,110.78974780370048,33.75572774046914,9.676969697822088,3.9777317221526705,0.08800000000000001,88.83081843703823,Critical
2026-01-01 01:32:00,Earthquake,1.7910589338241336,194.06589668129612,22.643574116384343,15.981180766911722,5.294302611359556,0.39786649555032405,100.0,Critical
2026-01-01 01:33:00,Earthquake,1.8488586688224131,183.82530634197556,30.625786450151356,12.348972572228483,4.76449068088513,0.3177540424894918,100.0,Critical
2026-01-01 01:34:00,Normal,0.14133892841129686,103.90610965419233,24.385093266994705,13.469352233801438,0.9140216166884592,0.11365464846745105,72.13752484225157,High
2026-01-01 01:35:00,Flood,0.9527240689063634,172.16682716228263,29.97726631648279,5.543542710515356,3.288184617466656,0.4099668885860234,70.19706668614434,High
2026-01-01 01:36:00,Earthquake,1.811836460389071,126.5435807755361,31.442572990574206,11.816732666272035,5.564571649700327,0.3740155563741926,100.0,Critical
2026-01-01 01:37:00,Normal,0.24201323356036397,128.66701871859271,28.24934422000737,7.704075748240679,0.04060819574404939,0.3314054556644806,44.15557515467957,Moderate
2026-01-01 01:38:00,Normal,0.2957487346109368,160.48587895183232,40.03662860737396,7.258163914582978,1.2199235892849767,0.06738492637833154,68.63068253844453,High
2026-01-01 01:39:00,Thermal,0.7016394082112323,177.99857847751653,37.13989884554226,9.462167057427045,1.2033079552256014,0.17330633757781055,81.09800353371878,Critical
2026-01-01 01:40:00,Thermal,0.8285702941017057,151.74516801346306,35.88622666414548,10.025955973979324,2.58292514602196,0.3209880528761576,92.21436622416194,Critical
2026-01-01 01:41:00,Corrosion,0.9423266895501978,136.65798059672886,31.82143096185007,4.550671463818123,4.517314734287224,0.24069027841931934,72.18627052460118,High
2026-01-01 01:42:00,Normal,0.2889454837719427,104.10493608630922,36.81680408865022,9.767896083613502,0.8138836182711644,0.20458618692808397,71.53206952526432,High
2026-01-01 01:43:00,Thermal,0.8111289391809273,134.42685515235894,22.81515351265392,7.388327123400155,3.9031597458613296,0.25101545389041996,80.97708266562614,Critical
2026-01-01 01:44:00,Corrosion,0.8473293117947225,157.79518119794767,34.85141558995288,12.037682546812556,6.168825127312321,0.2565939009627194,100.0,Critical
2026-01-01 01:45:00,Corrosion,0.7882119077782799,124.0189048635146,23.043778440002384,4.400579736903868,4.77353813125735,0.2436611145014339,72.18850741247556,High
2026-01-01 01:46:00,Earthquake,1.784240112604817,200.53559545125952,25.178304404666353,14.169705510443572,5.493513380391212,0.4183594688326189,100.0,Critical
2026-01-01 01:47:00,Normal,0.35077646823043246,173.3290129500831,30.80696222030834,3.3094931625654542,2.8584344557964827,0.23133106300223222,46.741927165150365,Moderate
2026-01-01 01:48:00,Normal,0.24047771947198998,118.45291912181513,34.16610082755362,6.71636045474391,0.6303171975632083,0.3091537720777981,54.37474885398778,Moderate
2026-01-01 01:49:00,Thermal,0.7288156808521272,108.39012991791736,24.23211684159019,8.951211357406537,1.6265853465894458,0.24379899717257458,70.93162502236015,High
2026-01-01 01:50:00,Earthquake,1.7506202328987692,147.98138134208966,25.437275611611344,14.498143392497534,5.388698109079394,0.3725089363491299,100.0,Critical
2026-01-01 01:51:00,Normal,0.2660680237820744,139.4141387927894,28.487660362506553,1.8231749353055253,2.398610563468411,0.13820307548326943,30.047407568623658,Moderate
2026-01-01 01:52:00,Normal,0.22011888022553225,118.5063455259889,27.06816997652143,4.829092637544167,3.0944042842492405,0.2975827084025999,48.1037948331542,Moderate
2026-01-01 01:53:00,Wind,1.2238242626450513,179.32077240160132,32.27016030617594,9.559498856211977,3.471237858598685,0.3712259917691054,96.07318381287685,Critical
2026-01-01 01:54:00,Normal,0.29182750085992243,106.65914377101626,45.1796380799226,6.485930125122298,2.1933954843616457,0.028077325884946353,78.94812555142855,High
2026-01-01 01:55:00,Fatigue,1.1461186544323718,173.7655886884958,30.0966035426294,12.4678909863004,3.9591115565529744,0.14455034377628942,100.0,Critical
2026-01-01 01:56:00,Corrosion,0.9688847577812028,140.24252066375686,24.32401780918842,8.751427766025843,3.1886058944235334,0.20159536964015318,81.89371258337624,Critical
2026-01-01 01:57:00,Corrosion,0.9346686979497889,125.88739861690128,21.51745834680502,4.471483134834204,3.247525123865999,0.28641163552434995,71.33406064269549,High
2026-01-01 01:58:00,Earthquake,1.7152608748681633,171.5750380299404,26.373730432071973,13.722736428700303,4.505295497360439,0.4013223888625047,100.0,Critical
2026-01-01 01:59:00,Flood,0.9477172442738983,120.87364111441909,23.29875056985605,17.033228685227787,3.959707408384963,0.33318228414749446,100.0,Critical
2026-01-01 02:00:00,Wind,1.1789382818832141,207.1339889645403,30.337748959877114,15.038015980963356,4.235049980195078,0.3019645246253376,100.0,Critical
2026-01-01 02:01:00,Flood,0.9839059714208469,148.39045466103784,30.260108178921133,8.123198688273096,3.239988234043965,0.40379350171031536,80.86257098141408,Critical
2026-01-01 02:02:00,Normal,0.15893386184312458,136.1128522170549,25.68415897737522,5.190029461084534,2.6657742660235675,0.24176891030192127,48.38335245822336,Moderate
2026-01-01 02:03:00,Earthquake,1.7546646564661605,168.17827167823,37.92477506891892,16.196358575766034,6.387831588432295,0.41020612856925487,100.0,Critical
2026-01-01 02:04:00,Normal,0.2120389653104769,93.70180445050443,24.32276340380053,4.453018962296062,2.6773762959754626,0.2716271544427284,48.946053157127274,Moderate
2026-01-01 02:05:00,Wind,1.1312521808191036,151.55298722705163,27.40284466050913,8.71972723956835,2.997556679939276,0.18408750205478233,77.46507109876839,High
2026-01-01 02:06:00,Normal,0.22473684110759956,147.52981333447997,31.195813329449088,4.199107354749535,2.0996457668619914,0.17319402298678208,43.50457710592578,Moderate
2026-01-01 02:07:00,Normal,0.3442760680254665,106.98170521504291,32.46027446884914,6.656568456303956,1.0885684371365476,0.1910009844902388,52.550322587750316,Moderate
2026-01-01 02:08:00,Normal,0.2659390432999391,98.23670068176462,34.387882607715994,1.5545900768749732,2.0965547462998333,0.22816291999620075,40.13899520603333,Moderate
2026-01-01 02:09:00,Wind,1.3827447260844377,161.2866061092286,30.142482394966194,13.666065954828111,3.132463302980086,0.17878671977371036,100.0,Critical
2026-01-01 02:10:00,Normal,0.26364065488157196,132.4755650179436,33.254563503939984,4.832021024905792,3.2771633373547857,0.15916744745004147,56.21813380656909,Moderate
2026-01-01 02:11:00,Thermal,0.7767947380850199,183.0712042213296,26.674459139860303,5.1949271776653525,3.9833314690198423,0.29203686370808596,65.88169828429986,High
2026-01-01 02:12:00,Wind,1.1853306306123894,166.24376195931237,32.59040980175191,13.473050484196087,5.1929893053423895,0.3541729701117869,100.0,Critical
2026-01-01 02:13:00,Normal,0.2705193582754832,136.0998169632809,32.523645750781995,0.36460728466507586,3.0517220901954962,0.2748903873163361,38.031503217193574,Moderate
2026-01-01 02:14:00,Flood,1.0548203165736851,168.78188092300803,35.56443337376768,7.534369708995248,3.409400288426335,0.3529204265925396,90.6907542592542,Critical
2026-01-01 02:15:00,Normal,0.4161369060687219,91.17461545168425,19.657820038857288,3.284974804144507,1.5743902564725745,0.1751323160502367,49.9801994974979,Moderate
2026-01-01 02:16:00,Thermal,0.7323743628017946,117.91669823826139,25.464084421994663,14.431825814708393,4.9417238287001535,0.3139978999159004,100.0,Critical
2026-01-01 02:17:00,Wind,1.253723684654219,130.30259275985875,32.11570484683651,8.044937694081671,3.874880349827585,0.29989090915562944,90.09607157739235,Critical
2026-01-01 02:18:00,Corrosion,0.87162004780913,110.89635610770885,14.743177600593015,4.764895661500315,1.965419357528001,0.27974191622102823,78.12097399493685,High
2026-01-01 02:19:00,Normal,0.12431218059435059,139.8864968717601,30.46003086894175,3.254554654162576,3.007466733665825,0.243584188011789,42.11570560146512,Moderate
2026-01-01 02:20:00,Wind,1.2466559025675812,164.6512522915939,33.29902212465684,11.466651042214334,4.183775668263721,0.3123759365449566,100.0,Critical
2026-01-01 02:21:00,Wind,1.2864098848643124,159.38740157728623,25.1181237622478,12.452253639750811,5.545944123978982,0.34495917436254697,100.0,Critical
2026-01-01 02:22:00,Thermal,0.7314258876978057,77.18208711494329,27.84904999944044,14.829619080328317,3.442969677980849,0.336904701545361,97.4544528867826,Critical
2026-01-01 02:23:00,Wind,1.1842852905686425,208.78692146546547,22.62931326380048,14.320692712957642,4.019998512653287,0.3729731888591242,100.0,Critical
2026-01-01 02:24:00,Wind,1.0469716590393838,135.0431998961611,25.392264401342985,10.663767781745456,5.56612080877469,0.4146777484705096,100.0,Critical
2026-01-01 02:25:00,Normal,0.1492954832252531,171.29531889847394,25.537157490191213,2.3257535972756673,0.4615336549630127,0.36627586383623284,28.899967670814586,Low
2026-01-01 02:26:00,Normal,0.33384236620938024,83.7689629837171,24.585793627672395,9.872082294042077,1.4146376953969928,0.23623422186855547,65.15915031691823,High
2026-01-01 02:27:00,Wind,1.1476866795194054,137.08997103608658,24.311609111077516,8.994309349021306,3.1526370281447917,0.2790965958876196,87.26692275063016,Critical
2026-01-01 02:28:00,Earthquake,1.701295762004957,126.52876543725925,26.644976075558034,11.425528291356184,3.555079778573284,0.444945843825584,100.0,Critical
2026-01-01 02:29:00,Normal,0.26835682915667436,129.05312439856743,26.584478421719393,3.74877859353779,2.873176428016603,0.21750547331923337,43.26051735453594,Moderate
2026-01-01 02:30:00,Fatigue,1.0332070054855182,125.4685794797192,37.37065949930528,5.743135283309572,3.242581586017061,0.3490808554808305,85.06638398996338,Critical
2026-01-01 02:31:00,Fatigue,1.037334267377957,126.17499614754115,26.02907428441495,8.104939726487073,4.705368041646574,0.41960129977898974,88.38444068483204,Critical
2026-01-01 02:32:00,Normal,0.30914608205399224,85.68714457064007,29.720751080959293,4.3006750100647535,2.389086491234604,0.045271079281279464,40.511512164657034,Moderate
2026-01-01 02:33:00,Wind,1.0920613312852523,176.83387656844658,25.11558516761849,12.291969817436353,4.647142466627685,0.43710703930637873,100.0,Critical
2026-01-01 02:34:00,Normal,0.17757078298545342,137.78659128918866,25.052021120792716,3.835734994696944,1.5446005191593524,0.328033349444649,40.542933359946346,Moderate
2026-01-01 02:35:00,Flood,1.0323263993719096,196.10084727696966,19.47814731133689,5.397622274484453,2.9157518560149516,0.33744565306161717,81.39866595012772,Critical
2026-01-01 02:36:00,Normal,0.32755278325985643,102.85733447317567,20.143168760944533,0.18868353422990047,2.0897608752197208,0.22737080649785063,38.75725762728503,Moderate
2026-01-01 02:37:00,Flood,1.119052824119188,156.27048427617,21.965008601735,9.828709242569348,4.599168183308169,0.2726684154192401,100.0,Critical
2026-01-01 02:38:00,Corrosion,0.8017950623710702,111.96662006495121,28.918484173800355,8.517877560407674,3.269617994516258,0.2685059191853364,73.53738539099714,High
2026-01-01 02:39:00,Corrosion,0.9299901573535719,135.82402443161703,33.38086827642293,6.637061866360497,2.6180636773677075,0.32383617273185217,75.41400878643313,High
2026-01-01 02:40:00,Normal,0.1872686165223673,107.02886716797056,19.06667736552241,3.5976306185237874,0.8009819086016414,0.23068419142162594,45.711747438073886,Moderate
2026-01-01 02:41:00,Thermal,0.946096747752544,153.6112489373855,27.254615993255914,9.16546079839751,3.404163015323827,0.317656778400271,80.68599223532095,Critical
2026-01-01 02:42:00,Normal,0.15929831796642174,145.4255451604548,21.165546453248258,9.171638761068042,1.4459324650714622,0.2301334857282627,67.21255674252546,High
2026-01-01 02:43:00,Normal,0.35627830486333845,144.7766672707875,26.67861452933225,2.659566247568036,1.9282594126102601,0.25187119793138957,36.47500405583823,Moderate
2026-01-01 02:44:00,Wind,1.1324811114545021,136.32969319455972,33.37884746853575,10.366708508646298,3.8012212177513405,0.3789318935988518,100.0,Critical
2026-01-01 02:45:00,Earthquake,1.9510597163835681,206.56169761557499,25.765587991960125,16.27481121201597,4.915569025315454,0.32205210677918944,100.0,Critical
2026-01-01 02:46:00,Fatigue,1.122305658308199,151.89787157230506,27.76241513900152,7.171657129408251,4.093803560759512,0.3665814434806304,79.16494556392794,High
2026-01-01 02:47:00,Fatigue,0.9937186776473423,144.88507760257463,35.27614198196157,9.453103656310084,4.354504084144107,0.4486869293132982,100.0,Critical
2026-01-01 02:48:00,Normal,0.20822092163659944,102.28721282952704,30.289504652539545,4.8860131907370015,3.9652789446507835,0.17786985984356782,52.740260688855514,Moderate
2026-01-01 02:49:00,Thermal,0.8624944964178993,128.0016051409612,26.19954072091599,4.066114294869443,3.9579677146845116,0.3799583958385982,64.3233952642226,High
2026-01-01 02:50:00,Normal,0.3342115534092449,163.55784615490583,28.794576429178626,5.505496384296868,3.5936823294741407,0.1066163760070727,52.45849400319745,Moderate
2026-01-01 02:51:00,Wind,1.179342752662043,165.08526916235058,23.862254942988546,10.194634035813294,3.221399628598263,0.3136189904311652,95.00587062086746,Critical
2026-01-01 02:52:00,Normal,0.2535726624770773,124.36529618753012,30.102410063679997,6.665252748788173,0.3990552292729763,0.12870734785521132,41.9807227862343,Moderate
2026-01-01 02:53:00,Thermal,0.8606682426115253,135.44382853657635,32.5767007703638,4.439340576017862,3.185569744279842,0.37033770019390394,67.43470845035435,High
2026-01-01 02:54:00,Normal,0.2605438741608656,181.14946528595073,21.164201497507737,5.029911155783674,2.858027244149099,0.3112381243527081,61.63414419725616,High
2026-01-01 02:55:00,Normal,0.14651961125292995,152.62526222116063,28.875747086928868,9.145202190967426,2.7011617181594296,0.17206431039299502,60.31987683813213,High
2026-01-01 02:56:00,Earthquake,1.7249620780287855,163.57344713003016,27.412133710020402,19.63249949573686,6.571381572326574,0.49768492181294804,100.0,Critical
2026-01-01 02:57:00,Thermal,0.8188095954521333,135.1596236323844,32.72338698586056,11.840387806914828,1.7365453589852062,0.3920501302322667,89.71940028200856,Critical
2026-01-01 02:58:00,Fatigue,1.1722385933198156,147.64388641572725,32.15673525509567,5.968785483049273,5.052976894884208,0.2973664913630665,86.56397839658443,Critical
2026-01-01 02:59:00,Corrosion,0.9842785939329639,147.846799457065,30.387248020623026,9.65315804613088,3.6554626264296406,0.2783801289437587,87.05354075992595,Critical
2026-01-01 03:00:00,Fatigue,1.1373623536617161,135.46935018421414,26.48403323310124,8.05056027511666,2.255986654874987,0.3586892295701587,75.88148471012869,High
2026-01-01 03:01:00,Fatigue,1.0979832608829092,163.9704130840424,32.66665010432,10.351701779389764,4.523528846728805,0.23259696147837722,100.0,Critical
2026-01-01 03:02:00,Wind,1.2449051108785982,193.70220330098286,23.63468611844874,7.783349882669229,4.209482576832963,0.3248078076171649,92.65291237028568,Critical
2026-01-01 03:03:00,Normal,0.19665993198345155,87.15929727489592,21.397390033152504,0.14042032555690032,2.3812292985780505,0.35142296849615506,37.10740728839389,Moderate
2026-01-01 03:04:00,Corrosion,0.8427415231793429,115.99633157269832,12.023566577195998,7.266448283900502,4.319109150315362,0.22799891837997627,100.0,Critical
2026-01-01 03:05:00,Flood,0.9540695422928419,138.72103611756734,27.649295241314224,11.367808089830046,4.110275368430716,0.36030609925652113,92.87975891685005,Critical
2026-01-01 03:06:00,Earthquake,1.690100591143383,170.68011099730427,23.892267802532825,14.263999266421433,3.8871749015303143,0.44590435569096093,100.0,Critical
2026-01-01 03:07:00,Normal,0.2766839209308964,169.96164686864827,29.988772380376755,6.208843579743061,1.856973730217091,0.16689872730376382,49.141585042670755,Moderate
2026-01-01 03:08:00,Corrosion,0.8698410645267796,169.24273050037095,18.14386302977816,8.949050968938135,1.7023548291491082,0.28573240743275136,87.86694360621999,Critical
2026-01-01 03:09:00,Normal,0.30501219876072105,143.6080588029566,24.7641072455025,6.213582424537132,2.649061880558892,0.3202095939631543,58.410361937420966,Moderate
2026-01-01 03:10:00,Thermal,0.8436889464713958,135.390857662165,32.35134952932243,9.588535277260107,4.59797024158404,0.3042877717263441,93.14730774108376,Critical
2026-01-01 03:11:00,Normal,0.269411541705909,112.84216483032965,22.850819268255098,4.175955713136146,0.7585480374476743,0.23678548986090103,41.937630038421275,Moderate
2026-01-01 03:12:00,Normal,0.29452933325420433,83.70736465586504,30.04628374306431,5.2486716842588494,1.3285362394675897,0.30806898370014046,44.08343768948574,Moderate
2026-01-01 03:13:00,Fatigue,1.071585352301802,172.54350570119544,25.214887024659795,14.729775124609072,2.9176306788778312,0.2768471650401465,100.0,Critical
2026-01-01 03:14:00,Normal,0.28303131161779205,132.27636512021962,27.835958451100012,5.426093087003417,1.546094728061663,0.09624680721297238,38.97090979723967,Moderate
2026-01-01 03:15:00,Normal,0.19190844778509122,152.1499341169571,30.975790032084277,5.127690489361754,2.4124231581988678,0.32146779132722236,50.50392893073678,Moderate
2026-01-01 03:16:00,Flood,1.0495764740511304,145.52925716609582,32.76398511557657,9.508653521679197,3.236930877898841,0.30292174260947446,90.71173323624473,Critical
2026-01-01 03:17:00,Fatigue,1.1284734148228808,149.45552134499007,28.462462056603037,8.84627444505134,4.452530172699024,0.3714880680119211,88.26217883214281,Critical
2026-01-01 03:18:00,Normal,0.19642548575422375,124.2511382140159,23.929948525606275,3.6939321088375907,3.065379770075975,0.11901366515045117,46.15715543865412,Moderate
2026-01-01 03:19:00,Normal,0.25414656791942775,142.2974393876774,25.70980568810175,5.626035573096295,3.101759261329277,0.2110821044196932,53.52879723391044,Moderate
2026-01-01 03:20:00,Corrosion,0.8051117992296513,107.44460944756302,31.18477681543479,6.7828543941225465,2.2018189046303522,0.1802453772110514,64.18049787650031,High
2026-01-01 03:21:00,Thermal,0.7578794642787108,160.40140334345938,24.893732082586965,7.563455211568353,4.585928944472723,0.2650991871782474,80.69684238987062,Critical
2026-01-01 03:22:00,Wind,1.0950056515918276,156.88761094567923,27.109667016798973,7.728455880421138,5.506072284876239,0.26416614518573767,87.51392025148621,Critical
2026-01-01 03:23:00,Normal,0.3512619940133245,93.53406830115759,26.070579508192626,5.324035413602952,3.5526799312371686,0.10978765320699586,52.900889173599005,Moderate
2026-01-01 03:24:00,Normal,0.3352548139776038,67.88485618364834,27.483191083405178,6.752584832528083,1.8421851802823042,0.1557501864507261,47.314900483729105,Moderate
2026-01-01 03:25:00,Normal,0.29299470833818697,116.58815720304116,22.953587353753115,4.364255420267254,1.2481575266897222,0.0,41.1631261867535,Moderate
2026-01-01 03:26:00,Normal,0.40777567615550514,156.19282458185177,18.74027823893944,1.025135310667947,1.0157588085199154,0.08720780497779734,39.41995231026526,Moderate
2026-01-01 03:27:00,Flood,1.0048603442745287,192.6671166685349,30.60371307979822,10.971114632166415,2.5782201134251808,0.35459313250082625,89.92115593737802,Critical
2026-01-01 03:28:00,Normal,0.49254099320885075,128.88440526675242,32.82065711744324,5.360551528279281,2.0116904066648686,0.20781331116381815,56.06826915483753,Moderate
2026-01-01 03:29:00,Wind,1.1667976467709424,206.4501415960562,19.03912521250922,7.1203056499596205,4.887851856490425,0.2300650442429914,99.70186244425199,Critical
2026-01-01 03:30:00,Corrosion,0.8754154681404814,143.12647292608136,29.84463080463108,10.61981072696982,4.626558440987345,0.3118298855572053,93.24798960130599,Critical
2026-01-01 03:31:00,Wind,1.1531777668847834,181.23258879106953,33.41591457422588,5.9047243978524575,3.5544428836376487,0.2457429542278492,80.66570073631647,Critical
2026-01-01 03:32:00,Normal,0.2797860448048244,108.71922777733931,30.979555233811617,8.136222845973403,1.9613117329197112,0.23775710963307348,59.58328339598967,Moderate
2026-01-01 03:33:00,Fatigue,1.1418491942308997,140.13502901789627,25.916649106619666,9.327900141058361,3.6958124465985542,0.29074887412305395,88.26656033668019,Critical
2026-01-01 03:34:00,Corrosion,0.8458866885557534,127.2622720779841,23.28251815124621,5.106595226131992,2.684719750134861,0.24199014796861384,65.15744730755216,High
2026-01-01 03:35:00,Corrosion,0.9971375877694098,92.6867763218922,28.404890396749945,8.834988761789713,4.055749529760619,0.26071491010180364,80.73819042493773,Critical
2026-01-01 03:36:00,Normal,0.26913194277067687,152.1773064986728,29.238925294234402,3.781422895727192,2.3628482466232255,0.3847622765332567,43.92707086894062,Moderate
2026-01-01 03:37:00,Normal,0.2716388308888159,103.95918902154959,28.479037555779495,3.329452124530591,2.1418231751196064,0.11929587843821193,33.89308965555378,Moderate
2026-01-01 03:38:00,Thermal,0.7272801844389026,121.96403050612008,29.099326849412172,5.786822715631345,3.558305439195925,0.2781246933013103,63.43011210576334,High
2026-01-01 03:39:00,Earthquake,1.8234799259640309,152.10070795968312,22.58674137938621,13.01835262742038,5.9754512479574835,0.46650949675938963,100.0,Critical
2026-01-01 03:40:00,Normal,0.23927782233525074,114.89101408659292,30.11344145654426,3.544433956498576,2.605437019130388,0.10300697207288523,39.660968387639876,Moderate
2026-01-01 03:41:00,Wind,1.136340821653017,201.48730776399358,30.35427247206762,5.670070729565156,3.2015100438781428,0.18845937300752544,70.86955312542823,High
2026-01-01 03:42:00,Flood,0.9578820473481309,203.14447127056792,29.00411062730836,13.016203660031614,4.576328548742946,0.24391214856302615,100.0,Critical
2026-01-01 03:43:00,Thermal,1.0137410703805347,100.47832810494792,30.554968225356287,7.266927032114585,3.4553661176805592,0.3207570560887094,77.28405134990916,High
2026-01-01 03:44:00,Normal,0.22892181998567718,111.13880010059295,36.396247438730526,2.8041949523652105,1.5653838050197348,0.15263972386173735,44.704799903084705,Moderate
2026-01-01 03:45:00,Thermal,0.6834411663374986,116.14105574765753,26.87810607713302,4.614728952364007,3.43422969144617,0.24151152549111798,56.61353956879377,Moderate
2026-01-01 03:46:00,Normal,0.1941422832213942,144.70844353028798,34.40717548728328,7.3121962023587646,2.344477476725053,0.2528615721033664,64.43634454701777,High
2026-01-01 03:47:00,Wind,1.180874572841903,164.56483868234815,24.32987765389081,6.204704092710425,5.121783667164124,0.25149255364041123,86.51275477184463,Critical
2026-01-01 03:48:00,Flood,1.0637333626093188,134.88576681550413,33.54475286478214,9.6019619055739,2.6338443715148196,0.28489957510831065,89.36991189103038,Critical
2026-01-01 03:49:00,Normal,0.2943837217380251,121.81432701477547,34.16683775040272,3.249052994379256,3.324984353654193,0.058892716694654484,50.50644302464762,Moderate
2026-01-01 03:50:00,Normal,0.30412916414212204,108.06453446480728,26.534743982990587,3.4237410183130033,2.0231663563098277,0.20565752485806366,37.862629911189856,Moderate
2026-01-01 03:51:00,Earthquake,1.7384111754690137,221.9561523593724,36.30481527030417,10.0893214070723,4.853846749251401,0.4223605659654728,100.0,Critical
2026-01-01 03:52:00,Thermal,0.8272352354801237,155.67398787540097,32.34517943373045,6.139041702435019,2.6632419001428653,0.3236429038533774,70.08067346767554,High
2026-01-01 03:53:00,Flood,0.9499152428711537,167.54558552291093,23.613637794297162,9.226437174520573,2.6786322416574206,0.20037950946628907,82.79276039926144,Critical
2026-01-01 03:54:00,Thermal,0.7504285613588791,75.32706304917757,28.129217028053954,8.705936679046978,1.459085116243257,0.24464899353820663,61.64488947654484,High
2026-01-01 03:55:00,Fatigue,1.0015832820399793,151.3302830292797,33.66381153053326,7.1432225561510645,4.477399880359203,0.19772237116334504,86.59895953965366,Critical
2026-01-01 03:56:00,Earthquake,1.6949288916321386,233.68027397647583,32.615323509383245,13.127196792687757,7.340886400421964,0.38431146510753605,100.0,Critical
2026-01-01 03:57:00,Corrosion,0.9401367591086408,177.3532267509171,22.709797993103546,10.965363292911267,1.702384651164185,0.386543046035298,90.02637501536631,Critical
2026-01-01 03:58:00,Normal,0.305088936078311,73.82276035199243,27.303713439047513,0.012114329152781877,1.0495720840696416,0.15433977952208136,16.287417426007238,Low
2026-01-01 03:59:00,Normal,0.3281332295982504,112.16435418291015,29.01761491388256,4.981193079224422,2.7515831891453333,0.07072641406040772,44.9163500515377,Moderate
2026-01-01 04:00:00,Fatigue,1.0781450452819437,122.96201335203196,25.461977054621954,6.64764816379348,3.754363091328577,0.24560965880201469,76.47935491642073,High
2026-01-01 04:01:00,Fatigue,1.1371446159092118,195.77753900907175,39.7889986168736,6.341947483650406,4.634419242275149,0.17112385332662308,99.19071152813288,Critical
2026-01-01 04:02:00,Normal,0.1090968476285964,126.10695705689771,29.16831871702663,5.783034538994302,1.8982794768511633,0.07633816969542244,40.567928513142775,Moderate
2026-01-01 04:03:00,Wind,1.2540470014436285,138.2051110067141,27.690939045484754,8.464245593997322,3.4593725007336222,0.369678955799632,83.48672601718744,Critical
2026-01-01 04:04:00,Flood,1.0341695864004024,151.6539485885197,33.95425522129045,5.5495906212946995,3.4541578893268685,0.1762973410110317,75.89583814239322,High
2026-01-01 04:05:00,Fatigue,1.1251687680119333,87.8158617732879,26.173932325805826,13.472849576209963,2.182089422255963,0.3249862872283902,96.13745727075303,Critical
2026-01-01 04:06:00,Flood,1.050401863923889,123.67596741358558,33.037138053086615,11.960268542995486,2.5365156543515353,0.2940594140706059,97.02439896725829,Critical
2026-01-01 04:07:00,Earthquake,1.711035587637049,182.51109314565775,19.661338022085076,9.196917869077506,6.308279374218701,0.36147774007253325,100.0,Critical
2026-01-01 04:08:00,Earthquake,1.6701568179687163,202.74188421133306,25.73172976877217,8.976715615993795,6.551899844178845,0.4221879984046221,100.0,Critical
2026-01-01 04:09:00,Earthquake,1.733035666705363,133.06714698506647,33.24535209188623,15.180371213956043,6.766166055092317,0.32898707925221954,100.0,Critical
2026-01-01 04:10:00,Flood,1.065193382501833,141.27111730743928,35.850988602948355,8.345378500887591,4.120869346448033,0.3592675520661637,97.87101487544508,Critical
2026-01-01 04:11:00,Fatigue,1.1302073132140316,178.24214346297055,24.133521434970035,14.001723933064872,2.05606887428627,0.2441327761142135,100.0,Critical
2026-01-01 04:12:00,Earthquake,1.680564617809451,145.31366689066817,23.550891818906756,15.249009195623028,4.7249934708128585,0.37309064891144905,100.0,Critical
2026-01-01 04:13:00,Normal,0.17151205060254282,125.72957086960433,30.837232151852294,5.898396571561994,3.324655676548632,0.13957191956823142,53.753972711422534,Moderate
2026-01-01 04:14:00,Normal,0.19214114512473285,121.64936257765008,24.884830525411438,1.9344119245236886,3.6230542386835536,0.23515788515262126,41.96432891207972,Moderate
2026-01-01 04:15:00,Corrosion,0.8264155951786548,187.05950800891503,26.65711041122303,9.774320884593415,4.6826477430072435,0.31155551308071194,89.04685252379288,Critical
2026-01-01 04:16:00,Fatigue,0.9660359335317878,147.24659517220906,32.38202512368579,5.672708135748599,3.5637475352302004,0.12,71.47270598318893,High
2026-01-01 04:17:00,Normal,0.1362358587087894,115.70998504062324,25.27948909192994,8.915733600230206,0.6934241334254347,0.2003394349022543,52.71221189991813,Moderate
2026-01-01 04:18:00,Normal,0.18425317628739568,141.3739938291172,18.17287124232157,6.266415767054726,1.9593684100415183,0.04043257345395351,61.10583801805175,High
2026-01-01 04:19:00,Flood,1.0269003068980005,117.64128329876638,21.494577821970594,6.7255082697272215,3.6948070182302626,0.2646942630248669,83.75315788410842,Critical
2026-01-01 04:20:00,Normal,0.15555245281972074,114.47791983622854,28.049777928601404,7.414032284396944,3.5655648200914527,0.171346078260264,55.528285211739686,Moderate
2026-01-01 04:21:00,Fatigue,1.0657357192022587,141.60687472898724,18.68288425763558,16.224574667409005,4.027791300122211,0.27183534163745304,100.0,Critical
2026-01-01 04:22:00,Normal,0.3346842252913452,116.5272046823725,26.514197913513396,4.347148700571648,2.0166811788807713,0.22006553776791332,42.52659028901301,Moderate
2026-01-01 04:23:00,Normal,0.14585762100691918,141.21016122407096,21.03951741878004,6.651239569073878,2.0734951481434587,0.23760612528636257,60.33752951476507,High
2026-01-01 04:24:00,Thermal,0.7834843393271569,155.85403712705434,38.19969503432799,6.704512040926995,3.5998588297626863,0.19812273657445673,85.69103241569341,Critical
2026-01-01 04:25:00,Normal,0.33198053870006183,101.2829422867831,38.82571297382836,5.256056652855036,2.626440086061568,0.11521623980021432,65.68048796355177,High
2026-01-01 04:26:00,Normal,0.21653852877089524,123.41748008318031,22.709014488289657,0.4782963199056578,1.275462565982004,0.17712243570779862,28.17988113506707,Low
2026-01-01 04:27:00,Normal,0.20410642473132648,157.2610403525131,29.28379340018959,4.998411459482405,0.9423796053744313,0.056501433554707506,34.79477084067481,Moderate
2026-01-01 04:28:00,Normal,0.34307966514451793,99.21585753006737,23.197981340015737,5.130731989491834,3.3705585214046985,0.14184176198498571,57.49422900883163,Moderate
2026-01-01 04:29:00,Normal,0.22550383368227617,123.62916950992532,26.453421989727445,10.396993330534244,0.3589587055643164,0.2878462266709886,57.94154900804109,Moderate
2026-01-01 04:30:00,Normal,0.33835960201644544,115.17098307653428,37.01734663977903,0.38500933811004856,3.6377474592047725,0.05949595478314275,46.99794564579231,Moderate
2026-01-01 04:31:00,Normal,0.2843172312901759,118.42487460408057,25.666557261367572,4.157349622676662,0.08932130274630024,0.15279061125492735,31.742479390388315,Moderate
2026-01-01 04:32:00,Normal,0.22257242776721306,79.23355944376499,26.56981268881443,8.864351653493106,1.415458867168979,0.13261593496559065,53.21467017136669,Moderate
2026-01-01 04:33:00,Flood,1.0583752424478026,186.06907135780511,23.287353663861516,8.474685512603731,4.651853970583447,0.4524214305110207,97.12688797330843,Critical
2026-01-01 04:34:00,Flood,1.045635961107683,131.4412024777954,33.73094688832432,8.685975401045006,3.6803418890782735,0.2489711034664277,90.27637363315434,Critical
2026-01-01 04:35:00,Earthquake,1.8716706256801978,207.2517992538383,11.683666487379867,10.900222925353475,4.043523196238159,0.36561512917132033,100.0,Critical
2026-01-01 04:36:00,Normal,0.2061323569707985,104.46558479881222,25.786013392341896,2.202183859211727,2.426428154125996,0.09753880577586155,32.7153108786116,Moderate
2026-01-01 04:37:00,Wind,1.1882964853425295,141.762383702606,27.770569529322707,5.577561297499456,4.107004341800481,0.31674574428538005,72.94661088030409,High
2026-01-01 04:38:00,Fatigue,1.070078745631629,183.32808126163667,24.694613350745428,7.612354257067537,3.583951711558022,0.32161336440189503,83.3303123278823,Critical
2026-01-01 04:39:00,Fatigue,1.1313318513311827,177.84711508694812,32.31772753865584,6.53193483466363,3.176077709217092,0.22913441219043246,78.33322377700578,High
2026-01-01 04:40:00,Normal,0.16798566444446594,125.21664747409957,34.01013641985237,5.35411650097122,1.9653940004693997,0.2590978240577572,53.205111293510434,Moderate
2026-01-01 04:41:00,Normal,0.3313581638590285,139.028763745158,20.939802435602424,2.6369953927288052,1.4180783880476446,0.2016850867430807,43.856064898199406,Moderate
2026-01-01 04:42:00,Normal,0.2873063017736333,112.78618049359,38.46743326885402,3.56122704485448,4.434532668849158,0.24815194150121453,69.02083768920363,High
2026-01-01 04:43:00,Normal,0.1446459941093643,119.79080930702776,20.883705878232423,3.6433838208270197,1.7599828481832271,0.15374915777280646,45.133385069164945,Moderate
2026-01-01 04:44:00,Wind,1.28166102603844,140.85939018840452,34.44315340837921,9.955504453128883,3.6662430461808895,0.3354547464713067,100.0,Critical
2026-01-01 04:45:00,Earthquake,1.9687274464638185,204.20162373250648,28.749138492678473,11.814433230785475,4.818363854512211,0.38695228041007346,100.0,Critical
2026-01-01 04:46:00,Normal,0.33014671756395264,102.66466672081619,25.481494514430928,1.8146417301886038,3.7769508428381933,0.29661452395929194,44.30999845447662,Moderate
2026-01-01 04:47:00,Earthquake,1.9041587813781176,218.7289086234463,25.953165351620818,13.657299331843515,3.7209331221044333,0.4133011309896849,100.0,Critical
2026-01-01 04:48:00,Wind,1.1918297105282072,149.50414579200438,27.83243604669843,13.302449648793834,4.399432421899418,0.3167003158651999,100.0,Critical
2026-01-01 04:49:00,Normal,0.11707960642091919,120.51271410040836,29.04208930931891,5.385398587372324,1.7607100281235954,0.14334064007832686,39.28611639953887,Moderate
2026-01-01 04:50:00,Fatigue,0.9274703639065981,171.96820051635837,23.399228243142375,7.670538685284134,2.3765998953579874,0.2587229095622269,76.21360426337502,High
2026-01-01 04:51:00,Normal,0.27040656350942066,120.59661052973955,26.830300211608048,4.630560784719125,1.1809236721368839,0.19901776598590615,37.38663799679602,Moderate
2026-01-01 04:52:00,Thermal,0.7526416953816016,134.55229214286726,26.146635885362027,4.151898311069616,3.516953993905833,0.32556699674981715,59.728789160020725,Moderate
2026-01-01 04:53:00,Normal,0.1768338977338119,119.24941380478822,21.924752364630635,4.581791751383406,1.1356067803439123,0.12523535216719295,43.739432124696194,Moderate
2026-01-01 04:54:00,Fatigue,1.0699802652825061,175.3454588389396,23.913441487710514,8.29893689272858,4.059563928220043,0.3101263421740903,89.66482142991316,Critical
2026-01-01 04:55:00,Thermal,0.8492468230289031,125.42869444658237,24.250126836522803,5.199618925980463,4.929153228686352,0.2747335592815292,75.43335155593427,High
2026-01-01 04:56:00,Thermal,0.6837793962590283,138.8440748181684,27.899225436247406,5.743704943004096,3.370600677217335,0.2886690813100488,60.03263822857867,High
2026-01-01 04:57:00,Fatigue,1.0390897903775693,153.25716818343687,30.162374527342077,8.26929649538106,2.3464875214755043,0.1634002878511425,73.5378230790046,High
2026-01-01 04:58:00,Corrosion,0.9757896546496253,165.8146298881914,28.603551770889812,11.277374828019473,2.47320373815311,0.19402138402312097,82.72388357871995,Critical
2026-01-01 04:59:00,Flood,0.9339769295822901,148.30386565321407,37.871723883303254,12.476181250340277,3.3945942612547375,0.18273243839024794,100.0,Critical
2026-01-01 05:00:00,Corrosion,0.9245808949731966,189.40747736234306,16.947734931400415,5.515624515326568,2.9677648810053414,0.27063075413213966,83.92899687995038,Critical
2026-01-01 05:01:00,Normal,0.2112215390760805,116.08653555712262,30.346704831070944,3.4457678802698193,2.1520138451159183,0.1079221304087751,37.07069409955636,Moderate
2026-01-01 05:02:00,Wind,1.2286635007879962,151.457909039868,28.03210119262176,8.622230128134266,4.352442942078067,0.27630071052586014,86.13093577453796,Critical
2026-01-01 05:03:00,Wind,1.2727862005762294,153.1241969595567,32.07835171185984,12.528636546650374,5.770527955118859,0.2204575580871323,100.0,Critical
2026-01-01 05:04:00,Fatigue,1.1343025413588017,120.08396428354975,31.582326021552042,9.93651965789485,3.7962803349121064,0.2677410770265758,93.2904288372847,Critical
2026-01-01 05:05:00,Earthquake,1.8627327681771102,155.68182883103287,27.175041249324114,13.678369587923124,4.20780555312409,0.31407171190249844,100.0,Critical
2026-01-01 05:06:00,Earthquake,1.6978725173273634,168.33332775652266,28.86325642428378,15.008787840263567,6.513806130248566,0.464632675362636,100.0,Critical
2026-01-01 05:07:00,Flood,1.109092776539304,179.19574622125322,24.279653935407577,7.410759774767205,4.943024576781023,0.3303382375836462,90.93413579835445,Critical
2026-01-01 05:08:00,Normal,0.1817845508292144,119.17184851594975,31.06839989677227,9.091659723062172,2.232443094005969,0.19201834251794822,62.539199509359094,High
2026-01-01 05:09:00,Normal,0.2707633412457231,107.88389525960733,18.605619739386494,4.994766027739395,1.7536056047910382,0.15584464562555453,57.15670653449571,Moderate
2026-01-01 05:10:00,Wind,1.2056596949597782,188.0633686401649,31.884132193246586,7.5322626614242605,4.6625464025490615,0.152985058695782,89.05079324625858,Critical
2026-01-01 05:11:00,Earthquake,1.8288098047095664,220.37942832230652,27.88413277881945,12.711079268606479,5.14892018632047,0.36734346996041234,100.0,Critical
2026-01-01 05:12:00,Normal,0.27695653408481524,151.384561522694,25.564689810844555,8.695784972623617,0.055708928777484346,0.11908347650501006,49.78594721071813,Moderate
2026-01-01 05:13:00,Earthquake,1.7224952017180222,160.27275006912106,26.83733400276637,12.124573592048682,5.923474282972467,0.4237819373812417,100.0,Critical
2026-01-01 05:14:00,Earthquake,1.6820106070163428,169.21878449515862,27.204018827058096,16.248673397134493,6.252251476974578,0.4535765735043497,100.0,Critical
2026-01-01 05:15:00,Normal,0.3197878943969415,165.34340175786798,34.48651880240251,3.1239626216854353,3.4410872303793294,0.2059706129994469,55.11415860822002,Moderate
2026-01-01 05:16:00,Earthquake,1.8048667662015132,187.62849230000054,44.16746831624256,11.10300890966808,4.629241557047435,0.5050430647301271,100.0,Critical
2026-01-01 05:17:00,Flood,1.1119501472766253,144.10932337759803,34.09935412075191,11.178792231782875,3.906165315861273,0.2465348612491928,100.0,Critical
2026-01-01 05:18:00,Normal,0.24642136526497055,137.95869903327093,25.17337107055122,2.3780823180627775,2.2477995578529826,0.13121792949434852,35.6853488086802,Moderate
2026-01-01 05:19:00,Thermal,0.6875868511458432,167.1824766839528,33.1489091214264,10.467620750485086,3.285382559703814,0.3430302583122062,90.15560659386824,Critical
2026-01-01 05:20:00,Thermal,0.8772903744803285,127.7137607267934,33.366645830287425,9.054877997070047,3.314856038286215,0.2732973115630507,86.53650988214922,Critical
2026-01-01 05:21:00,Wind,1.1553703512271114,162.8859989654983,23.3741963877639,7.479218196597223,4.077136015376967,0.2962401007566227,88.6150962048321,Critical
2026-01-01 05:22:00,Normal,0.2773602765936817,143.16400173042646,21.696003513896592,4.785671768016998,2.2117494015828165,0.3277216915915826,56.27785451067133,Moderate
2026-01-01 05:23:00,Wind,1.1332032457216386,128.39282135100368,27.683595355416056,8.453677128321388,4.780681033995354,0.36221844379061463,87.57958416796882,Critical
2026-01-01 05:24:00,Fatigue,1.2065441368186953,153.3086364356535,32.03853801350717,10.546929670007179,5.020287524584315,0.28475646608527333,100.0,Critical
2026-01-01 05:25:00,Flood,0.9498748140653442,122.94025867373212,19.94095866199286,14.863394734866258,2.923667579306362,0.23712441490821598,100.0,Critical
2026-01-01 05:26:00,Fatigue,1.0480056196715062,128.41048757682972,24.39551066172797,8.387886191337733,3.6276986452118174,0.4061210137267095,87.38468484550489,Critical
2026-01-01 05:27:00,Wind,1.1935958962157853,143.3224980629924,30.863258544952032,11.70132882157552,3.6173918801123426,0.3325597616711735,100.0,Critical
2026-01-01 05:28:00,Flood,0.9326254138330434,162.72798844698679,28.2086180663529,9.273321925002547,3.1143276427999416,0.2939613535630742,78.08982765189157,High
2026-01-01 05:29:00,Normal,0.2764415622870076,111.94943428404663,35.08136810299498,5.07217310918954,0.38396858469397377,0.2341021141964072,47.5761475600323,Moderate
2026-01-01 05:30:00,Corrosion,0.9839528381973993,127.98954687578986,20.943162729618283,7.804384637805429,3.344222455852962,0.33840702854831795,88.15861481643708,Critical
2026-01-01 05:31:00,Normal,0.21076302714450318,121.28886408312398,39.76082466724728,2.4277476609453377,2.479320369545288,0.22398959875927174,55.63798864576653,Moderate
2026-01-01 05:32:00,Corrosion,0.8866114255225381,115.52593179333927,20.3100377821521,9.305419847847366,3.164900248101128,0.33871804605055555,92.5615023281867,Critical
2026-01-01 05:33:00,Fatigue,0.8550451691169156,163.72008044584774,17.854181405858697,8.633774750241834,3.7910421036029147,0.33610994871221456,98.16970027621413,Critical
2026-01-01 05:34:00,Normal,0.24688566396121275,148.28466904895774,27.705436102513467,2.285599748783822,2.4184369279091316,0.22439124667441812,32.975819863976604,Moderate
2026-01-01 05:35:00,Flood,0.9949566171259036,148.8198989752997,22.327705358769954,12.242519786744895,5.0911196951636315,0.23346897161252517,100.0,Critical
2026-01-01 05:36:00,Normal,0.18452019180716922,114.93377516749479,27.806221679775604,5.297028868107029,1.580235470476964,0.32482831052940475,40.713930460334964,Moderate
2026-01-01 05:37:00,Corrosion,0.9415160375702827,153.53600883038922,27.631365605226666,7.615703127970283,2.1483878856661107,0.16930586728074376,64.70046317602385,High
2026-01-01 05:38:00,Normal,0.22390050547009374,69.28826452921138,27.021128939462844,9.020169844238893,1.909559853006386,0.2047502091597979,56.549122387925664,Moderate
2026-01-01 05:39:00,Thermal,0.7858018010325131,155.4204364149467,25.787944839016106,3.5082446065989936,5.083561263369946,0.15305863534571137,63.57195077549057,High
2026-01-01 05:40:00,Normal,0.2198245700168743,197.54714509362157,30.163280762898456,8.818462411187266,0.839099441571612,0.17214970089312356,54.40729386646918,Moderate
2026-01-01 05:41:00,Thermal,0.6466547302587939,138.93309447213198,28.413314426164153,5.359436152591348,3.850135695580284,0.2142965089705532,59.51296994722174,Moderate
2026-01-01 05:42:00,Fatigue,0.9844410847938432,150.02187415709173,33.51832435377382,10.13459761824656,4.957913229285114,0.3108604697075187,100.0,Critical
2026-01-01 05:43:00,Flood,1.0968874788896175,169.39017500249207,27.098138737358468,7.435808737637866,2.04553421939426,0.3193406145086116,70.31575740401881,High
2026-01-01 05:44:00,Corrosion,0.6862039482496023,185.33331670494903,23.176762885667053,5.530996878642728,3.730222523608485,0.19149330376043264,69.55612459814894,High
2026-01-01 05:45:00,Fatigue,1.0136947720307437,177.37419611085338,19.561447240783075,13.441659577905304,4.403410637073095,0.29764684360387395,100.0,Critical
2026-01-01 05:46:00,Thermal,0.7680223954968189,88.10982803541124,29.139452842758143,13.568649702185855,2.932664798620146,0.3714939377965026,93.31409939127764,Critical
2026-01-01 05:47:00,Normal,0.38948974938332526,134.08497094156868,21.653977143186886,4.336323048046764,1.3535614389102828,0.07501879219988314,47.57982832581069,Moderate
2026-01-01 05:48:00,Flood,1.0814883012397094,215.09825363104187,21.25019072997611,10.206424106582883,3.08933764747602,0.22367569846703467,97.13672376383956,Critical
2026-01-01 05:49:00,Normal,0.20542635783575203,135.56102616898661,30.637286545734934,5.1709737549875,1.6714315041243786,0.2488603718332268,44.93288523712514,Moderate
2026-01-01 05:50:00,Flood,1.124361095769244,121.93495216820627,19.111649694183043,14.391520512058564,3.377903968312223,0.2982043850597136,100.0,Critical
2026-01-01 05:51:00,Normal,0.19075873435991042,127.04574061046534,35.06096689166456,1.3394513423606043,1.5092229572432325,0.19209239438596515,36.203997587401844,Moderate
2026-01-01 05:52:00,Wind,1.2657279842987204,125.38281871647334,28.7985819219777,11.23137032381066,3.6955247473175543,0.39778418789538617,97.20037871217626,Critical
2026-01-01 05:53:00,Wind,1.0762898203261588,188.2200922317215,27.780786844875195,7.918621057568199,5.230791823846628,0.2524745038561366,85.57258915520785,Critical
2026-01-01 05:54:00,Earthquake,1.8758606265431326,157.70293529930186,22.82617029724707,10.467892064413535,4.1455712210848645,0.3624531815921923,100.0,Critical
2026-01-01 05:55:00,Wind,1.1525093083623212,159.25609086730057,31.82186148171469,9.018409707712276,2.2909415767284096,0.2645886506826529,83.54644257634148,Critical
2026-01-01 05:56:00,Corrosion,0.7727196607246984,122.75549995020381,27.985475332013024,13.844146372731661,4.526785107234315,0.24014375621315498,98.48070086705721,Critical
2026-01-01 05:57:00,Fatigue,1.057628510953895,139.33879856130022,24.569516786295992,7.531852428798799,3.6079822406594175,0.4071617667958143,83.90261071949847,Critical
2026-01-01 05:58:00,Wind,1.2071875343776173,194.55376614651237,28.999123483257943,12.472296519693831,3.651767707517464,0.17991359235803903,98.61605965475758,Critical
2026-01-01 05:59:00,Flood,0.980420125557943,153.38642912234243,19.5860727228031,12.7960165911901,3.568782876267331,0.19646249512719413,100.0,Critical
2026-01-01 06:00:00,Thermal,0.8443162804796259,128.019938156857,21.823364342254308,7.961909592141432,3.4092767007791265,0.15074535461654565,81.46276150650725,Critical
2026-01-01 06:01:00,Normal,0.20336048930687461,91.36930072783193,22.399069573494607,5.361366855233875,1.4759487728816343,0.2921355160548774,50.59064764796697,Moderate
2026-01-01 06:02:00,Normal,0.29962979151450864,73.20746284001409,29.74763633804857,0.1488937196233353,2.505931127647303,0.13084800522401893,25.68683786524074,Low
2026-01-01 06:03:00,Normal,0.285377764962928,88.71798416193283,27.98370839096934,2.8515084104820603,1.0377374261911037,0.1538661083132001,26.130617424830177,Low
2026-01-01 06:04:00,Flood,1.0151261556233653,153.59898103610945,33.24489632777876,11.921022872989987,3.3781738221508135,0.16282926576632506,99.03273250193594,Critical
2026-01-01 06:05:00,Earthquake,1.754689415010724,206.10584421806658,23.400050739157116,13.582037291111202,3.5746962552847523,0.38300911710672647,100.0,Critical
2026-01-01 06:06:00,Corrosion,0.8671232636612214,130.19121268944497,30.873339202406708,9.402024324331046,4.4922371348637755,0.33732173766735735,89.8394132287809,Critical
2026-01-01 06:07:00,Flood,1.064020299442696,190.06359001797534,27.430647238023596,9.599472739049151,3.5039123034403703,0.31223656386183707,85.24992615715641,Critical
2026-01-01 06:08:00,Normal,0.41494393221852865,102.06248944429433,23.284774026295356,11.576011832889295,2.6701040917371586,0.17137087589610994,81.47581109371305,Critical
2026-01-01 06:09:00,Fatigue,1.1501536337438545,147.04970692800302,29.926538353564595,8.208440506434197,4.27657458426625,0.1748091579638607,84.56593662964016,Critical
2026-01-01 06:10:00,Corrosion,0.9330791959852673,117.2105819915687,27.669940708773836,13.11623012895893,3.869813780371322,0.24176383301536225,95.73107299800422,Critical
2026-01-01 06:11:00,Normal,0.4970809755888227,144.7690433641964,24.854404029273006,5.400509666620198,1.9922244714256536,0.19175318111407055,52.85921056627066,Moderate
2026-01-01 06:12:00,Earthquake,1.8312766781414276,234.0377653511142,28.209995435720458,18.482596923742392,5.7482273927391745,0.3246540114373356,100.0,Critical
2026-01-01 06:13:00,Normal,0.2887714809049362,75.95457597659505,27.35234807031304,1.325065732225549,1.0387155873880558,0.2323912926382305,22.537257016572102,Low
2026-01-01 06:14:00,Normal,0.3063212059457323,111.34594828413255,27.231559657412486,5.553956622892582,0.8288214437702675,0.2508054837316056,39.92932187890316,Moderate
2026-01-01 06:15:00,Normal,0.16928272179293974,151.6194961762509,25.937034250446004,3.8189396482295903,1.8988940664947451,0.13770810330767236,37.15114620748361,Moderate
2026-01-01 06:16:00,Thermal,0.7644878690864996,105.82636196435996,23.475257305531812,8.418417007550119,2.5202236196042342,0.31806657550173634,76.71512603510475,High
2026-01-01 06:17:00,Earthquake,1.7495064586646134,195.76709767427715,28.37382707947436,17.067128787998385,6.7854641732494265,0.39522083220127735,100.0,Critical
2026-01-01 06:18:00,Earthquake,1.841809118177565,212.13680500518925,23.986428131392927,14.536428816073835,5.73514442930711,0.495771038526305,100.0,Critical
2026-01-01 06:19:00,Corrosion,0.8410660350223043,146.15572035892092,22.89835566177966,11.961148070080814,2.603518609879461,0.4307320528046465,96.58864255350693,Critical
2026-01-01 06:20:00,Wind,1.1960578740379444,171.15657677350333,26.796500779486966,8.089336720178164,3.76845956149442,0.22850676144534027,82.329624949833,Critical
2026-01-01 06:21:00,Thermal,0.8869963696118772,186.02255965319017,33.67013272086089,5.531496627428852,3.3330065819880996,0.32155875228373326,75.23368312925611,High
2026-01-01 06:22:00,Corrosion,0.9240520590963313,192.91066385252867,28.928067538454904,8.348315219411798,3.251997043851083,0.3723971652930182,78.31785916216623,High
2026-01-01 06:23:00,Wind,1.1720623197567002,155.8508196741379,25.344288958212054,9.984043464826744,4.3117460329342645,0.23834557277185342,94.99898292720263,Critical
2026-01-01 06:24:00,Earthquake,1.7364003922497422,168.29055376751916,25.143269710660714,12.84242189352742,5.428654544462308,0.35799034654250717,100.0,Critical
2026-01-01 06:25:00,Thermal,0.8908219785322551,119.0004972231576,33.17906631094384,5.124104822987944,1.80934325152992,0.21308983214166372,61.91368971363643,High
2026-01-01 06:26:00,Corrosion,0.9169112944727893,168.6241037607178,16.0163211527638,11.895954769555665,1.4709045675039107,0.25737750091711026,100.0,Critical
2026-01-01 06:27:00,Thermal,0.6714994545363695,107.7056110552258,33.9868249459974,6.911488398099537,2.8263909551080086,0.23149075950235026,71.94408311162401,High
2026-01-01 06:28:00,Normal,0.22494768488733755,113.68564905021994,18.629921125348304,9.278234366638046,2.5604927050983575,0.16413723295559343,77.70542894542407,High
2026-01-01 06:29:00,Fatigue,1.088241236961341,155.56724427386166,20.9229604583851,9.538230095612175,3.437630965436421,0.36703906626225347,98.49041014781481,Critical
2026-01-01 06:30:00,Flood,1.0823063773696826,138.2249371820311,25.42867084368387,11.145286792442134,4.916564113405225,0.14033506224910747,98.80222083184168,Critical
2026-01-01 06:31:00,Normal,0.3228081195951817,126.9955066254781,38.85062071465423,6.673128928891048,1.9531133007011012,0.10208852626868992,68.09338239318643,High
2026-01-01 06:32:00,Wind,1.207712480094038,221.51283295731898,36.38709680007133,7.627175778947443,5.397196064251979,0.36959424609678937,100.0,Critical
2026-01-01 06:33:00,Flood,1.0668198025087086,147.76003524133642,31.53243877898568,10.301608764657466,4.831903439264305,0.33622209188966995,100.0,Critical
2026-01-01 06:34:00,Normal,0.2551309441902523,109.11485931431525,29.78271189147725,10.784998833401318,3.051286865174467,0.09531662447732875,70.23397714610623,High
2026-01-01 06:35:00,Earthquake,1.7360918649455552,206.9832956095463,18.688615159937626,14.15483675930107,4.156488365792999,0.44877615602429355,100.0,Critical
2026-01-01 06:36:00,Fatigue,1.0540988487166998,158.98959110363805,28.783790814403496,12.203830218679023,3.8171406679732014,0.40614935654558204,98.61488617797563,Critical
2026-01-01 06:37:00,Normal,0.25151929493120867,155.98339428028441,25.253892407200144,7.079815533776555,3.222773487482314,0.17607787884275922,60.42979498309404,High
2026-01-01 06:38:00,Earthquake,1.7872256599985128,185.71719049549296,23.91665333188639,14.32114897509496,5.632344724758038,0.32336311823488906,100.0,Critical
2026-01-01 06:39:00,Earthquake,1.6391541676445223,175.38941980072417,28.774015449873296,13.959436153174238,5.9143599049989675,0.4739963405051397,100.0,Critical
2026-01-01 06:40:00,Normal,0.2182013332056455,75.40687779763613,25.644449952766507,6.641946677363901,0.6121126948843785,0.31784363447766983,45.345583497001606,Moderate
2026-01-01 06:41:00,Thermal,0.8044964522471322,101.5066326547065,34.34649772984425,10.289847639426839,5.1187899306080675,0.18910877572483484,99.15834916171632,Critical
2026-01-01 06:42:00,Corrosion,0.832490400647544,98.30753273932244,18.320226161936663,4.2435078288467825,2.5286255974345835,0.2711401659160027,70.61159276613836,High
2026-01-01 06:43:00,Normal,0.23025409635907315,129.483479157106,28.37505711172991,5.741908667289365,0.005574858249803194,0.2672124507909616,35.03072365739483,Moderate
2026-01-01 06:44:00,Thermal,0.839039309664367,107.9437630033135,25.604513882429785,7.447766357758049,2.8488742621749332,0.2692286971970549,70.71822083461254,High
2026-01-01 06:45:00,Fatigue,0.9886834250361094,184.38943414798456,25.95182085542153,8.325419469044874,2.2474838515210664,0.16021629335935317,72.63466016872383,High
2026-01-01 06:46:00,Normal,0.1197566228839031,120.75616412139884,29.523132097396207,8.887893137085719,0.9148748552088333,0.21547341750286386,51.379962700326445,Moderate
2026-01-01 06:47:00,Fatigue,1.047146416733066,146.89532702245828,22.413460686949666,7.300561255808439,6.358511833104445,0.22169530909416807,97.65114976615112,Critical
2026-01-01 06:48:00,Normal,0.31112915244014316,98.90362311989155,28.821160696562323,0.8156928190699944,1.6199592224967803,0.0783421920804789,21.795638199417773,Low
2026-01-01 06:49:00,Thermal,0.9350042431589312,157.55646870675514,28.938308973953678,10.387148676157564,1.772212832020209,0.12178016072113639,74.14441251920147,High
2026-01-01 06:50:00,Flood,1.0825702591275792,130.6875545114397,24.697065674115557,4.938818430338332,3.7052978865661172,0.38723258345325445,73.69645895361371,High
2026-01-01 06:51:00,Flood,0.9025388992104922,126.16554989825298,25.6471375699454,4.98382923387569,2.782196254968025,0.2252230944786059,61.1227188550244,High
2026-01-01 06:52:00,Normal,0.2314106208498583,149.70874801513372,27.22724054406537,7.724803069969896,2.8645191996739303,0.20666689441982974,57.34747992924529,Moderate
2026-01-01 06:53:00,Fatigue,1.0955307504865224,161.86552901937557,24.16081743718394,9.976166751687465,2.9104552206139593,0.3463163544463522,91.00213564659228,Critical
2026-01-01 06:54:00,Normal,0.2642072893538874,114.1267642937932,28.035472376628057,6.418158882106328,2.270733710135159,0.192945519185216,47.38028114334936,Moderate
2026-01-01 06:55:00,Normal,0.29314436423542994,136.03582461834293,26.609116891669622,3.6727172756611335,0.8529409631275409,0.20372566239791773,33.12964545747342,Moderate
2026-01-01 06:56:00,Normal,0.17663608428313915,120.22329682776747,24.943587314665194,0.846781605172942,4.599028144790553,0.2104838469919597,41.627270621165735,Moderate
2026-01-01 06:57:00,Corrosion,0.8601954470040595,153.7753287612921,35.94921116951492,4.742638359146998,3.8236237200273147,0.2790478149316315,77.2614290083001,High
2026-01-01 06:58:00,Normal,0.28362582638209033,99.57880244061363,30.076199612808104,4.183433301706149,1.8544942025175326,0.11918723885471807,39.20165706322206,Moderate
2026-01-01 06:59:00,Thermal,0.8660536762642927,193.75996522276557,28.08643883688523,4.182791426245875,2.907041749368715,0.19205302702787286,53.9728521588663,Moderate
2026-01-01 07:00:00,Flood,0.9555425466709766,136.30950080809436,28.729302154123545,10.12115872113696,3.126400016750636,0.2836014764659259,82.33340270755805,Critical
2026-01-01 07:01:00,Normal,0.22238745062056817,158.90040817374944,22.86589931613246,3.612626185896743,1.2390865201924823,0.16990687615607866,40.835643941391595,Moderate
2026-01-01 07:02:00,Normal,0.03369458559413277,115.27827876738809,25.816141966107082,5.555108142095916,1.2116032738188136,0.21434557859412598,39.18589697846521,Moderate
2026-01-01 07:03:00,Normal,0.20028304259377805,140.17742789137407,26.399612747808764,5.465444384679293,3.6783288504619516,0.2681320053732128,54.40886086085997,Moderate
2026-01-01 07:04:00,Flood,0.9780468085623166,169.15558747565342,21.766030450450586,10.36039866327358,3.1273860422787614,0.3195124288455592,95.94733081149047,Critical
2026-01-01 07:05:00,Fatigue,0.9934332393466045,181.67129387875116,29.93677023997209,10.998447581866996,1.9294189066384209,0.2351293024706271,82.89863438313196,Critical
2026-01-01 07:06:00,Normal,0.26324897201861214,98.98440732089638,25.47193648693587,3.968298227662265,0.8340322791201056,0.005507534821550697,31.71881778727691,Moderate
2026-01-01 07:07:00,Fatigue,1.0705243654363785,179.89088503197155,26.222666662762983,10.05190779990149,4.727724619999138,0.2384850235296541,94.20112590603975,Critical
2026-01-01 07:08:00,Normal,0.06926288979379108,166.160996272786,25.156400704383223,5.708024385260524,1.7476759434086633,0.07244077107787794,42.799239677919154,Moderate
2026-01-01 07:09:00,Fatigue,1.0922406375441405,146.53267551895357,42.7954529532155,6.786670927280095,3.665918399863629,0.24157022381113608,100.0,Critical
2026-01-01 07:10:00,Thermal,0.7257340695368779,142.86765167855305,26.686924249129937,9.93957723757847,4.369814451419093,0.2793821591092169,84.89724255499313,Critical
2026-01-01 07:11:00,Corrosion,0.8938551167352413,131.11383393799616,17.656615230570864,8.749826588660754,2.542833410827697,0.2747512406270941,91.79520639104574,Critical
2026-01-01 07:12:00,Corrosion,0.7524519001817068,135.53909369537251,20.000340145205822,9.992146595730713,3.952417722130904,0.4166542093550568,99.21360836134417,Critical
2026-01-01 07:13:00,Fatigue,1.0774005230824752,195.78556997331225,31.796513113477175,5.639469213658212,3.1321168502124075,0.33864652416657487,74.82447444265176,High
2026-01-01 07:14:00,Normal,0.22734693368907952,94.8941368467449,34.68226345841565,4.05268047451282,2.5758766367523336,0.33273338266517616,54.24417215626225,Moderate
2026-01-01 07:15:00,Normal,0.27424815079602644,96.44702945373069,24.591014043135733,1.7254116303032587,1.6088647492303414,0.23721115231919412,32.7062561673344,Moderate
2026-01-01 07:16:00,Normal,0.25997578221210776,160.27252341035944,34.394748348177316,7.233804128638626,1.7584508251443096,0.2668565394644028,62.88485454819434,High
2026-01-01 07:17:00,Wind,1.1645868659982836,173.01371064720905,31.707949999212723,5.884650373794518,4.860133657511277,0.28728781827032335,84.50316088964459,Critical
2026-01-01 07:18:00,Corrosion,0.7320982148764605,197.20925622606313,27.052599345069556,5.514035654233037,4.0680248076825,0.18203925733365667,64.29530907705677,High
2026-01-01 07:19:00,Flood,0.9018233629231175,139.53903405435366,26.697768581147322,10.802942384815942,3.514572014595415,0.2560832087359296,86.7431133527874,Critical
2026-01-01 07:20:00,Fatigue,1.0282890448726225,156.15702843093925,28.904351132078265,7.611876403168257,3.3283763300052143,0.2990504375457601,75.60102672214342,High
2026-01-01 07:21:00,Normal,0.24933760928563303,103.48307640570489,32.387279110768205,2.214828029632824,3.599147584481654,0.1297472892795983,44.315831811952826,Moderate
2026-01-01 07:22:00,Corrosion,0.8063401642240707,147.78252921619242,29.98647282797511,11.020158288620548,3.909330811497969,0.1879086060423319,88.15679625860898,Critical
2026-01-01 07:23:00,Normal,0.30001695444635723,75.64758256789241,24.61595849100652,7.843135269775604,1.608858191342115,0.21334701539366074,56.78712299714234,Moderate
2026-01-01 07:24:00,Normal,0.2276623264630653,137.1238639163752,27.128964764868446,7.166213577622996,1.346915636710245,0.0995682267042198,45.49988247181219,Moderate
2026-01-01 07:25:00,Corrosion,0.7777989820176392,152.28685208730843,37.906317273609616,10.84612902182088,4.344897506942139,0.14532064415051754,100.0,Critical
2026-01-01 07:26:00,Thermal,0.7777522965609673,140.56113343835204,31.25606898648096,7.305262163185831,3.3154000860531596,0.17023311088819232,71.90402479194626,High
2026-01-01 07:27:00,Flood,1.0380687869053242,141.04089188500836,32.346627134413076,8.586221076090153,3.516447004873914,0.2732515609389401,86.76287591268324,Critical
2026-01-01 07:28:00,Normal,0.27599077750596673,97.63115031579751,30.69942493624616,3.055756164399192,2.1149751755625936,0.10072647137883814,36.7350215935129,Moderate
2026-01-01 07:29:00,Flood,1.1702703305594504,168.992822800819,29.366788719988513,9.70318750314793,4.017796874636991,0.27375280773451915,90.6695991254599,Critical
2026-01-01 07:30:00,Normal,0.19648725279972645,90.72275035741484,28.543494500075344,3.416305018022456,1.9433108525692284,0.2280355444223368,33.74318319151726,Moderate
2026-01-01 07:31:00,Fatigue,1.069121707072768,165.79739780123109,32.4869531266249,8.200801382219069,5.003686866842994,0.34595544374906806,95.25128799155625,Critical
2026-01-01 07:32:00,Corrosion,0.8890899157455542,196.06128487023642,31.593211176553417,10.0997013019487,4.579338476211987,0.21513392727285513,93.88705224395719,Critical
2026-01-01 07:33:00,Normal,0.24812616326393477,157.13803721610745,29.319467390057742,8.55361773654314,2.5318881192017995,0.07568467303688403,58.16992604560172,Moderate
2026-01-01 07:34:00,Normal,0.20995054832090776,82.37180143323367,24.53118737226056,6.194780762810285,3.3747189904956274,0.1339501227880634,56.26324776495784,Moderate
2026-01-01 07:35:00,Normal,0.1260594258924605,106.58154849141744,29.927794027742358,10.382947595727703,2.008496768138222,0.23245158478268402,63.80152834408476,High
2026-01-01 07:36:00,Thermal,0.7591332352757588,152.53626851388344,29.66496031765958,5.883453283901756,3.890331005004615,0.3311356983235655,68.68588243398699,High
2026-01-01 07:37:00,Earthquake,1.704103806982576,179.84295194964125,26.458720443274622,8.913923917627773,6.364456318871941,0.4322311936826682,100.0,Critical
2026-01-01 07:38:00,Corrosion,0.7168714655100978,109.21485704293947,41.39387987483034,10.443883668768663,4.33903828001661,0.36411488407963366,100.0,Critical
2026-01-01 07:39:00,Flood,0.9563456926663532,160.43289878683726,20.304743461460863,6.884499342059805,4.595999147738344,0.4303361695695498,93.75657188241854,Critical
2026-01-01 07:40:00,Wind,1.1012326623386837,157.14957762209252,32.79256429528741,9.27892327467391,4.671189194081684,0.27734176574963776,97.69979976246633,Critical
2026-01-01 07:41:00,Normal,0.29670292362343587,167.85813521509453,23.686645278730847,0.30938953036337136,3.9571281156380858,0.2989250603189192,43.39265828701631,Moderate
2026-01-01 07:42:00,Thermal,0.8480873469931436,135.66928243456383,30.65597744671698,5.302369257962521,2.660304214734509,0.2391560383366605,61.83538101871521,High
2026-01-01 07:43:00,Normal,0.17768965683353,149.20008463316478,40.84293759545093,0.49331775026229163,1.8447792124397893,0.2615878957808051,47.47563972460496,Moderate
2026-01-01 07:44:00,Wind,1.1641817095549505,125.7227899217506,23.188155025879684,8.797090209739089,3.825489523349866,0.37268579749382097,93.86612374941572,Critical
2026-01-01 07:45:00,Corrosion,0.7063405870309972,118.4997675525873,24.38063672586368,7.1163455183511495,2.9519328552361905,0.10983532645979004,67.28793515663892,High
2026-01-01 07:46:00,Flood,0.9804528039853845,168.84154899523725,27.912431314242,9.469881234644626,1.6912279565850636,0.21470182920585676,71.06273337237644,High
2026-01-01 07:47:00,Thermal,0.8319185520561877,169.09326951518437,25.76391521184319,11.719168893065525,4.5748648057082475,0.16229696669517135,95.16272736591475,Critical
2026-01-01 07:48:00,Normal,0.3159950311691282,96.06518184814018,32.420281754701506,7.030718794693456,0.9739595409537225,0.03743623746992897,49.924172501715006,Moderate
2026-01-01 07:49:00,Wind,1.1279562334646949,158.0019351620978,25.327352819683526,5.233491091368557,4.209814908746097,0.3863451986716525,77.42979388120968,High
2026-01-01 07:50:00,Earthquake,1.8741483888422015,147.06052066177304,31.270048200746686,15.224046306838568,3.9381388223251133,0.5695017484096052,100.0,Critical
2026-01-01 07:51:00,Wind,1.0637446462789224,152.869504342363,21.354054340999653,10.435264092324378,4.660715730719739,0.29538619962407575,100.0,Critical
2026-01-01 07:52:00,Normal,0.1501897760684966,140.92306964060316,18.965842489228873,4.706520703891706,1.214603964059802,0.24833253322931031,52.67743447829947,Moderate
2026-01-01 07:53:00,Normal,0.3067729492510301,109.12603752159637,26.855075105234754,4.931901410188322,0.8640380758909423,0.29877002541525954,39.20168802912044,Moderate
2026-01-01 07:54:00,Normal,0.3836896982850598,113.77413235140493,20.157460809812026,5.613657284258765,2.1943434644817064,0.19666653601462078,61.605771439539076,High
2026-01-01 07:55:00,Normal,0.28947455905469566,91.7551150425987,35.59134456382725,2.924339626959304,1.2992654195173712,0.17797495480679681,43.44205805335221,Moderate
2026-01-01 07:56:00,Earthquake,1.786772609077279,165.39103965937684,20.35098254752501,12.852947427426075,4.785840903913627,0.3843449657806326,100.0,Critical
2026-01-01 07:57:00,Flood,0.8443853002782233,194.75277290535848,22.81156656164651,12.7518173716755,3.8517896151996203,0.3350047105763979,100.0,Critical
2026-01-01 07:58:00,Flood,0.8582042355165217,152.62312229292831,30.06809942737305,7.088282646723399,4.479989453634417,0.36197552400260646,79.5997285824288,High
2026-01-01 07:59:00,Earthquake,1.8003527629516696,156.54230583373504,25.06818024968997,10.310336071474712,4.541599512128288,0.44094439248313444,100.0,Critical
2026-01-01 08:00:00,Earthquake,1.761354986434306,173.7307012520502,20.40806015066198,13.214877956378446,4.3688075260085,0.4381970460653493,100.0,Critical
2026-01-01 08:01:00,Normal,0.16153318542783057,80.06430947083595,38.1998208003598,1.608300629730957,2.023483666682275,0.1759037679033636,44.465285183491346,Moderate
2026-01-01 08:02:00,Wind,1.1902426064664042,132.04600769649468,22.99183098420213,5.268349364363015,4.579252580258082,0.18856363799417789,81.18133892916559,Critical
2026-01-01 08:03:00,Normal,0.2592105094006248,154.00849347616133,27.018710962517254,3.966598468775551,3.4627551918606247,0.25181731110052774,47.11340156096247,Moderate
2026-01-01 08:04:00,Normal,0.32555326948322183,116.43793939033488,26.954037399469847,9.34586565369177,0.9286704017062986,0.07722999043081216,53.46472141183752,Moderate
2026-01-01 08:05:00,Earthquake,1.8009281826410162,228.86825440253014,31.55154575983289,13.28418771236932,5.0420328987296195,0.4535508513668657,100.0,Critical
2026-01-01 08:06:00,Wind,1.2832715494667508,155.0163040375986,30.311762303355295,10.63573128334464,5.215786025075254,0.37645893199943636,100.0,Critical
2026-01-01 08:07:00,Normal,0.2506395223639051,119.1005325952126,23.865994811344972,1.3904450744533765,3.973094536138719,0.08876543164074188,41.948362114614625,Moderate
2026-01-01 08:08:00,Wind,1.1757732004154131,173.4223539635531,26.370863912783467,11.41437647732284,3.046909000691246,0.26737593675158766,93.24860992753062,Critical
2026-01-01 08:09:00,Wind,1.2701449748997746,90.58531044451496,26.86538783229092,10.380097583929375,3.30118808019335,0.48571796411117957,93.53162356230085,Critical
2026-01-01 08:10:00,Corrosion,0.7767247295966853,149.32348309133937,31.74479749099281,6.305255515881937,3.70110009460986,0.26164142097044946,72.5945309244152,High
2026-01-01 08:11:00,Flood,1.245155796261293,149.5753377984762,22.158390425706994,9.740151414207121,3.1022568578069123,0.1943829059652385,94.75916181489919,Critical
2026-01-01 08:12:00,Flood,1.0500205982533388,187.95097233787868,38.09055278377891,9.71036485147388,2.9207682454900477,0.3560703391770432,100.0,Critical
2026-01-01 08:13:00,Normal,0.28046634022701383,144.11698485409045,24.20408306270278,1.8215362149261933,2.2444706063689073,0.1181859835541455,35.87017932157825,Moderate
2026-01-01 08:14:00,Corrosion,0.8970076779178079,115.85770786132998,27.956253016217033,9.29556118033973,4.8694199537397775,0.11435807820367234,81.90686080931432,Critical
2026-01-01 08:15:00,Wind,1.3351709180265314,188.4534654656895,22.200052801533793,13.691406267581463,2.730517704900614,0.35758156384371736,100.0,Critical
2026-01-01 08:16:00,Earthquake,1.8534005929338084,175.04213686047513,21.509204941796916,12.716175573579449,6.858334107779513,0.3306705747373497,100.0,Critical
2026-01-01 08:17:00,Flood,0.8915955216796861,128.18866934259887,23.62785795461188,6.597217392688676,3.105230781417112,0.31769506737779507,74.73393421981794,High
2026-01-01 08:18:00,Earthquake,1.9022776307814004,186.52758127178004,23.147383911678723,12.867259790594813,5.705791921258198,0.33898479695181083,100.0,Critical
2026-01-01 08:19:00,Wind,1.1577282736443988,152.33076610840453,25.928714879225847,12.663839585193285,5.630850721101861,0.37257633554157477,100.0,Critical
2026-01-01 08:20:00,Corrosion,0.8635724058271459,182.6616328507131,23.105174856181296,4.621043482108184,3.6453235923021117,0.28267986596847483,70.42089246121469,High
2026-01-01 08:21:00,Fatigue,0.9726596822259788,161.51555071228026,31.477762106471047,11.235674776352543,3.5025089518008117,0.12,91.98592227024498,Critical
2026-01-01 08:22:00,Thermal,0.8420961614499117,147.14147302215014,26.085080523408124,5.965956624438558,3.918175622694739,0.290561003256367,70.32091904352339,High
2026-01-01 08:23:00,Wind,1.1328900567945959,179.916177071386,23.530922532740423,10.826189244139211,3.8668337976675593,0.29282149372556876,100.0,Critical
2026-01-01 08:24:00,Wind,1.193013571039478,184.7217904523178,26.035155679413656,8.407006174863309,4.561351049594615,0.42933741137526443,92.89177850020609,Critical
2026-01-01 08:25:00,Fatigue,1.0522720795711376,172.5901273574325,32.96419439348147,7.7989491347553175,3.5953190016221805,0.3316166279212681,87.1173993613922,Critical
2026-01-01 08:26:00,Normal,0.4040010241388682,155.48658682037384,29.074380868051996,9.569284748705144,2.8611528969890383,0.2404926275002412,69.13130950814046,High
2026-01-01 08:27:00,Fatigue,1.2335808240116473,168.2170603228447,27.50155235056265,5.272740228399525,2.4057683074497835,0.24315673591832598,63.72588091427243,High
2026-01-01 08:28:00,Wind,1.1887210536171793,161.59128661816754,20.834776150156607,11.556098532636632,3.026478375906324,0.25279457993456295,100.0,Critical
2026-01-01 08:29:00,Normal,0.25511821690950837,150.97930155220072,22.286457700681453,10.19397323276386,0.5910715751320539,0.17794805351515477,65.67115570093635,High
2026-01-01 08:30:00,Normal,0.22012456269203878,117.72759649794654,21.60795029980188,7.056565779418468,1.9435705708036604,0.15115070985649204,59.53026701492501,Moderate
2026-01-01 08:31:00,Fatigue,1.163480503320223,153.83116290861653,34.53425611836173,5.5067089428824545,2.2704617811902295,0.40704072417680653,77.48599994150605,High
2026-01-01 08:32:00,Normal,0.2236864103733298,163.03942293242287,30.652815615658238,1.1552584732537836,1.3081684249331809,0.16773447530213378,26.44779280393947,Low
2026-01-01 08:33:00,Normal,0.21629301802834405,160.54810319888077,23.691897455379028,2.745123870060796,0.8924913954311922,0.08201426000130171,32.318554408754565,Moderate
2026-01-01 08:34:00,Normal,0.3282874290931972,119.79560482691693,25.178141780871723,5.473723734559624,3.479676229538824,0.11379352690490714,55.050770619039554,Moderate
2026-01-01 08:35:00,Normal,0.20693607237466805,108.66121056735957,23.87354911881333,5.6778280822671565,1.009319647824161,0.2572040867691204,46.321236985363434,Moderate
2026-01-01 08:36:00,Normal,0.24697959724411755,156.57933750521246,23.570693918096456,1.1849103371009218,0.7134542970766578,0.16661941245896583,27.42873524734339,Low
2026-01-01 08:37:00,Corrosion,0.7284951374791206,164.21045894788034,30.301505156080903,5.6817276246591,3.568338533765769,0.2503430585640191,65.74648926946541,High
2026-01-01 08:38:00,Normal,0.3063352276098534,127.88953135493408,26.562318896078434,2.565552539059939,3.6868211545616605,0.2648150055374237,44.15439389793099,Moderate
2026-01-01 08:39:00,Fatigue,1.2302693551345496,144.95318224525138,38.405838721487314,8.957759575655322,3.683932920754315,0.22681894489075666,100.0,Critical
2026-01-01 08:40:00,Fatigue,1.1326980298239835,161.29241446786486,34.25179912258499,15.454086371873224,3.7612806935229357,0.12118589612581354,100.0,Critical
2026-01-01 08:41:00,Earthquake,1.9069439334037845,181.0572885028074,34.54740170233361,10.600438803129656,6.650757461078475,0.3357706682914686,100.0,Critical
2026-01-01 08:42:00,Normal,0.18231182910581353,103.3915455106751,31.35678487474063,2.0691265005926356,2.878229338216446,0.1993671270837073,38.11249147353756,Moderate
2026-01-01 08:43:00,Flood,1.038905942562256,154.02605821468086,25.886704647464054,5.800579114568467,4.105414984611892,0.2720390783729528,74.32546151110321,High
2026-01-01 08:44:00,Normal,0.17454720605044882,126.63560114099019,30.98895442264792,6.906633713726696,1.4176592715998066,0.055165630393245374,47.10701193472598,Moderate
2026-01-01 08:45:00,Earthquake,1.7717787563534926,172.21512332699422,26.25583652735671,13.275975210934693,5.815957906286613,0.485284762508124,100.0,Critical
2026-01-01 08:46:00,Thermal,0.8617769181882005,164.59564221523794,38.15138025364181,5.311320355490125,1.8392159046473129,0.27307975568675585,74.13426314210417,High
2026-01-01 08:47:00,Thermal,0.8081456490482639,174.22080980777474,32.0213969152496,6.911613248665004,2.5763244506074017,0.29112117557707934,71.49364649799236,High
2026-01-01 08:48:00,Corrosion,0.7419887181919024,168.44744234138534,29.311801793015075,5.925469097126896,4.75146265095525,0.3015688207826696,71.89888289300123,High
2026-01-01 08:49:00,Normal,0.14479767155697973,113.09379036965014,28.635363312147547,5.887673843567736,3.301992684741122,0.07611806033200838,47.343556822927134,Moderate
2026-01-01 08:50:00,Flood,0.9095068854807381,169.69553760470927,36.70133213680429,17.253129820389006,4.1174846993353755,0.31623031331435925,100.0,Critical
2026-01-01 08:51:00,Corrosion,0.8943162071951674,146.149034936501,20.831248330816074,9.95259321707671,1.3906462786233418,0.34059630265616053,85.96021540597233,Critical
2026-01-01 08:52:00,Earthquake,1.9551115628525335,150.7063505358512,37.19143913834363,13.121034454677908,4.15177847201685,0.4952248184296523,100.0,Critical
2026-01-01 08:53:00,Flood,1.1289966595200172,167.61823446244364,27.06923096272931,7.205073537536141,3.0005275713859314,0.3497010660010362,75.31815736131855,High
2026-01-01 08:54:00,Normal,0.09832118406831486,123.6532910239237,20.969255120921744,0.9697997543454511,1.8283009686612828,0.221050372687362,35.056640878877545,Moderate
2026-01-01 08:55:00,Normal,0.3636860750455827,184.8387000517327,24.23895134178472,7.201069194209106,0.749588849494037,0.04100629881836687,50.68587767121945,Moderate
2026-01-01 08:56:00,Wind,1.259912033361172,193.831771581964,19.745963686382087,12.13806253509896,3.793686276417768,0.3148052277778024,100.0,Critical
2026-01-01 08:57:00,Normal,0.12637600435769938,137.7787539233631,31.2682837279282,3.6016970099275816,3.7672952381553557,0.10347405204508428,46.39715027221415,Moderate
2026-01-01 08:58:00,Normal,0.2257438706631602,126.22926253220449,22.808535248267404,8.640001948827855,2.4008358768586726,0.28257343055570866,68.36895483058929,High
2026-01-01 08:59:00,Fatigue,1.1626417929196649,157.09305637645045,28.8433383310235,9.563320816655255,4.018826628961037,0.390430359390164,90.81706682982625,Critical
2026-01-01 09:00:00,Thermal,0.844034680874783,116.9077649091723,35.67108515082924,10.324282206185405,2.182444580981512,0.18395769514238453,88.15972456798178,Critical
2026-01-01 09:01:00,Wind,1.0802723958089613,113.92531932000225,24.639915357169315,10.988591006099034,2.4010152132874927,0.31232174530351875,89.79695966427965,Critical
2026-01-01 09:02:00,Fatigue,1.1238593724636956,131.18602227296088,26.65948153487804,8.968592360367085,2.5718035744569616,0.31988075548056855,79.7630949479071,High
2026-01-01 09:03:00,Thermal,0.628999952313553,140.80707454573923,23.48316695041992,5.1353461660775395,1.5206108519589898,0.3320633005991227,57.01177091751674,Moderate
2026-01-01 09:04:00,Normal,0.23217422593942308,67.3615180447754,26.058214455244013,4.563390222911986,2.075035262241509,0.045950540010603724,38.73106140427391,Moderate
2026-01-01 09:05:00,Earthquake,1.881036541552004,167.99195519318127,40.87011812636686,15.92615200668454,5.743885804407359,0.2272302148929894,100.0,Critical
2026-01-01 09:06:00,Earthquake,1.7914715372457057,175.40967417188935,31.88966582055221,11.875594664301717,4.394710047180653,0.4070518808672657,100.0,Critical
2026-01-01 09:07:00,Normal,0.2100849960030443,114.61433616286355,26.676347905531976,6.319224186809535,2.1479193399091474,0.0,44.50838561470626,Moderate
2026-01-01 09:08:00,Corrosion,0.9261477003017881,127.65691004529639,24.941559819091424,5.05179235392799,4.788993816232284,0.28068579278496514,74.28984611506742,High
2026-01-01 09:09:00,Earthquake,1.8679801452069267,173.062154640465,27.786833021717833,15.740175008391073,7.317697342347238,0.4513766218866193,100.0,Critical
2026-01-01 09:10:00,Earthquake,1.894803175429356,224.69734570309654,28.650253760968198,14.338824009469883,6.130410350749218,0.5028863926662218,100.0,Critical
2026-01-01 09:11:00,Normal,0.319947394275711,136.55363203726506,25.90465146427121,1.393667723490497,1.8251594960416566,0.13019453989952057,29.451685637452787,Low
2026-01-01 09:12:00,Normal,0.33650998351497174,105.99248057754626,30.650295978855645,4.327956429435163,2.7381042438762555,0.1928945316908125,47.74008481893317,Moderate
2026-01-01 09:13:00,Thermal,0.8586326845950027,140.2913052909509,25.232762549697956,10.794322727955109,4.551809983677962,0.31212078717282593,95.06962171787237,Critical
2026-01-01 09:14:00,Normal,0.27124229192931776,119.29216660869332,23.20806162507866,1.2229023780403274,0.007228137790558975,0.08594239932685138,23.08821039252431,Low
2026-01-01 09:15:00,Normal,0.2571607199811051,100.80111415649623,29.850977285251023,1.787149284125197,3.482069037796416,0.2532278238201279,39.262310739224034,Moderate
2026-01-01 09:16:00,Normal,0.23101922247220785,100.77174455640363,22.156791232178012,4.791509135640521,1.4554131794069374,0.201947386018212,47.73681033008357,Moderate
2026-01-01 09:17:00,Wind,1.088010536555222,182.66310050816784,31.6450862643127,16.499992191296585,3.50503704506251,0.26756429354353517,100.0,Critical
2026-01-01 09:18:00,Wind,1.1085750792944153,146.9053905620796,27.928596938015332,8.082265747881506,3.6850720274140825,0.3273104457780477,79.38746573398754,High
2026-01-01 09:19:00,Wind,1.1624388414451832,130.0325903242282,18.86045390641393,11.585821998756487,4.360084138775756,0.30485324118562085,100.0,Critical
2026-01-01 09:20:00,Normal,0.26931617276819436,118.92149139826394,28.547495627804732,5.780406222804054,0.8887457463012336,0.2424059160198292,40.011929321685024,Moderate
2026-01-01 09:21:00,Normal,0.36526500784034105,122.9502438282281,19.574266877055027,3.231440299203369,1.7151859653090484,0.1511631927882454,49.861969269471324,Moderate
2026-01-01 09:22:00,Fatigue,1.071656221769959,103.68239439515412,31.466810048278305,9.983400055354625,4.325277206497891,0.3181672394703088,95.37671175190216,Critical
2026-01-01 09:23:00,Flood,1.1002781032702131,149.7813410545702,26.75642835374702,7.856496013715134,3.898571249273993,0.24232547054773496,80.2689120614418,Critical
2026-01-01 09:24:00,Flood,1.1063452525145696,172.4994983587065,37.2554210825341,8.126585629650464,4.06081451436147,0.21697257290466138,98.24596908348028,Critical
2026-01-01 09:25:00,Flood,1.0014842561848967,162.08073463804584,33.35656422186304,4.2161842916806,3.3560312876187703,0.3057226233527879,70.80519910370548,High
2026-01-01 09:26:00,Corrosion,0.9025752169096148,199.9448778798743,22.696537468840877,8.226691295401036,4.013709952462658,0.19625858663851445,86.96025627193976,Critical
2026-01-01 09:27:00,Normal,0.23051775666201108,151.27773705780447,17.896300680792912,7.697280519867652,3.0564161220028554,0.24404642331590584,77.54375583454204,High
2026-01-01 09:28:00,Earthquake,1.8957708715262782,217.82335061877134,24.22449371604313,13.572277324339055,6.356439312162712,0.45137860257416984,100.0,Critical
2026-01-01 09:29:00,Wind,1.2358674670612746,227.40214839785816,21.893706985848144,13.371523282467288,4.4676102328431355,0.25479084349248904,100.0,Critical
2026-01-01 09:30:00,Normal,0.15476129962493157,138.95390654436494,37.12869043438547,6.740982337835051,2.938892608723679,0.19710243454985457,68.75049079667426,High
2026-01-01 09:31:00,Fatigue,1.0879219721723077,157.07675519831753,27.948426703599242,9.32137608100934,4.671060584114731,0.23842400797327867,87.44556307360278,Critical
2026-01-01 09:32:00,Wind,1.3168489729459103,181.7435073357833,32.66709402091583,8.216223340979543,6.716507906684146,0.1876549755358659,100.0,Critical
2026-01-01 09:33:00,Corrosion,0.840501517236264,130.21908916512515,26.57484543724707,6.841208853915788,4.538067070048709,0.22022198660423709,74.34244656551382,High
2026-01-01 09:34:00,Fatigue,1.1108172024076055,155.69215798737423,27.10166255859677,5.088468578188636,3.7112558633647184,0.29597465365818315,68.83154076534153,High
2026-01-01 09:35:00,Wind,1.2286703070191316,141.20680892304216,27.83686488745546,9.298763329705022,3.1283207126531307,0.3577126979930827,84.25954375800944,Critical
2026-01-01 09:36:00,Thermal,0.717070168066832,151.94961393907204,35.53269659296223,8.437996275692461,2.9388597452408893,0.2719583944376271,84.04928419088232,Critical
2026-01-01 09:37:00,Wind,1.225856635937081,141.1022727995045,29.558123778372995,15.2462632933977,3.708215144400021,0.38861396920225827,100.0,Critical
2026-01-01 09:38:00,Fatigue,0.96349318783723,135.82678750345707,22.713330782616673,11.08496096983663,4.3114225677258675,0.22150670628667407,100.0,Critical
2026-01-01 09:39:00,Normal,0.19995007148788832,130.3368323276376,36.11257069043209,2.405438059586069,1.2997437548107007,0.14986412896702722,40.98833098334791,Moderate
2026-01-01 09:40:00,Wind,1.2710578373995354,153.95721398048582,26.535922505068434,5.781895173443582,5.232177171520403,0.447549336141306,85.92278051662335,Critical
2026-01-01 09:41:00,Wind,1.2135405032246687,109.21197160708132,25.722399380616757,9.480343738386281,2.6504369941047043,0.161513595763934,82.44555043355744,Critical
2026-01-01 09:42:00,Normal,0.22564177538027785,83.61107696719776,13.852473488754825,7.4352933404832475,0.36747486368358384,0.14384365552592043,68.02933784456239,High
2026-01-01 09:43:00,Earthquake,1.825716881699615,152.91833771346342,31.171997955806685,12.738150989916836,5.224883992074651,0.3182804841789881,100.0,Critical
2026-01-01 09:44:00,Thermal,0.7951926201795896,119.92570234715063,30.505063198309415,9.625952525016785,2.357440950804488,0.2443681276596737,76.17189735406387,High
2026-01-01 09:45:00,Flood,1.0210062801881468,161.16058323696598,28.49962828300951,8.656623652243434,2.4217661460157034,0.25724420100511064,73.6439810648153,High
2026-01-01 09:46:00,Normal,0.302545482137611,125.4734711767909,25.98587664444591,7.1510013041467975,1.3629300449951574,0.22817243504720663,51.25834714318011,Moderate
2026-01-01 09:47:00,Normal,0.19181058074726945,146.63198429247998,25.123910799336088,0.20822593188301664,1.2385141709210772,0.20044165275276038,22.477568903730454,Low
2026-01-01 09:48:00,Normal,0.25322691244437523,138.8200455735443,26.15209786584785,9.8125463604383,2.010134331234219,0.07555059424717757,61.41341730700035,High
2026-01-01 09:49:00,Normal,0.22501854443146777,146.79757390456643,30.3158043556364,1.662549655328868,1.3795292116857387,0.132947034145673,27.265190135687693,Low
2026-01-01 09:50:00,Thermal,0.6731517300319796,157.20990478647806,33.195588865166755,10.381196989189332,2.6608656417499272,0.2599906360699451,84.84663477183173,Critical
2026-01-01 09:51:00,Earthquake,1.716363539500056,186.84198272728725,26.844842058127007,12.583448015993133,5.355134281778707,0.4631504707231211,100.0,Critical
2026-01-01 09:52:00,Normal,0.3754565157651066,147.48379355719138,32.744687471583795,4.6525162988992985,3.0142415707354244,0.37463650277439414,59.32703061018236,Moderate
2026-01-01 09:53:00,Flood,1.0507778651668187,173.78531979350248,27.605129094912613,8.476694282089554,5.15074546548879,0.3482236631164334,88.76040953135852,Critical
2026-01-01 09:54:00,Normal,0.14411293588788887,129.4023841888498,25.478867909381723,5.766813755154479,2.1477675624840646,0.09900000635604114,45.553632890064826,Moderate
2026-01-01 09:55:00,Normal,0.12677164993212714,151.77679677150354,28.99207787453682,6.372573629842686,2.22554311877052,0.17249237956806426,46.7209007351875,Moderate
2026-01-01 09:56:00,Corrosion,0.8460268879911534,85.55529393741509,21.2030679075307,11.475084535469206,3.136812982704159,0.2824780956027047,97.03135223589913,Critical
2026-01-01 09:57:00,Flood,1.1448949226541187,143.53842064648876,29.163591545396244,13.423846647792134,4.161248620059078,0.2504487303725183,100.0,Critical
2026-01-01 09:58:00,Thermal,0.7850593492156519,134.35523835870674,22.28908947236814,8.995464640330107,3.590219360584139,0.2976206244747635,87.26141023638904,Critical
2026-01-01 09:59:00,Flood,1.1245599642723212,179.61707193703927,22.86136520008118,14.341022717504913,5.005847683088412,0.11199999999999999,100.0,Critical
2026-01-01 10:00:00,Wind,1.2131544616654926,196.68487492376923,17.90654296641688,10.378917628467434,2.1512953708445712,0.36025196970623996,100.0,Critical
2026-01-01 10:01:00,Corrosion,0.8927000366276716,107.94551574474345,27.1244152366425,11.532321086758774,3.0855022562877923,0.22988900620556219,85.45758720959265,Critical
2026-01-01 10:02:00,Thermal,0.6931423592556345,177.2791793537319,38.04816851154547,9.286159018718442,3.539189869127644,0.251223581464358,95.12653460492997,Critical
2026-01-01 10:03:00,Corrosion,0.9300018337399807,114.91387034934328,27.414616694592823,6.652386105723902,3.2937160424578886,0.38525783512212003,69.99201495180539,High
2026-01-01 10:04:00,Thermal,0.7732054370181114,113.46961886097944,33.21792689716564,8.543702463139532,2.260826967903888,0.15907862595128625,74.73836475935563,High
2026-01-01 10:05:00,Corrosion,0.9240473962888728,138.34285744181588,39.761569486561946,9.809515632527376,2.0206333207595226,0.2898175422883064,97.20410843537293,Critical
2026-01-01 10:06:00,Fatigue,1.009866401441111,145.0448381966854,30.02027924060048,9.403405605792178,4.6063224260288615,0.36351372632051576,92.01744242176359,Critical
2026-01-01 10:07:00,Normal,0.264163947800793,81.03956800707809,24.17393977705989,6.238569553992669,1.243074149603585,0.19362691666290405,48.52071719434277,Moderate
2026-01-01 10:08:00,Corrosion,0.8831602363150106,160.44694933731415,24.862156986320812,10.896088877980684,1.565099508494398,0.13886461555838592,78.9700315035459,High
2026-01-01 10:09:00,Earthquake,1.7776773346739307,198.58506061816504,28.00329104111503,13.329880574012321,6.216572860009898,0.5120317301841062,100.0,Critical
2026-01-01 10:10:00,Wind,1.2173636154468925,183.75103990409178,24.835526773695378,8.931663006047442,4.498982900446066,0.29909167596749153,95.1542269427619,Critical
2026-01-01 10:11:00,Flood,0.9986882339845993,139.96361675555335,25.20956500093284,14.234810454480112,3.5641259025417646,0.2497967319937577,100.0,Critical
2026-01-01 10:12:00,Thermal,0.7480752197566977,141.0104321256888,34.92626954629745,7.107225709339014,2.285448407238971,0.23516136942456645,73.94513034967096,High
2026-01-01 10:13:00,Thermal,0.9284386706235173,141.23932087743393,35.130781403861064,5.530159337503107,3.086558556629506,0.22942828871955334,75.19890598485118,High
2026-01-01 10:14:00,Normal,0.3339162293089154,162.1998860367116,19.765537589756683,1.6276691130415468,3.2155876005192052,0.08478562618001789,49.51377062271045,Moderate
2026-01-01 10:15:00,Corrosion,0.7941308203961459,73.34388043416955,23.9091524104989,7.290662292999066,1.7053007139712004,0.2811960468861855,66.54692137975148,High
2026-01-01 10:16:00,Corrosion,0.9004755444475692,120.27639127527242,25.679978065433037,6.611756506049055,1.756022383260406,0.22022135936687992,62.20470112124716,High
2026-01-01 10:17:00,Normal,0.19058569162390776,120.13852106979495,30.99544473082626,2.7889716083459266,1.3722346770875895,0.23367106177198635,33.807064220856574,Moderate
2026-01-01 10:18:00,Normal,0.15522522850701406,92.86074412711243,33.71537794252828,2.9536211904662806,1.973356313206795,0.22140763948921444,41.562907231175785,Moderate
2026-01-01 10:19:00,Normal,0.3327047553119181,113.54199106822206,41.50983967136942,6.589228472179467,1.5037081021162195,0.3100535529411048,74.50853912982022,High
2026-01-01 10:20:00,Corrosion,0.7186720299482077,141.04811159075228,25.67163351858669,14.391090323009305,3.96281657516702,0.25106934853018553,100.0,Critical
2026-01-01 10:21:00,Wind,1.2591484730861233,140.95784728018828,25.921356428289855,12.561714794044704,5.128833944448347,0.2517400199164147,100.0,Critical
2026-01-01 10:22:00,Thermal,0.7797822149941553,143.6117231525668,32.94285007818857,11.36779455426371,3.4787687746074676,0.14242061318778282,91.93538417049041,Critical
2026-01-01 10:23:00,Earthquake,1.7730762717535578,197.30373194394534,24.588916405225703,12.267769905659781,5.920432343756104,0.579467470885985,100.0,Critical
2026-01-01 10:24:00,Thermal,0.8327800975698632,136.09333887422497,29.295190692547415,8.313996096651735,3.472099552023672,0.3129686397212907,76.28002090279695,High
2026-01-01 10:25:00,Earthquake,1.8364959049595402,170.2701316507816,25.924809456082272,14.67944721269086,5.369508090915318,0.3486064063056167,100.0,Critical
2026-01-01 10:26:00,Fatigue,1.0088925458536875,148.85587708365318,14.891730390479104,7.52132631907169,2.5064413001853048,0.4354524071413709,97.51166593767188,Critical
2026-01-01 10:27:00,Normal,0.30741804870000505,119.81409133386026,28.616166150757728,3.7228097883526488,0.9720082923973719,0.2884929907108826,33.86666527031837,Moderate
2026-01-01 10:28:00,Wind,1.194069643042018,113.89201086663945,27.08819520348605,12.663655874999229,2.689081523028073,0.20789779980358902,93.20911087498561,Critical
2026-01-01 10:29:00,Fatigue,0.9745156165705571,164.53884794903198,34.3561552512845,12.770878265300327,3.6514952050389162,0.23972200999328225,100.0,Critical
2026-01-01 10:30:00,Thermal,0.7864100413136209,130.72496926383013,30.027452037681773,8.202230808545774,3.4322780312543726,0.24941401238717043,75.0230998791817,High
2026-01-01 10:31:00,Fatigue,1.185502321244714,184.5383768702763,21.72626260842914,5.914528457663821,2.3507376152186232,0.21439319231984302,76.47908671771711,High
2026-01-01 10:32:00,Normal,0.38412758385965573,134.77633689106187,26.709505635102385,4.113224050347026,2.072595047102008,0.17227364296713166,41.83805631361466,Moderate
2026-01-01 10:33:00,Earthquake,1.8473878766086942,210.85166010549136,17.544585784316858,9.076006596482383,4.484783671739791,0.460956955715183,100.0,Critical
2026-01-01 10:34:00,Normal,0.15477252094653038,94.7249051571273,21.945410824001787,5.225607229504181,0.930800656463141,0.07013913133421652,43.41906858621059,Moderate
2026-01-01 10:35:00,Normal,0.28924855219647105,110.71533397031433,31.17752984076499,5.766209333814256,1.374650583439291,0.20344004383791495,47.154420674068064,Moderate
2026-01-01 10:36:00,Flood,1.0880688723087355,119.73853781356478,26.763297800231683,8.38786873688667,2.5595235016549536,0.3854798380346164,77.50166732218258,High
2026-01-01 10:37:00,Corrosion,0.9130566386654979,126.57021977676685,32.61254119749033,9.025133667149614,3.9266591179592867,0.30001761914164177,89.07251324988586,Critical
2026-01-01 10:38:00,Corrosion,0.9177963430950336,175.5026356127148,18.165538745609762,9.550703717251517,3.1519955819510725,0.26195069161759266,98.02620935339806,Critical
2026-01-01 10:39:00,Fatigue,1.1040610463398024,190.18726444806236,26.787693013381237,10.270586128721371,4.615214056987588,0.2465518592338995,94.31743183345272,Critical
2026-01-01 10:40:00,Corrosion,0.8492070128935566,115.4966676298885,25.622437508061072,4.695409123109211,2.8765036478937303,0.3344673497679481,61.30435826102843,High
2026-01-01 10:41:00,Fatigue,1.0263306003276786,141.5430582920679,32.77924291306603,8.740207023461917,3.3943139381163143,0.20584639103615715,86.21784450436756,Critical
2026-01-01 10:42:00,Normal,0.09816515851988028,118.09510819940127,31.363813840833114,6.229528934798804,3.8733826408134555,0.1994233448876098,58.49496163385276,Moderate
2026-01-01 10:43:00,Normal,0.27717134133706806,134.64014104524452,31.21126075044149,9.736135313917998,0.3769395283196608,0.18204125864426524,57.941109736631674,Moderate
2026-01-01 10:44:00,Flood,1.0348842274921752,106.8047434115877,35.7070501904205,8.384222749283907,4.964481243419699,0.3820488820967767,100.0,Critical
2026-01-01 10:45:00,Fatigue,1.1196060674259853,112.92499796178905,26.159564453567167,11.15252060134433,5.454524037645827,0.2533800991144888,100.0,Critical
2026-01-01 10:46:00,Normal,0.14299650453656848,132.24065359681006,34.6754041765036,7.634455735771471,2.7658174962614996,0.14018113504855062,65.1952480546753,High
2026-01-01 10:47:00,Wind,1.2366013351452048,108.6740357770519,22.77896924560132,9.51011690488232,3.7095295306289757,0.21665081034948613,95.1448480443629,Critical
2026-01-01 10:48:00,Flood,1.1843636075696622,139.63006484652823,22.59561125117153,12.64522324246202,5.106902071739741,0.3269827419680327,100.0,Critical
2026-01-01 10:49:00,Normal,0.2562760104622329,124.05229521397102,31.763732857491693,8.60652149429269,1.6782386401100011,0.1460947325574201,59.82035958090938,Moderate
2026-01-01 10:50:00,Earthquake,1.7850667744634767,191.99164924832792,20.47629630795599,17.54115420218357,4.654214414289278,0.3350340818184119,100.0,Critical
2026-01-01 10:51:00,Fatigue,1.0997201884868562,149.4570476114042,30.86382814209479,10.875296506956595,3.411731655808336,0.23865469866581746,93.06847541681104,Critical
2026-01-01 10:52:00,Flood,1.182586961976827,141.65608202381173,28.50656596860663,16.280411748972607,3.109806260881462,0.3349684397170327,100.0,Critical
2026-01-01 10:53:00,Normal,0.1681081790640087,141.114271492912,33.35926364327436,3.1541506617069763,1.053376875080418,0.09176316002215489,35.81975529920207,Moderate
2026-01-01 10:54:00,Fatigue,1.0912565546715125,160.13014815914394,27.702780175225552,15.87223275853682,4.910007834108964,0.21886672280162534,100.0,Critical
2026-01-01 10:55:00,Normal,0.18602740621618846,103.8245844512135,28.280244731477637,7.304898465975299,1.2265516473782165,0.2517089140413906,45.660937848505824,Moderate
2026-01-01 10:56:00,Fatigue,1.0312396223324005,153.94307241705596,30.546324964624528,13.521161999080155,3.770353011078627,0.2867103539336422,100.0,Critical
2026-01-01 10:57:00,Normal,0.24603277536944484,129.57922556640483,24.686752249701108,4.039886736374867,0.5562281106011959,0.25643560687874456,36.94403993976593,Moderate
2026-01-01 10:58:00,Flood,1.1277858593290846,193.75593103628455,24.468968462548894,11.733424108891288,3.7108106817491917,0.26325153477526675,100.0,Critical
2026-01-01 10:59:00,Earthquake,1.934079248055099,201.25809170728948,30.372147199217096,17.680922490993087,4.204073955777261,0.4039099280482694,100.0,Critical
2026-01-01 11:00:00,Normal,0.2858513715701365,150.3639213988486,27.85356095434681,1.7379240688283835,0.8195141770747669,0.19250394175489732,22.65909147702363,Low
2026-01-01 11:01:00,Fatigue,1.0448724221581212,137.73481509250925,25.963430413478598,9.010021154553742,3.6907120899039167,0.41098290137174587,87.25140673598014,Critical
2026-01-01 11:02:00,Normal,0.4494191093310815,106.89542734362493,27.586079501511662,1.4237580646935637,3.056972265180935,0.2844698260968216,36.94185311154311,Moderate
2026-01-01 11:03:00,Normal,0.2157956414936384,114.11550017967525,35.972797539191646,4.46500106945253,2.440413687739796,0.2722589630553868,56.846729680009,Moderate
2026-01-01 11:04:00,Normal,0.20430912685122102,116.4106838340459,25.784907966300537,2.5519754196197413,2.5091203861327593,0.12969449040516864,35.29114509616953,Moderate
2026-01-01 11:05:00,Corrosion,0.713004556433702,118.99937605492774,25.639901933589922,7.646696936099795,3.1900828200209927,0.1890536344493426,69.63643418220781,High
2026-01-01 11:06:00,Fatigue,1.1866873255395796,184.64834066392046,19.462778876687523,18.27093007281398,3.4643597348494826,0.3608633170448725,100.0,Critical
2026-01-01 11:07:00,Thermal,0.8774596473897036,164.0837909439698,29.788235309214425,13.153410520391596,3.991140638494236,0.3701407761840654,100.0,Critical
2026-01-01 11:08:00,Normal,0.4434244428893157,112.35805346746233,31.28441755620196,0.6816573898981035,1.4368228376791978,0.2730254985694989,31.398122769065306,Moderate
2026-01-01 11:09:00,Earthquake,1.67883813182255,197.64276622534632,32.18099057840434,15.067214904798213,6.194434154447696,0.4050439405866736,100.0,Critical
2026-01-01 11:10:00,Normal,0.36665366459832877,125.57247907509594,28.541088008152663,7.396793261177715,3.2359469389340596,0.23822468358993198,59.99719864642691,Moderate
2026-01-01 11:11:00,Wind,1.1906108414692902,175.39569952328438,32.77916786540442,9.086308739886231,3.198613217024223,0.37563101224681034,93.2461127337838,Critical
2026-01-01 11:12:00,Thermal,0.8644880173440109,108.39232191185926,33.65615200940121,8.534922809475649,2.505554504366792,0.27191542331035234,80.38609150473097,Critical
2026-01-01 11:13:00,Corrosion,0.7231778287116424,140.55847317006413,33.56475114846131,9.127946622244995,2.7743044935853955,0.28338988997896,82.16108270732157,Critical
2026-01-01 11:14:00,Flood,1.1374465458132237,149.3490368023551,32.92151327738781,5.160165881414418,2.2130373742465865,0.29985562694422435,70.10859872374267,High
2026-01-01 11:15:00,Earthquake,1.8529213401065465,197.19105249029127,35.84989098053626,10.306011937741555,4.890597268366142,0.3409522773376878,100.0,Critical
2026-01-01 11:16:00,Thermal,0.7968871972171027,126.28905997044667,29.15153416716875,8.51689015532297,4.501449737219505,0.2051158049955238,79.18713476102224,High
2026-01-01 11:17:00,Wind,1.2366090150128897,94.9017318979401,21.364709788192457,10.3982075839453,2.9944244576646524,0.2598807710792289,98.48058037154061,Critical
2026-01-01 11:18:00,Normal,0.18876037591662007,92.95750705792699,31.318593718427103,2.874311853748193,3.3251961086539485,0.05206105785739967,40.76843633009177,Moderate
2026-01-01 11:19:00,Earthquake,1.743644793153464,180.0738003572273,31.902765946613883,11.016871580438465,4.9265555420469225,0.41542879418787276,100.0,Critical
2026-01-01 11:20:00,Normal,0.2129244309099683,121.59710563758328,35.8499769669057,4.730662250986382,4.114035637102753,0.17675413017299524,64.39574312424054,High
2026-01-01 11:21:00,Normal,0.10178177106477776,162.0937030656246,34.40645178084853,7.658452858949818,1.3181869346845723,0.2409571308546962,59.12463656065096,Moderate
2026-01-01 11:22:00,Normal,0.31894067953626937,134.56866101645247,37.727362279322826,4.77054268715939,1.8560180501778403,0.280857382638329,61.035586575611326,High
2026-01-01 11:23:00,Earthquake,1.8853274891346055,183.63825698078722,31.099269901632667,18.268192491906944,4.4498169348076,0.5099435491877223,100.0,Critical
2026-01-01 11:24:00,Flood,0.9638924680188927,149.99021808046405,29.14405295969314,7.112538357012316,2.9922992264141737,0.4054772366647801,73.04823408926089,High
2026-01-01 11:25:00,Normal,0.2778562412755855,147.6045845542423,21.075084393371267,5.579329404364477,3.3381791668583913,0.11943351781687936,62.666142850648065,High
2026-01-01 11:26:00,Earthquake,1.7687567620296611,166.84723869606404,29.540482672570402,12.33711371268798,5.83453668513898,0.28944325776102686,100.0,Critical
2026-01-01 11:27:00,Thermal,0.8262619169664824,138.49290530648503,27.23748321564341,9.76388283923933,4.228817779177449,0.33445948624523464,85.11051137488536,Critical
2026-01-01 11:28:00,Corrosion,0.8047938207031178,116.96854699654246,29.057550067162353,5.955236353324411,2.0044106990099673,0.37857067505607206,59.364093812275364,Moderate
2026-01-01 11:29:00,Wind,1.1143259875129892,192.8726512173826,28.27256593154828,15.882193261981266,4.694828453157915,0.44047939577683404,100.0,Critical
2026-01-01 11:30:00,Normal,0.3341659908818994,129.81247342504034,30.358667944250676,0.0718372092280184,1.028556683279529,0.21879969677539005,22.437475041293006,Low
2026-01-01 11:31:00,Fatigue,1.0698903531900408,135.31191759990134,27.513346452307445,14.646440719040738,2.4626814869671474,0.14026368419170981,96.09086459605352,Critical
2026-01-01 11:32:00,Normal,0.41176871606827803,117.1386247420423,32.67510095366292,5.269965407326499,2.238766138853556,0.2092487570746874,54.91070399282975,Moderate
2026-01-01 11:33:00,Normal,0.25370479718353117,132.741269080157,14.38422843562471,6.657273745240739,2.2285383334114135,0.2244352694327528,75.99919381930654,High
2026-01-01 11:34:00,Thermal,0.7259137567719607,135.73202718194312,30.949967875789223,12.003574709275874,3.2533457862991506,0.3601660017006872,92.17357566196034,Critical
2026-01-01 11:35:00,Wind,1.2831552701148752,144.03823445718498,34.01244889576281,12.672984485498208,4.757558412627666,0.4303702955186587,100.0,Critical
2026-01-01 11:36:00,Corrosion,0.9054640131316817,127.84315785039172,37.35024254228107,6.109919336620816,4.193566317633677,0.3407706722708268,88.84139519776599,Critical
2026-01-01 11:37:00,Flood,1.0781498290957139,159.27404748102788,31.659806691925315,11.000268665787805,5.1497293391937005,0.24501768813633157,100.0,Critical
2026-01-01 11:38:00,Flood,1.1152480543094336,141.8486430197329,36.4244151129127,14.80242191790385,2.4896570016941646,0.2096706148357873,100.0,Critical
2026-01-01 11:39:00,Normal,0.19777629649233644,108.65605663093135,28.84467997879371,2.3381248635175327,3.502016245450225,0.22271689214530455,38.076627053742975,Moderate
2026-01-01 11:40:00,Normal,0.239819735281177,86.59845612361485,28.014312879635316,11.355285533581933,3.882311489695576,0.11660679116595477,72.83577502834967,High
2026-01-01 11:41:00,Normal,0.23628401348097655,121.94101441317925,30.64707821613876,6.157107457905692,1.6337699835479655,0.2980109685473896,49.903684117587936,Moderate
2026-01-01 11:42:00,Normal,0.14674027704675052,115.4694140302023,27.984028585544674,3.700316684239228,0.3315083169268236,0.04363528501184627,21.995960720100065,Low
2026-01-01 11:43:00,Fatigue,1.0539127879873407,144.9587912839509,24.088212659913196,6.820131846175237,2.416501086930882,0.3453509289915734,74.98261264826053,High
2026-01-01 11:44:00,Normal,0.3569103566301459,124.96926693721797,25.4237987793405,4.330138776775176,1.5381486190662883,0.2055627979793991,42.53766423159288,Moderate
2026-01-01 11:45:00,Wind,1.2039870483035078,176.10005656839746,22.439235469619213,5.965834993211486,6.054141590307422,0.299458666597507,95.48740087159405,Critical
2026-01-01 11:46:00,Fatigue,0.9673150937724011,170.53913679851172,30.641885474326223,8.254266592823637,3.8170800002031786,0.22599069805562066,81.93544603624049,Critical
2026-01-01 11:47:00,Corrosion,0.7305328470668053,158.01821252249408,28.056959062502386,7.511218268433165,2.702815883248187,0.10305789580455497,61.521831812067745,High
2026-01-01 11:48:00,Earthquake,1.9231820846998617,175.58324303410694,26.198569416209512,10.176759052662739,4.674597741642703,0.3614857051141853,100.0,Critical
2026-01-01 11:49:00,Wind,1.1777744791795897,143.22504160146894,25.16658121581355,12.343535584713079,2.7172776749942087,0.2748893455012811,97.35336787527837,Critical
2026-01-01 11:50:00,Thermal,0.7482071835438706,115.90210896693907,32.52528173099813,7.3437011366318385,4.07457602968039,0.34893893270787646,80.63311621086191,Critical
2026-01-01 11:51:00,Flood,0.9980806588082398,135.97108731654794,31.90224090305035,7.292616366156716,3.5879312552809157,0.22937154893758993,79.45622285825496,High
2026-01-01 11:52:00,Fatigue,0.9568153796546135,153.49125237841423,22.347430017474085,8.52399819479437,5.899829509762433,0.3362216490851033,100.0,Critical
2026-01-01 11:53:00,Thermal,0.9138476119609296,122.34284695868793,23.56157665112191,9.065322419947542,3.82820939642645,0.15662081572465636,85.74978630327553,Critical
2026-01-01 11:54:00,Corrosion,0.8235557649931178,146.60142847793608,32.77254977810507,8.519663631400983,4.14993631605727,0.30641985552668705,87.35182254405977,Critical
2026-01-01 11:55:00,Normal,0.35939212221907374,95.8635830522034,21.124333807557022,2.897074735737267,1.757895169257322,0.000983971825226554,42.3414213618587,Moderate
2026-01-01 11:56:00,Wind,1.1891321371557853,115.87520277482446,30.737434169112422,10.476960422121332,2.9489696618265118,0.4836236942344556,94.32291695081392,Critical
2026-01-01 11:57:00,Normal,0.3643625579654752,140.48515302161988,36.084545993770064,4.847972127301228,1.12641901967082,0.16871459785617182,53.31719715427794,Moderate
2026-01-01 11:58:00,Flood,1.040535559923447,138.9396351158539,36.096174016965676,5.781607330553562,2.310753056110918,0.11199999999999999,74.1190961474076,High
2026-01-01 11:59:00,Thermal,0.8682586130295261,121.07415866940272,33.689362953160455,7.134485919478219,4.110394719818091,0.2025800419552099,81.92307382909873,Critical
2026-01-01 12:00:00,Wind,1.242527443687067,130.05382146756403,31.544047576610602,11.838014811262664,3.6550848127541133,0.2459470213531307,100.0,Critical
2026-01-01 12:01:00,Earthquake,1.8398632853001577,192.17589936826002,39.25953725098228,15.116414779689524,6.312500539592066,0.35153454945069584,100.0,Critical
2026-01-01 12:02:00,Normal,0.27783475817461684,154.3726927866992,16.328021685531148,4.3101070027898185,2.135914402307564,0.15082868833609256,61.758607158988156,High
2026-01-01 12:03:00,Thermal,0.7813719427107533,131.9231534748464,27.678321619596826,10.03031838435793,2.9071816442295537,0.2069906277339526,75.46568154993778,High
2026-01-01 12:04:00,Normal,0.40323477532582885,114.61091563343545,32.24245924538301,2.0601335090461355,0.8303971650314501,0.114687033834543,32.263027398396346,Moderate
2026-01-01 12:05:00,Normal,0.17744504119232796,146.7907959972268,26.313564960790217,2.153036485420022,2.301632732962678,0.0873053638400925,30.900921303446694,Moderate
2026-01-01 12:06:00,Normal,0.2503446113874528,74.73885739104219,34.198891543035174,4.246235110118958,1.7813669835532049,0.24574315391464696,48.56443765278876,Moderate
2026-01-01 12:07:00,Normal,0.2511908700166076,169.17171607281668,27.803229698449037,9.492698408261408,2.9021839279554213,0.2760908492188997,65.41141571147449,High
2026-01-01 12:08:00,Earthquake,1.8221952602674818,242.70250755815923,28.658719301687988,13.889754879614616,4.644589324124402,0.38363409414109695,100.0,Critical
2026-01-01 12:09:00,Wind,1.15064218832844,89.74156176449793,26.62662667877031,9.273902571002683,4.656107773497036,0.3145890679974179,91.1124065195817,Critical
2026-01-01 12:10:00,Normal,0.275179704447167,117.56241927708108,25.387445205959697,9.63241400361994,3.6408484162225374,0.08989353118459376,70.6464494720322,High
2026-01-01 12:11:00,Normal,0.2364925931837627,102.02632420326091,25.26445018426174,4.139184694389384,2.2725559146597196,0.18568165586691399,42.82622830090353,Moderate
2026-01-01 12:12:00,Normal,0.12344379860496807,113.38070572738165,29.35583148418388,11.704199711857983,2.7852914527418813,0.19839710097230556,71.2889079749929,High
2026-01-01 12:13:00,Earthquake,1.7907641829005478,171.14037325960192,24.127175170885664,11.866150629137762,5.931890246177579,0.386448111222894,100.0,Critical
2026-01-01 12:14:00,Normal,0.16195477335758784,140.29397746198396,32.766024417456435,1.9648138122460965,3.8980914845175216,0.21168599822155587,46.13258698922516,Moderate
2026-01-01 12:15:00,Corrosion,0.716249139004088,141.38575232580024,31.266129623014116,7.800914075444373,3.691560421693829,0.292696702564082,76.89968634636632,High
2026-01-01 12:16:00,Normal,0.26094986565515077,97.22731964500109,33.4970822048492,4.252747217488949,2.69995885173551,0.09566884887275362,49.67417615344404,Moderate
2026-01-01 12:17:00,Normal,0.2890306673615653,115.6953709676219,22.355378220035007,2.5768400709521506,1.9637239714840433,0.27544380109831657,43.658280810853874,Moderate
2026-01-01 12:18:00,Earthquake,1.832135843368366,194.46960592406023,19.50261726606778,21.20592223447531,4.585611464317241,0.38738829921363394,100.0,Critical
2026-01-01 12:19:00,Earthquake,1.8353736565615755,152.00696680586793,27.97907122184118,14.355879703415749,4.151824314318831,0.5380457281533588,100.0,Critical
2026-01-01 12:20:00,Normal,0.09539287832475116,78.84415777575049,42.49400306779761,6.392748721014751,3.266924065636675,0.21363364715353808,77.87529364641031,High
2026-01-01 12:21:00,Normal,0.14111864576740243,169.818570020883,34.331043890472856,3.6143621985892365,0.9916406286574599,0.33767465042974665,43.752753310514535,Moderate
2026-01-01 12:22:00,Fatigue,1.2328817149450937,136.9393330072891,25.227768457466436,7.76699184576461,4.545864499783432,0.3940215335445157,91.0909194339869,Critical
2026-01-01 12:23:00,Normal,0.1662232991938371,116.56617532701193,30.122560672156705,8.0766750671531,2.4160166303837616,0.19817517025126893,57.28926837074275,Moderate
2026-01-01 12:24:00,Wind,1.2338672824909351,147.4551148543607,31.637934537218417,5.127525317769282,4.957785344895732,0.2581514506704301,82.0854263342757,Critical
2026-01-01 12:25:00,Wind,1.1300449902667324,171.10219260205355,21.158058796335695,6.671406581628894,3.5252879774167813,0.25987460201844037,86.09434074889818,Critical
2026-01-01 12:26:00,Normal,0.25637381914140517,164.3197480772761,34.84812934517302,4.258074483177336,1.2092700855167893,0.2226427427986017,48.35496063095042,Moderate
2026-01-01 12:27:00,Earthquake,1.7393396638181124,196.0983460432321,27.162879365895297,17.453141916902933,5.7383718380997575,0.4154500867032734,100.0,Critical
2026-01-01 12:28:00,Corrosion,0.8999232923695717,106.24087131150023,27.546595776960697,7.1764490810915795,3.027658326792487,0.22087790112071315,66.8376535708395,High
2026-01-01 12:29:00,Fatigue,1.085941929385336,118.39691432478676,28.118923297169278,10.74845467182259,2.5689716633937216,0.3666447958088033,84.35422910993819,Critical
2026-01-01 12:30:00,Normal,0.2141368181084613,110.0258806168271,33.722700696539476,5.083186038164275,3.9385255423403462,0.18310170642848259,60.60153255020567,High
2026-01-01 12:31:00,Normal,0.16598623042554317,113.29417001166834,24.22408920899296,8.888775238810425,1.2085918340374548,0.24712078522405811,58.6251030493459,Moderate
2026-01-01 12:32:00,Normal,0.2714219357994009,76.95121826133499,19.46514997607774,0.24583094536123618,1.0063672880149857,0.10196239466387538,31.190900146407394,Moderate
2026-01-01 12:33:00,Wind,1.087982496076593,177.88352300436102,29.614776464500224,12.307889611168331,3.7978642318206224,0.3959577334406535,100.0,Critical
2026-01-01 12:34:00,Flood,1.0541984833696671,123.64198605296303,17.781709569134357,8.603303210772207,4.932858569157914,0.33207964554778235,100.0,Critical
2026-01-01 12:35:00,Normal,0.460118792722952,157.33253905314388,26.4944820243223,7.7746525817582235,0.1667350431236163,0.27580557315695226,51.02194578280124,Moderate
2026-01-01 12:36:00,Normal,0.35801360410096095,165.51581493014302,33.93437144929409,2.542153681699054,3.169883614575449,0.2581944400573071,51.95780516185304,Moderate
2026-01-01 12:37:00,Thermal,0.8574678309515331,135.79366168419557,32.89546951754369,8.073179209588515,2.288526498543697,0.25320372794336693,75.96266233658365,High
2026-01-01 12:38:00,Normal,0.24315141618070818,130.97431601045463,33.21178032862638,4.692479867261948,2.264525240108254,0.16677003674853477,50.25223016775639,Moderate
2026-01-01 12:39:00,Earthquake,1.634899789839718,150.80131944789497,31.101756826014146,10.39269358603876,4.683993038276199,0.5466424794072753,100.0,Critical
2026-01-01 12:40:00,Corrosion,0.7492170883279854,159.79190816197786,40.05167244391704,4.4587609611591095,5.311916854002006,0.2447545224494433,89.26571634338987,Critical
2026-01-01 12:41:00,Normal,0.3526234284882171,107.54518941414075,25.058801861715924,3.2587659144105725,2.1246200866423512,0.23987469590702754,42.14134001599113,Moderate
2026-01-01 12:42:00,Normal,0.1868195135900176,92.81911696029117,29.990658385041616,5.389793386984999,1.2919084496587638,0.14948904062482063,39.72433064746937,Moderate
2026-01-01 12:43:00,Normal,0.19405983214687628,112.76662529367539,25.809397643936748,2.729263327086522,1.6989086781623095,0.031049353588988055,29.874566009815855,Low
2026-01-01 12:44:00,Thermal,0.7867479619452783,130.35629978986594,34.784006349574355,7.009779310916546,3.2896370749016874,0.16181287217552373,77.47582372771535,High
2026-01-01 12:45:00,Normal,0.16503629929227562,111.87101492490615,27.69212561974752,0.6573920634507129,2.1776766077622005,0.21247367078895868,22.942557783229336,Low
2026-01-01 12:46:00,Normal,0.15185850123586908,143.74199757040898,36.59422439722022,3.88805023854881,2.438762483521321,0.23609053596840834,54.504900792186646,Moderate
2026-01-01 12:47:00,Normal,0.24596207417748625,100.36731018410669,25.345920222990117,8.070759939875021,1.9985953923176851,0.21273707273761283,57.64737250289398,Moderate
2026-01-01 12:48:00,Normal,0.17867764362623711,163.3755749943469,35.03563262858492,7.115540977910249,0.622837583391284,0.2716759601114802,56.69474230294441,Moderate
2026-01-01 12:49:00,Flood,0.9607185136176885,117.67350917936615,30.965697652719854,8.939234188918569,3.3397323290983394,0.3233008124187303,83.6174647404898,Critical
2026-01-01 12:50:00,Normal,0.18750471790823953,160.3857568294649,27.837694654565098,5.73095817504249,2.6066583748408583,0.11798122349327322,44.66742583340165,Moderate
2026-01-01 12:51:00,Wind,1.2267888171067576,131.98723445233264,30.71221168929962,7.615218813217528,3.3701171936209993,0.3635441745179011,83.73764866896019,Critical
2026-01-01 12:52:00,Flood,1.0014299447603714,150.77466918658462,29.30632193764596,14.073316049874201,4.352781279698378,0.30556863687439706,100.0,Critical
2026-01-01 12:53:00,Fatigue,1.060714242568492,140.7450971630495,29.77977340125905,15.703287519541716,3.83171813295781,0.25395535960403687,100.0,Critical
2026-01-01 12:54:00,Normal,0.2977556717847107,111.40678321155363,26.965644634528047,5.4944708921179215,1.7822598432335102,0.2178015441173489,44.24324549962818,Moderate
2026-01-01 12:55:00,Fatigue,1.0636368313413649,173.03393090888872,24.49205746222504,17.272057508184478,4.994143892539592,0.30634961328139565,100.0,Critical
2026-01-01 12:56:00,Flood,0.9977396985234261,188.2956699307203,26.324644400187346,7.159452885393973,1.9418685556157185,0.24359995592901218,67.43130135817665,High
2026-01-01 12:57:00,Normal,0.28763602844561365,149.76311762389105,19.584275110258886,1.246762279793141,1.3246791017353505,0.16577073811496157,39.29895232265194,Moderate
2026-01-01 12:58:00,Corrosion,0.9084558274846106,134.07859169145382,32.20974166266313,6.1711287377176465,4.552428709678776,0.3810853708433713,81.49129804494055,Critical
2026-01-01 12:59:00,Fatigue,1.0632341200393118,157.60638056011385,21.824180139122603,8.841529204775028,5.630049163153534,0.4104710252855718,100.0,Critical
2026-01-01 13:00:00,Normal,0.25644862204964175,100.44805315829095,26.911764723821502,11.93619965360889,4.2859924846717,0.1950515311416433,81.28629930444342,Critical
2026-01-01 13:01:00,Thermal,0.7374567816213338,117.21124218563263,33.24022520740517,7.156522617782121,3.250355530338304,0.26458137263098286,75.50480767351343,High
2026-01-01 13:02:00,Earthquake,1.721145356546838,152.9424773567833,32.19698358549955,10.821032561587934,5.817897379615543,0.2893563210188927,100.0,Critical
2026-01-01 13:03:00,Flood,1.0815318001573446,139.86066732539678,19.126740315813805,6.504623421267689,4.497427827235667,0.42954920906930266,95.96910236755826,Critical
2026-01-01 13:04:00,Thermal,0.8355953650035698,148.24014077537356,29.54075962387461,11.42006633612984,4.475075272158284,0.34290735098943737,95.01853237489087,Critical
2026-01-01 13:05:00,Earthquake,1.8264238750733262,133.8046210062124,30.29872349724411,16.39190524492711,5.673091934674761,0.4641561256563461,100.0,Critical
2026-01-01 13:06:00,Fatigue,1.0974683478980418,151.84115743548085,28.260080546311634,8.043565440939169,4.7261489234460665,0.12,80.97273856961368,Critical
2026-01-01 13:07:00,Normal,0.2536962620651963,157.90062811373812,34.72037478836772,0.627352348231466,2.459773800444522,0.18327381205246368,38.95670061204908,Moderate
2026-01-01 13:08:00,Fatigue,1.1307129512658216,181.04777672685313,23.890965500426987,6.114219365872145,4.322223941908376,0.289829703334473,83.11469393606515,Critical
2026-01-01 13:09:00,Flood,1.0948087008818228,136.17039808683336,17.754794349049014,14.363731512498628,2.7616307630999204,0.34662523506404785,100.0,Critical
2026-01-01 13:10:00,Normal,0.32289824041525184,85.07817726793036,32.0516300838426,7.066423653648411,1.670786280623776,0.1439175349163363,54.656977332189065,Moderate
2026-01-01 13:11:00,Earthquake,1.781937766724321,193.09575766162067,25.314569401907562,13.596384126674915,4.83723080192218,0.3854631826837185,100.0,Critical
2026-01-01 13:12:00,Normal,0.36095941839270707,62.064293744812495,19.207297012070008,10.606499519453173,0.8111045464214783,0.22955303511637626,75.8133082363502,High
2026-01-01 13:13:00,Normal,0.2682768545385857,147.75385289706693,27.20743804716763,10.874978818434549,0.3483947757890846,0.1181137306329057,56.4416129435824,Moderate
2026-01-01 13:14:00,Normal,0.3005900954052639,114.66031355291899,34.152789879658506,4.892181194116104,1.5763725014078516,0.13407658532725436,49.644052939958556,Moderate
2026-01-01 13:15:00,Normal,0.2725670312667904,165.78250801443502,21.68373691093651,4.947284718405,1.7361176735637405,0.1954661311808769,52.51093548788352,Moderate
2026-01-01 13:16:00,Normal,0.26976053659873395,76.82586286058836,39.679979769736335,3.2538599536637696,2.105037076027842,0.28707885626796587,58.306559337358145,Moderate
2026-01-01 13:17:00,Normal,0.19113984077997442,142.95365563019584,23.81059202731669,4.146190137544595,2.5557378408401403,0.2446775789778678,48.160145056730386,Moderate
2026-01-01 13:18:00,Corrosion,0.9111080670675862,141.68727907964504,28.43505427062875,3.841025072599637,3.508122243605822,0.35403232551459984,59.09771813959811,Moderate
2026-01-01 13:19:00,Corrosion,1.0826235515926113,135.923736713198,21.90433791076196,3.8288408714478206,3.0630888224694237,0.27306534449722325,69.67115916706906,High
2026-01-01 13:20:00,Corrosion,0.8250163940167934,109.9539133696964,28.20805174348007,3.467976606717705,2.404873684223125,0.38760624190263804,50.11875622215089,Moderate
2026-01-01 13:21:00,Normal,0.25567957723399587,134.8936976677929,27.331260891206615,8.253011020758334,2.877069097501218,0.04070540603989525,56.49788404507651,Moderate
2026-01-01 13:22:00,Fatigue,1.0393035788522191,169.90343461942143,20.552530488344566,4.81579333126231,3.698177782710599,0.4617791374721078,82.72675197890058,Critical
2026-01-01 13:23:00,Flood,0.9809584078750453,195.42819504914723,42.129134844754546,15.049886896118464,3.2462102049930905,0.4641407180144028,100.0,Critical
2026-01-01 13:24:00,Normal,0.37355595824949384,145.20125657151482,25.523314154906526,2.8088663264017844,1.8135457175867307,0.21652930796295122,38.49172299383901,Moderate
2026-01-01 13:25:00,Normal,0.19616231858180283,105.15261677610663,25.527687213469857,10.212049720347608,1.2672556526452923,0.246581010994841,61.99122975202669,High
2026-01-01 13:26:00,Corrosion,0.8170735621306912,119.10343540956214,32.84517939676827,7.2048369714035765,2.7893260765888934,0.2649600108795777,74.07680321365227,High
2026-01-01 13:27:00,Normal,0.1230005741014959,85.78771416194034,37.07127441674234,0.3014396872385685,1.437541686709812,0.16323453095413307,33.232426761904264,Moderate
2026-01-01 13:28:00,Wind,1.1243910620366202,194.23060864098676,33.63218434002152,13.951336694196408,3.752662581999531,0.26713036997085304,100.0,Critical
2026-01-01 13:29:00,Thermal,0.6633280085637322,122.54564289305335,23.99409938486707,12.205596882899675,3.8557549568180898,0.25607903869884613,94.86811196875638,Critical
2026-01-01 13:30:00,Normal,0.3005443759369543,157.0057467242827,29.069545047473312,2.281846999198968,2.407112068540608,0.22447467804845628,35.57848484722002,Moderate
2026-01-01 13:31:00,Normal,0.47397577774698474,133.12680102155167,18.593137588075027,4.005043200207648,3.546737407280784,0.21359070777307373,67.34006381883344,High
2026-01-01 13:32:00,Thermal,0.7706656965079582,150.24757203984902,34.50852540661178,5.282612190317063,4.411729092112009,0.4189282457352991,80.32329229214777,Critical
2026-01-01 13:33:00,Wind,1.051659365360781,149.72829218599253,19.82405930734769,9.738419916626842,5.996421773234576,0.32402196366420416,100.0,Critical
2026-01-01 13:34:00,Normal,0.32199997315437867,136.51682282505627,23.983993381953816,5.323487442322564,2.5591584796708293,0.06089371509239755,51.47114460302976,Moderate
2026-01-01 13:35:00,Fatigue,1.0168460032855875,152.61323092907995,27.983992479843447,8.445850822653714,4.343105222373531,0.4315448496978733,84.34901795322133,Critical
2026-01-01 13:36:00,Fatigue,1.1789477544442832,143.76966771327974,30.225032805705062,4.956674186172559,3.3125842223628643,0.20232365773921845,68.29042290605673,High
2026-01-01 13:37:00,Wind,1.1624376761768045,174.800119666205,26.695326883023405,8.357362054729933,4.866014897495498,0.27124872595956606,89.32162633279677,Critical
2026-01-01 13:38:00,Flood,0.9694547448733776,147.20069726947173,35.59541838366441,11.310556290662124,3.0238830699569106,0.31373945130807224,100.0,Critical
2026-01-01 13:39:00,Normal,0.2357633955403451,100.04163053152934,31.616197910961397,4.373301372212252,0.5295444756184216,0.21337400658105798,37.2585462766167,Moderate
2026-01-01 13:40:00,Normal,0.310622140874895,134.99566938651628,31.223623770321044,4.017678117314882,3.526323392247755,0.06436493448555582,49.3292663765858,Moderate
2026-01-01 13:41:00,Flood,1.0018063495395475,149.20035860928587,21.85299549007668,6.407670364907705,2.4308184053673285,0.23228222109011037,74.97798323261509,High
2026-01-01 13:42:00,Normal,0.21026202377650355,132.22275029394513,36.496839487727016,3.1698458924071504,2.4388517895955983,0.061537403098197205,49.139720682096254,Moderate
2026-01-01 13:43:00,Flood,1.0040934717616903,139.45350354114532,23.984674278607443,13.42684431974588,2.7996686271666373,0.3417370450658048,100.0,Critical
2026-01-01 13:44:00,Fatigue,0.9732515852399293,122.7719673829761,36.68771216493547,6.080668229593677,4.926667622791833,0.39467039077623084,93.16392634338926,Critical
2026-01-01 13:45:00,Normal,0.28176252818351843,163.37684906285688,38.110975284627855,7.1624692900556886,3.262949985770696,0.08225295646027887,74.67963966505172,High
2026-01-01 13:46:00,Flood,0.8770618724924072,189.46528526908935,30.563282661818874,9.341165662710573,4.209177807423186,0.3716527962438292,89.42435618369183,Critical
2026-01-01 13:47:00,Normal,0.21447028365075876,142.09462403154902,33.1600654883971,5.734431989364206,3.2463647094761994,0.25446229954597305,60.48817221174108,High
2026-01-01 13:48:00,Fatigue,1.1357508167064596,143.3047328656432,12.585401184715657,7.302931156956147,3.8073370758311227,0.24727433680707972,100.0,Critical
2026-01-01 13:49:00,Normal,0.27424386263461736,112.49205067097319,27.024987922548114,3.9446679018562483,4.23417468082605,0.021393677130573857,46.24590179430997,Moderate
2026-01-01 13:50:00,Flood,1.0672256458389113,185.35818614741163,33.5108281995977,9.182839459484127,4.426165233492907,0.20629951846442166,96.14374071270984,Critical
2026-01-01 13:51:00,Wind,1.1797963461824954,148.55424906081467,32.62255134157042,8.53799910617241,3.1394484403763068,0.26837939304729663,87.83548109894294,Critical
2026-01-01 13:52:00,Earthquake,1.8835796944788414,165.78609909131757,21.901383309500613,14.394296312109645,5.429606708744139,0.5273336677447354,100.0,Critical
2026-01-01 13:53:00,Flood,1.0939759357415832,197.60586689091133,26.53138980066063,10.572317048369213,3.527497973784932,0.2825357939987023,91.1980952004418,Critical
2026-01-01 13:54:00,Corrosion,0.890691280339814,143.0080579596532,15.318172473994267,14.818119870859764,3.069575941562339,0.18745376192077567,100.0,Critical
2026-01-01 13:55:00,Wind,1.2592036621850835,201.61063321284615,30.064964200863766,10.934570088087114,2.382860772100793,0.32782788439615523,91.97807185087348,Critical
2026-01-01 13:56:00,Corrosion,0.9150338843522863,109.24020223274995,18.58335799386588,4.036727966556512,3.7068645444434605,0.1643721863307534,74.91015151319581,High
2026-01-01 13:57:00,Thermal,0.7648429189322488,154.95462206961255,35.65238921393786,11.48905724251604,1.8142470210594475,0.30114720401650796,92.30924791356776,Critical
2026-01-01 13:58:00,Earthquake,1.6824880870646934,233.37706498041538,33.91362430358704,12.788388075091422,3.8854072805223834,0.32578687525825883,100.0,Critical
2026-01-01 13:59:00,Wind,1.21862897006741,158.14376861647153,25.62816592796751,16.135776088810562,3.695986358876696,0.24939810078475394,100.0,Critical
2026-01-01 14:00:00,Normal,0.2936871384665143,113.39988769330509,30.60637965227044,9.412773357515924,1.2441063466077624,0.21003936387455138,60.19265948826206,High
2026-01-01 14:01:00,Fatigue,1.1622377592910853,123.80620206003951,26.914506379697457,7.984197848865301,2.9384629873644466,0.44001869462417753,79.86922138044396,High
2026-01-01 14:02:00,Wind,1.1100942979963766,184.45857636088118,29.20954197507433,12.265708351613526,3.143095950365521,0.49182300481887176,99.35216293360068,Critical
2026-01-01 14:03:00,Earthquake,1.717485515257827,162.34679793398283,22.26370288378425,11.618134556756335,4.5091571240469515,0.3208107595376366,100.0,Critical
2026-01-01 14:04:00,Normal,0.2867920213046216,117.62978601525029,31.112463116199546,5.008072479244081,1.8263581348272977,0.13227149386277445,45.04948624479954,Moderate
2026-01-01 14:05:00,Fatigue,1.069306640891753,122.1374430051847,19.794073848877918,11.527954443061862,3.165846059903906,0.3412425828029887,100.0,Critical
2026-01-01 14:06:00,Earthquake,1.6391390711543097,220.5223650024358,18.850349188353093,16.739000618139528,5.747343676253331,0.4975031478646964,100.0,Critical
2026-01-01 14:07:00,Flood,1.0500086531003352,179.6721327681421,27.39035841666504,11.88561748665872,5.072660648475562,0.11887330483298214,98.39902998830888,Critical
2026-01-01 14:08:00,Normal,0.10180616680088364,119.21038126967173,26.943783601943604,5.224968895738484,2.5163674402551752,0.18698694551250394,42.93820846483767,Moderate
2026-01-01 14:09:00,Thermal,0.72437947585013,113.1462766103268,31.36150865275875,15.450271700243649,4.226394294101985,0.22102856187488834,100.0,Critical
2026-01-01 14:10:00,Normal,0.35813450982880857,158.39767623106582,24.752462548818357,3.904938780418732,3.1091266896484484,0.02607830407757511,47.427452294754545,Moderate
2026-01-01 14:11:00,Normal,0.39599032142456925,110.85170682382132,37.428458328927945,0.17839810490210706,0.9811392329332873,0.07302657760061039,34.91384014741277,Moderate
2026-01-01 14:12:00,Fatigue,0.9777474905222432,125.36987897956203,28.80302494689721,5.2559021143720255,4.239114692686195,0.25457804322872424,68.26374924386303,High
2026-01-01 14:13:00,Thermal,0.7736486770069845,97.94704968818641,31.16440889258113,12.422023190367028,4.195157353365466,0.2647052015985964,97.4461140227455,Critical
2026-01-01 14:14:00,Normal,0.25340980184629647,103.85087170265562,28.98616938703523,4.770041240459586,1.5640395219515209,0.26064822882113153,39.995061588327914,Moderate
2026-01-01 14:15:00,Earthquake,1.9324981542065256,145.2340469367515,33.01454934474039,13.877172494162274,4.569373349969709,0.43234784920656516,100.0,Critical
2026-01-01 14:16:00,Corrosion,0.815570484174048,128.6294790869294,30.88008707242232,6.67242836022699,3.850406459216443,0.34380315497341224,74.88597601005384,High
2026-01-01 14:17:00,Fatigue,1.0368492781573377,171.6102183424429,30.210089498541397,8.14189256210243,2.3183711282123207,0.30213794686778095,75.77035886717022,High
2026-01-01 14:18:00,Earthquake,1.9138980446770288,172.21499590061916,31.679920524327954,11.038712417152114,4.271995416933707,0.3476043242450401,100.0,Critical
2026-01-01 14:19:00,Wind,1.1550168677825394,166.2923345528428,18.876926814764044,11.513452439990266,3.3732436524165665,0.3013000036903541,100.0,Critical
2026-01-01 14:20:00,Corrosion,0.9127761367173167,126.1166335116942,19.065761747071114,8.007860247388699,3.770514213130708,0.3236413877975369,93.27810340554397,Critical
2026-01-01 14:21:00,Corrosion,0.7368285627910058,145.82922665910579,27.61970627349278,9.605016133410205,3.5389125215556643,0.3506049735461427,79.07394432836615,High
2026-01-01 14:22:00,Corrosion,0.8413013804726139,192.2225205521505,27.01163058659049,9.31831515595245,4.352370879552132,0.2561700252444922,84.22634452123609,Critical
2026-01-01 14:23:00,Wind,1.0522322529338877,148.68784804932758,30.89904922024104,8.82236379910131,3.118129945636581,0.2416707790093569,82.64483920493653,Critical
2026-01-01 14:24:00,Normal,0.16556529752354365,129.61073594049148,28.100084510917526,0.6238081240916378,1.0245270287324917,0.2068526527589789,16.854553013878313,Low
2026-01-01 14:25:00,Thermal,0.8671361084121811,102.86181931328903,32.909324672271055,3.362601212001927,3.7239119687496647,0.2982384771073776,64.7168693232894,High
2026-01-01 14:26:00,Fatigue,1.0710075687130631,191.00265306042178,21.77202365219357,18.5799547750852,3.001333095892964,0.3986175268842494,100.0,Critical
2026-01-01 14:27:00,Fatigue,1.049471540755762,141.06983427637837,27.946277147956526,13.93452033326993,3.1964960845055788,0.2456989701632316,97.68033367321127,Critical
2026-01-01 14:28:00,Normal,0.1901000300815266,146.26334124766254,21.29471631021108,9.020547700673642,0.14323516074825116,0.12657621965874502,58.54184662379648,Moderate
2026-01-01 14:29:00,Normal,0.23234751414069738,116.92049260602737,29.934289671857005,2.9761795790393144,2.2908460014135876,0.24049281580316603,37.84322247283724,Moderate
2026-01-01 14:30:00,Corrosion,0.8790890533680555,159.48948412552016,18.608574788183397,8.328529201289362,4.861290471816169,0.2354053143192713,99.33512892050274,Critical
2026-01-01 14:31:00,Normal,0.32863329651694095,136.77531068027503,29.7415504927044,2.553911622850488,0.97071108369962,0.14402526538567165,29.522112601800824,Low
2026-01-01 14:32:00,Thermal,0.5899882652722559,130.68899151218207,22.655003095514438,4.063753714502328,4.221703611720113,0.3603311896112195,67.51167876070284,High
2026-01-01 14:33:00,Earthquake,1.7234591060589752,208.89766089404628,26.082361033891022,11.633679438872896,5.300601419010048,0.29431955149750616,100.0,Critical
2026-01-01 14:34:00,Corrosion,0.8677276993751206,125.22537840017252,32.47463845724624,12.278554890288737,1.554585361589969,0.4324962511820409,91.49451120482928,Critical
2026-01-01 14:35:00,Fatigue,1.067090950723017,172.44835550068856,29.136899942992088,12.02223610077191,2.9052731443718716,0.25098916695137385,91.7186225280826,Critical
2026-01-01 14:36:00,Earthquake,1.8222700994021381,171.8448676458367,19.771698881378494,10.489855995133933,4.403532667196227,0.47333827222405694,100.0,Critical
2026-01-01 14:37:00,Normal,0.2714032228901243,128.7389487158015,24.63803077652988,4.055551849527574,1.6834722148593737,0.17129602704597002,41.64939449508153,Moderate
2026-01-01 14:38:00,Flood,0.9956105709605274,139.25017494114348,20.493107372615988,11.447369515809742,4.099514288446704,0.3137089827897709,100.0,Critical
2026-01-01 14:39:00,Wind,1.142851744321026,158.6493993676649,19.526207501974035,8.387085814437988,5.888922837241432,0.294977080019059,100.0,Critical
2026-01-01 14:40:00,Earthquake,1.77035988082116,154.7326574577058,28.58831588066987,13.63875873449819,3.928854205081514,0.4725261321626379,100.0,Critical
2026-01-01 14:41:00,Flood,1.1118993879858194,156.98892461721985,30.801491717800516,10.405542341194435,3.195222603080012,0.26421409007843466,90.79710906404537,Critical
2026-01-01 14:42:00,Thermal,0.7414393653675428,143.10469587398967,32.20302960357844,9.172791655532393,2.3040191470892886,0.21416428225239187,76.39407174762354,High
2026-01-01 14:43:00,Earthquake,1.7849754621484837,168.09616114818817,31.013134074398756,14.162436283070857,4.0920205385107025,0.5490673460695993,100.0,Critical
2026-01-01 14:44:00,Normal,0.2646673771198737,118.6243008402426,27.94044574557091,3.03890847865247,2.0954476866095657,0.18235061576109535,32.933542143497704,Moderate
2026-01-01 14:45:00,Earthquake,1.9148280743899566,184.95011190419774,26.63304890625016,11.747076237443553,5.361479991186847,0.3499443551184367,100.0,Critical
2026-01-01 14:46:00,Earthquake,1.7659753393410949,166.19107366837218,22.63465336468843,9.999050445438122,3.5461976529171313,0.28477707280704806,100.0,Critical
2026-01-01 14:47:00,Normal,0.3267045324808769,116.78103560675827,25.799601641247506,0.31599021949318296,2.018150527945465,0.3292462424828784,29.664682825474294,Low
2026-01-01 14:48:00,Normal,0.3485583522612018,94.86120147762698,21.393258073369147,4.655753774929313,0.7946040070888609,0.13584596988357986,46.23629841362662,Moderate
2026-01-01 14:49:00,Flood,1.0148996588007482,209.44332597402519,23.774172364365402,11.648778843761574,3.6918277191349755,0.4569470590800918,100.0,Critical
2026-01-01 14:50:00,Normal,0.233142481673859,146.47796650520462,28.44463435219021,0.8591528175381598,3.2694964932060904,0.21190834811303055,31.32088077382121,Moderate
2026-01-01 14:51:00,Thermal,0.7736757062361428,148.82735264078877,29.41096956229539,8.818919732372771,3.6630679610759387,0.2714308160241961,77.90376760768186,High
2026-01-01 14:52:00,Normal,0.2295341492605934,149.30282318691738,43.32364018947388,7.353893640150185,2.17751709440709,0.1935875049862398,81.25408100539147,Critical
2026-01-01 14:53:00,Normal,0.31833918884614665,70.51868808290556,21.271022012474962,0.5102013064640367,1.471234242596613,0.35727607514213555,36.28534355117067,Moderate
2026-01-01 14:54:00,Corrosion,0.8734807981804412,80.25800655414986,27.374506395841088,7.488256699591345,3.386867650844774,0.09262251444633109,66.97285600616367,High
2026-01-01 14:55:00,Fatigue,1.0938231767335895,143.01772345625233,20.88133944398138,14.43863060137512,4.363254222247482,0.31714732156060044,100.0,Critical
2026-01-01 14:56:00,Normal,0.1599821191696132,85.53589640994727,26.061070620150247,6.655823053272119,2.4641663428084097,0.1587837113975954,50.099413772418835,Moderate
2026-01-01 14:57:00,Normal,0.17260079380998122,114.08486188879176,26.264534089424078,0.6113714471868645,1.900781236186456,0.16295252919335496,23.513811118889883,Low
2026-01-01 14:58:00,Normal,0.4214757459821584,125.14141601487248,32.224400131165694,6.975018387234832,2.2173763239389155,0.1919449481713523,60.729873413996195,High
2026-01-01 14:59:00,Wind,1.170773941976905,180.4103624585153,25.751667303910395,7.856789617315013,2.72343817995792,0.2946996680403099,79.166926265792,High
2026-01-01 15:00:00,Earthquake,1.7280182403537312,153.14340039311966,27.043401999719205,15.473920790278276,4.625663225222262,0.4190504533750644,100.0,Critical
2026-01-01 15:01:00,Normal,0.3644879332471438,129.9907671540018,25.8484101876389,2.9297547001976785,2.707559752545986,0.17811380302759566,41.66666224996018,Moderate
2026-01-01 15:02:00,Normal,0.27254468389468417,120.35974232880581,20.994741279713956,4.840902666764105,2.8420329513742075,0.07491534574522807,56.005048759936464,Moderate
2026-01-01 15:03:00,Wind,1.2312523933491617,166.0877327483271,24.739488141034464,8.487371694311152,4.133598590839362,0.34650928302487033,92.52779281357496,Critical
2026-01-01 15:04:00,Thermal,0.7889562339774774,129.00570123116,28.090316424580912,8.009473168215518,4.678965734365152,0.31728435613596645,77.84778743805252,High
2026-01-01 15:05:00,Flood,0.9945061527538557,185.378378496553,28.36912941703192,7.498159478266964,4.188019416461366,0.2486347505993533,77.38434090273424,High
2026-01-01 15:06:00,Wind,1.1714330902002168,154.81228378925684,30.794736436124126,9.429385275336566,3.8068724821369355,0.46543168625792564,94.59156346873237,Critical
2026-01-01 15:07:00,Normal,0.13938094637610987,164.35455558759423,26.827017451444853,1.4731849750679675,0.7802472469594426,0.2868457396531275,22.770403581282345,Low
2026-01-01 15:08:00,Normal,0.2429658072464082,100.24028365794442,26.739118680093267,6.471978786241975,3.438733250028915,0.2475161839336937,56.23634498201077,Moderate
2026-01-01 15:09:00,Normal,0.27368264616340937,138.57068349888883,19.395934207564736,5.525855625931775,2.7703174571545772,0.2465456595222411,65.02152317969222,High
2026-01-01 15:10:00,Corrosion,1.0030370587075004,142.70828798598677,30.698672586281756,3.4504034776875465,5.118311422930518,0.27040775620879104,70.28127205020729,High
2026-01-01 15:11:00,Fatigue,1.0818799252004174,144.8064395833309,24.520510564249797,12.478749980605782,5.966847455503916,0.39130976837875364,100.0,Critical
2026-01-01 15:12:00,Thermal,0.6132658366231756,157.80788351168866,33.73561619114888,7.47113612103651,1.9130596932172392,0.3856603689649682,71.74228893632699,High
2026-01-01 15:13:00,Thermal,0.7924811653772303,134.52066302026026,36.582199739270976,8.48528718870773,1.9156662558728146,0.32464192102495587,83.21346700234098,Critical
2026-01-01 15:14:00,Thermal,1.0191603306486645,75.4508665710668,29.060424866534973,10.293685016087558,2.0631999125690674,0.2143773326550108,77.17338289801087,High
2026-01-01 15:15:00,Thermal,0.8693092987988033,65.42829692064231,24.88344359617054,8.984726727079952,4.118362137029756,0.25682548493707197,84.21196585294484,Critical
2026-01-01 15:16:00,Normal,0.1851288844953129,151.81055400710122,27.91650693456851,8.495609475382699,2.656482687487599,0.22589360263808717,57.562832210360796,Moderate
2026-01-01 15:17:00,Normal,0.29728852115444454,150.7564614469924,29.74350999009319,4.120113433383767,2.0977790001258465,0.24701959232369153,42.967531063002994,Moderate
2026-01-01 15:18:00,Normal,0.19063892600882076,167.18352365639868,26.422399993766394,8.103288158681119,0.773866768956599,0.17380182283651593,49.00692339700592,Moderate
2026-01-01 15:19:00,Wind,1.0766953984362515,156.96179379294557,25.17980795310338,10.468773853421961,3.9509663108752284,0.27065531623143424,94.34793621414858,Critical
2026-01-01 15:20:00,Normal,0.22213045094127423,87.68412995005272,30.81766105348707,6.522900273520074,2.1847054950077056,0.30673655899022656,53.74837119396092,Moderate
2026-01-01 15:21:00,Fatigue,1.082322115139109,142.51040393372494,30.487891373470976,10.710887518393712,4.58272566687917,0.21421442283848338,96.63580610931635,Critical
2026-01-01 15:22:00,Flood,0.8702275598053284,151.0856128840328,26.26855179836421,12.922190975928576,3.952986914465286,0.21669345954936653,97.20071425960941,Critical
2026-01-01 15:23:00,Wind,1.093067256756909,132.22404439287226,19.72966917369655,12.26423712067788,4.703801294991166,0.20982977523988688,100.0,Critical
2026-01-01 15:24:00,Normal,0.25082684505458835,161.21436807434668,30.281890926897262,3.671163559070461,1.8758691300859516,0.10451593443005407,37.92581039656793,Moderate
2026-01-01 15:25:00,Normal,0.21734614592088367,175.98757199109343,24.16336403279312,3.0761988680004566,3.181481893925252,0.27978759016952026,48.0016604215088,Moderate
2026-01-01 15:26:00,Normal,0.28158490169168726,131.95701751825445,29.071705376851543,4.850737557215502,2.631730077443442,0.28246662052105626,47.23316508494027,Moderate
2026-01-01 15:27:00,Fatigue,0.9778265338153151,152.7284063325451,28.755786158395185,7.219695676762258,2.6130669292991753,0.2940763572427864,69.09905302336693,High
2026-01-01 15:28:00,Wind,1.2421290998842642,125.0258255381392,18.555262864786673,6.943423396020958,5.429220367656241,0.3557051516445424,100.0,Critical
2026-01-01 15:29:00,Corrosion,0.7602992722351845,182.8608474039013,28.405408422057867,4.684157407894125,4.545571522715137,0.2671596337900867,64.06105965099302,High
2026-01-01 15:30:00,Normal,0.3814187441550104,121.90767027122617,30.572662626872276,0.3522117265138691,2.4654747370529417,0.08464185392376358,29.464974675364743,Low
2026-01-01 15:31:00,Earthquake,1.6527393372497348,174.3708900397347,31.185762076552436,19.356219083334572,5.640717704987464,0.5814485606139547,100.0,Critical
2026-01-01 15:32:00,Earthquake,1.7025956583693271,193.62935221686342,28.586828755481562,11.430499251110668,7.018611568878326,0.5139791972055981,100.0,Critical
2026-01-01 15:33:00,Corrosion,0.8883896642425464,129.55721177527036,18.114069780252052,14.010380899463435,1.686687133727926,0.2963535524263767,100.0,Critical
2026-01-01 15:34:00,Corrosion,0.9881386601198111,147.87187932804545,34.38540531093319,9.50946380346674,4.561224524059651,0.1995288062086184,97.65449667784813,Critical
2026-01-01 15:35:00,Normal,0.27520344288929366,83.9383287288585,30.055113337712903,4.850725935091685,1.523793301425649,0.16200524982641762,40.51274330892305,Moderate
2026-01-01 15:36:00,Thermal,0.8450286336145914,169.17717973131084,23.983403353147615,3.4981846495362987,4.295177446410386,0.20460595588640246,65.44043097008338,High
2026-01-01 15:37:00,Normal,0.25140295213384467,117.38972397160816,24.061184799208633,5.0140066867281465,2.120375847169043,0.18780657927427752,48.55432298117568,Moderate
2026-01-01 15:38:00,Fatigue,0.9928881236707846,181.9700215158503,29.156121046472602,15.176551300904688,2.5570739765917616,0.32479385396794785,100.0,Critical
2026-01-01 15:39:00,Normal,0.21078893214084965,114.97159555395952,31.39892096649128,9.672910232050217,1.5034801899643087,0.15270996049517102,61.61935259842461,High
2026-01-01 15:40:00,Normal,0.15304722240149787,116.59500728040054,25.56018571826149,5.822715958092736,3.0217290731659654,0.06364697976743983,49.27834353176588,Moderate
2026-01-01 15:41:00,Fatigue,0.9727032025778504,122.69206429270106,32.127627036895376,6.053994902284952,3.5897921186801263,0.4705647188572707,78.60747401943199,High
2026-01-01 15:42:00,Normal,0.2821399135455797,138.99392432545358,19.03616585449911,2.128503964252543,1.378514585281895,0.19900213974650807,44.496704671537174,Moderate
2026-01-01 15:43:00,Earthquake,1.7001457614329631,159.7040011494227,22.787704944531065,10.842224469822618,4.73182794220498,0.44052736001555415,100.0,Critical
2026-01-01 15:44:00,Earthquake,1.8155643205378689,169.43944067001928,17.678179950789588,17.2344647820881,6.00224742223379,0.3702072491140011,100.0,Critical
2026-01-01 15:45:00,Normal,0.1458541798223122,120.02617965206342,23.512974285651534,9.895161308326276,3.7506350301399634,0.0550391107736629,73.08442227716654,High
2026-01-01 15:46:00,Corrosion,0.8787106416093404,147.23060459223393,35.540385922720475,8.887678504902757,1.4608833706362818,0.26133595752817307,81.10689238536884,Critical
2026-01-01 15:47:00,Fatigue,1.035905394482963,110.34757649455602,38.28901117292701,8.590758693430539,6.600684447343287,0.274142239281048,100.0,Critical
2026-01-01 15:48:00,Fatigue,1.1875292426920516,147.2298533627996,29.172952341152214,14.14613148998295,4.003746228976132,0.35676275045756617,100.0,Critical
2026-01-01 15:49:00,Normal,0.2758975116463252,139.88075546609284,24.807853963657227,2.0642793774051356,2.580224135298827,0.25248620587009357,39.57129077248543,Moderate
2026-01-01 15:50:00,Wind,1.2838626314395314,147.94154913690244,26.891800495745283,10.255469982801097,3.603738252852594,0.37720235837674965,93.8190879051341,Critical
2026-01-01 15:51:00,Normal,0.1895482626859846,114.38170614466696,30.36669945416511,6.388897998638392,1.996484875143173,0.2590617868733719,50.40526688127208,Moderate
2026-01-01 15:52:00,Normal,0.25449146721953336,124.06015127106816,20.185095741804588,2.411598178470802,2.1925130121311076,0.32429326459812785,48.8899741865267,Moderate
2026-01-01 15:53:00,Normal,0.17151302735069773,116.85098918632502,25.137504120093976,3.092257335826078,0.9509040076629647,0.21118813916284446,31.840479944028793,Moderate
2026-01-01 15:54:00,Thermal,0.7669115805804466,116.23711244030989,37.17446537225125,5.858787262437191,2.3943185617424705,0.3479372656647868,75.91521985930339,High
2026-01-01 15:55:00,Fatigue,1.0540316621804298,152.09134690832738,22.77144965335819,13.750180567964257,4.984567540891254,0.33950884590685826,100.0,Critical
2026-01-01 15:56:00,Corrosion,0.7969313423450289,169.05182925014742,24.254875503692286,14.043101831171263,1.7676531546407788,0.11599716800176661,91.97656820324934,Critical
2026-01-01 15:57:00,Wind,1.0877597712923444,131.12060131832274,28.065968279907203,10.444377590709681,4.48103910331354,0.3036383773849833,91.71997993914253,Critical
2026-01-01 15:58:00,Wind,1.0719186141077879,148.03795276285456,29.415711297523547,9.295344238871637,3.6694830906308153,0.2465830794476973,84.75792863741785,Critical
2026-01-01 15:59:00,Wind,0.9978201507434082,122.85921690162306,24.87497976900264,8.300476775020112,3.079292850524425,0.33451466645634886,81.04190442852212,Critical
2026-01-01 16:00:00,Wind,1.1004922829197235,180.93454876225863,28.384821916259778,10.105238940350986,6.0119318519694005,0.25271918725490905,98.86488719463455,Critical
2026-01-01 16:01:00,Earthquake,1.8401995117337475,179.29104482905302,31.039697668697197,11.74933474568963,4.405497438738562,0.4524544712024269,100.0,Critical
2026-01-01 16:02:00,Normal,0.12212011743893736,98.74500915985342,37.80725911881824,4.708909272934338,0.8698980002655285,0.2584822478511676,51.42789807080072,Moderate
2026-01-01 16:03:00,Normal,0.1405501722997356,122.30664000357943,27.368778102826095,6.23969846901177,1.8130272964794638,0.2762856036816127,44.990937640520904,Moderate
2026-01-01 16:04:00,Thermal,0.9432718856986333,111.90999462761368,29.793513423297185,6.784061171628895,2.4314413658978986,0.3895409249219414,68.88548885706683,High
2026-01-01 16:05:00,Wind,1.1340803160121398,131.56261171348984,35.63726172989755,9.531235812157707,4.046380656994549,0.1819180732743286,99.68746801139793,Critical
2026-01-01 16:06:00,Thermal,0.8256836807331869,105.4966617537055,27.254170708509523,7.443636544783086,3.35539929665139,0.16407999720425454,67.7578873598109,High
2026-01-01 16:07:00,Normal,0.3013853717200396,93.330519061065,21.378234836189094,4.047309695821584,2.2346580656349264,0.41422521489864944,55.166999341318345,Moderate
2026-01-01 16:08:00,Wind,1.2380020903825024,191.33343959999516,29.251244878294813,8.775656368951367,3.9161091527564365,0.3967618975887635,90.05541469245998,Critical
2026-01-01 16:09:00,Normal,0.12821486155135522,101.6720417179351,33.38087512543957,7.286589808810418,1.2978382969077749,0.19795583768376093,54.098470307814615,Moderate
2026-01-01 16:10:00,Normal,0.23151522560804078,131.65562806628697,29.80523567599843,0.3122080869293278,2.6434030426793305,0.18256300082495164,27.89952829409785,Low
2026-01-01 16:11:00,Normal,0.12054181843852863,99.09246450110196,27.51492171226377,9.72283957700379,1.888307233495856,0.17545118823240646,56.41458953206356,Moderate
2026-01-01 16:12:00,Normal,0.44570542871282587,138.9883436440805,20.758033134325807,5.4065883896089915,1.5043826879450215,0.025300275397166394,54.61209358908277,Moderate
2026-01-01 16:13:00,Thermal,0.6724099788787521,116.3479499767171,29.708153773658136,9.830052727959544,4.679993699097523,0.1982136716301206,83.90197576338267,Critical
2026-01-01 16:14:00,Normal,0.1661727824904144,120.98069819404391,34.165774631581684,7.175233349446627,1.8786880396085488,0.1710521924396273,58.673624975226154,Moderate
2026-01-01 16:15:00,Flood,0.9367519316126797,152.12128274672372,21.82941459230389,7.075822519908286,4.77198660149659,0.23473120996316904,88.32927354031462,Critical
2026-01-01 16:16:00,Earthquake,1.6702671618621696,239.7951334106648,26.776264130983645,10.656924331462275,6.586838447109391,0.3571891207560468,100.0,Critical
2026-01-01 16:17:00,Earthquake,1.8982075127805236,197.36063219950412,26.062576339208196,10.303192146038517,6.647672835425793,0.6086985137584494,100.0,Critical
2026-01-01 16:18:00,Wind,1.3787958320866798,142.57739964176815,24.511477146811274,9.358795910514235,4.731157808111101,0.2958677566746879,100.0,Critical
2026-01-01 16:19:00,Normal,0.2119400704549906,137.12622409126286,29.23961502259503,7.0976140746530865,1.9993665031242354,0.20224960066133849,50.790204973160236,Moderate
2026-01-01 16:20:00,Thermal,0.6943661482524472,195.4543617621302,32.21652620628004,6.248713924337528,3.1359583093489745,0.2794029028002977,70.15372108732281,High
2026-01-01 16:21:00,Fatigue,0.8960459601019184,112.25909773789263,30.164134523967185,11.323794920534915,3.555879881516711,0.3471567598898467,91.80116085679141,Critical
2026-01-01 16:22:00,Corrosion,0.835471302518232,123.13794893578184,23.115951181924373,5.403763656583598,1.4868956700131257,0.22981737873039182,60.20930995587057,High
2026-01-01 16:23:00,Earthquake,1.7646907661470845,175.67756102216765,19.770081528331588,12.24329839407425,6.0788068057478615,0.5037584998430946,100.0,Critical
2026-01-01 16:24:00,Normal,0.19789630989118845,109.57279432145123,29.31194218265364,8.501412102834687,2.244465566385079,0.21548497548853884,57.26503404319264,Moderate
2026-01-01 16:25:00,Thermal,0.8177100203180983,133.68108254175314,27.47040479258674,7.487086132901194,4.0255242662086275,0.1570268501020267,71.08667943078824,High
2026-01-01 16:26:00,Normal,0.2816138514252389,87.39419336016893,37.19156189843393,2.5125690915014998,1.8829984485280362,0.1713996800616297,47.57573145276072,Moderate
2026-01-01 16:27:00,Normal,0.27584666063503205,155.0989013387503,37.42254848007473,3.029470333587209,2.6648251619535253,0.16622813434625675,55.03623063802662,Moderate
2026-01-01 16:28:00,Normal,0.22471001024252102,84.43478503808453,37.9534489719802,4.084067689204641,0.6224929371385557,0.16254676357355016,47.84608144584655,Moderate
2026-01-01 16:29:00,Fatigue,0.9868702536340591,147.99467975943753,23.299445494826436,6.464594088764238,2.6307343907384295,0.3407437441778467,74.97411351538041,High
2026-01-01 16:30:00,Flood,1.0732666478245374,176.94576479401746,30.846845433710467,12.371724117537745,2.1562115997213818,0.34277801513433764,94.63547303573091,Critical
2026-01-01 16:31:00,Corrosion,0.8560011007537225,143.44537857135367,32.35476258625742,6.552191699311305,3.185650804168374,0.3093322466251189,74.40456305770545,High
2026-01-01 16:32:00,Fatigue,1.146068601986772,128.51514582743079,31.79177116772201,8.106366913996323,3.0274744122214,0.32711322864620507,83.97692762882366,Critical
2026-01-01 16:33:00,Normal,0.3132060439577785,86.28310859065107,26.228010279030705,1.9954365611092237,1.09661812482958,0.186851016612494,27.56293935542001,Low
2026-01-01 16:34:00,Thermal,0.6862590344762308,136.25002009930546,36.39582451482663,3.1074866206623133,3.5346523779653074,0.08790343967101542,63.282282298566976,High
2026-01-01 16:35:00,Earthquake,1.6752622234033918,162.67426085373833,28.002374931832613,16.970147535799256,4.934492805802371,0.46623141031505383,100.0,Critical
2026-01-01 16:36:00,Flood,0.9595567425007577,155.93077729257445,28.640530624677197,11.051882241984682,2.246908993196337,0.3310683276085181,82.76114043650811,Critical
2026-01-01 16:37:00,Normal,0.16549876733674657,84.96372130689551,20.310832741114282,1.1076829056817061,4.544766772752098,0.10121909786630072,48.86316856143772,Moderate
2026-01-01 16:38:00,Thermal,0.8604201420780881,162.32589342219055,33.22382484786495,6.108282825280339,3.162989379511924,0.2824465822717313,74.18919501430706,High
2026-01-01 16:39:00,Normal,0.27810477407903345,122.88873807911162,26.697941432137945,4.912482971003651,0.9168369470643039,0.23183507848641788,38.22914838666237,Moderate
2026-01-01 16:40:00,Normal,0.33793471950282483,124.74590985881193,30.323894310502624,1.411616803529732,1.3301645390669503,0.2736997652180049,30.199925632892477,Moderate
2026-01-01 16:41:00,Earthquake,1.8217189453928735,217.62691945600042,29.17556849902309,9.412431650540801,5.1868570309907955,0.44482411545391093,100.0,Critical
2026-01-01 16:42:00,Normal,0.26669196654986954,109.05511254070335,28.904682883318856,4.522368837681693,1.8247540377427993,0.20572814454530938,39.48916533152436,Moderate
2026-01-01 16:43:00,Normal,0.34597838242753365,101.8545826316694,27.77143213766658,6.717825686519722,3.302164273045876,0.25574178540005943,56.503605344241834,Moderate
2026-01-01 16:44:00,Flood,1.057578187178804,137.10590929132815,31.93299867330227,10.97557195918986,3.600570042367792,0.2674767983844707,96.09003150258579,Critical
2026-01-01 16:45:00,Earthquake,1.7954480770750174,176.78683576191855,27.00553731557467,16.025712156626437,7.215208171868252,0.43696025756760415,100.0,Critical
2026-01-01 16:46:00,Thermal,0.9184362427144549,139.7258776302168,22.724012902735083,3.3393282146605294,2.767577055987894,0.2103109444636942,60.579687499662015,High
2026-01-01 16:47:00,Normal,0.2592144706522232,99.23255658495567,30.84477803186967,5.173705729480816,2.426436040259892,0.26882373660970427,49.807432932205955,Moderate
2026-01-01 16:48:00,Corrosion,0.8306527516065664,93.62286867417353,23.954972375441805,7.494645907312636,4.341980194327831,0.1392231108594662,78.9215170105298,High
2026-01-01 16:49:00,Earthquake,1.722974139297788,167.57677497802405,21.378690786589303,13.138337943508422,6.555152304711678,0.4693389739320259,100.0,Critical
2026-01-01 16:50:00,Flood,1.076242036723633,159.79564165717227,22.88878332928701,8.564655099097587,4.991872217428813,0.29341671694784055,96.97059394087603,Critical
2026-01-01 16:51:00,Flood,1.1189640433473975,154.2064576563373,29.416661896784603,7.218655458177452,3.4079882591198656,0.3692309864581034,78.31111369619143,High
2026-01-01 16:52:00,Wind,1.1809530078853256,187.38886174564567,27.517405984525748,9.153371362646814,4.03451073972508,0.2535564503686962,86.94539694015518,Critical
2026-01-01 16:53:00,Thermal,0.9046332499023871,190.88716359909472,19.336584851635763,11.485487061712021,1.6794225665636755,0.2671986863053037,96.19483517291708,Critical
2026-01-01 16:54:00,Normal,0.09239879744227392,138.98334428646172,26.08172028473665,5.989970496425267,1.8039899613994392,0.18485040717850224,44.308577103555244,Moderate
2026-01-01 16:55:00,Normal,0.24556373001536683,154.56301606020565,33.84615612487382,0.5471306373904774,3.091254177929982,0.21471068480403646,40.404179444792426,Moderate
2026-01-01 16:56:00,Flood,1.0167924070316452,169.969357306578,25.743521645333107,10.619394958978265,4.576836479855882,0.20819504394816152,94.98394149368119,Critical
2026-01-01 16:57:00,Fatigue,1.0168404502074124,195.7474813981846,27.172617232862038,8.158085578995589,3.7135128789899183,0.35089720704674826,80.99740474095009,Critical
2026-01-01 16:58:00,Normal,0.4407088830385498,166.2713408572817,33.214957186635765,3.74308305074681,3.6991394429299573,0.03232846975421144,55.40550027660933,Moderate
2026-01-01 16:59:00,Earthquake,1.7847045893848992,205.37912926947317,31.97744629102268,11.0947561955329,4.975994715655193,0.3505726354306109,100.0,Critical
2026-01-01 17:00:00,Fatigue,1.0423815382716455,170.65950366061463,33.108755438258555,11.110791417956793,3.0838601759801003,0.17498159942886407,95.06438497274502,Critical
2026-01-01 17:01:00,Corrosion,0.8570769690746805,139.06919570156583,14.137231949731486,5.9005292854514035,2.851838264773631,0.33425755197485013,89.53411146773053,Critical
2026-01-01 17:02:00,Thermal,0.6397749009179337,140.96656797590225,38.667615192210555,4.7094959417282,2.0775349751638847,0.2920104622007229,69.87042378685538,High
2026-01-01 17:03:00,Wind,1.1242105659724069,148.95406671624346,31.182002177139644,13.495234431817986,4.662395031703537,0.35248309175189896,100.0,Critical
2026-01-01 17:04:00,Flood,1.0986591975556323,166.3312902723764,40.30738207012075,8.663355770699823,3.9684818116086094,0.40985515169988473,100.0,Critical
2026-01-01 17:05:00,Normal,0.19968437160537802,101.9912990660163,24.08836984612858,4.557540830023377,2.6099794463730515,0.1547246664670558,47.31852692819371,Moderate
2026-01-01 17:06:00,Thermal,0.7336899869759783,137.22234475550226,21.18274697175545,10.077392360829997,2.7856288480687885,0.30876685451301283,89.10644509255391,Critical
2026-01-01 17:07:00,Earthquake,1.894762050921152,122.7207528705425,28.036092283625884,11.39723989746147,5.301927020660746,0.40928178777411794,100.0,Critical
2026-01-01 17:08:00,Corrosion,0.9622203520761464,187.27724736931276,26.623138351214195,6.895540482059344,1.4984187234089077,0.26110123562651133,63.218757874149,High
2026-01-01 17:09:00,Earthquake,1.8313592377728913,176.08813543534205,31.268319918074106,14.317145809168505,5.736225551311048,0.5085300665663117,100.0,Critical
2026-01-01 17:10:00,Wind,1.1485906132769066,168.78951093341442,33.37464172293178,5.475867192608702,4.13884145505965,0.4825503490721633,85.74570801068131,Critical
2026-01-01 17:11:00,Corrosion,0.8358423147906942,180.64466736778508,27.563529275602516,8.963297140304643,2.2194723385065354,0.23348266697092684,70.32294538687552,High
2026-01-01 17:12:00,Wind,1.1206680030740033,164.90733593602948,26.79645977093637,7.832865622455898,3.9353424679134026,0.38269756732159066,83.4441676014871,Critical
2026-01-01 17:13:00,Thermal,0.7204181504777085,178.10859255233578,32.61359909758063,10.566417777365444,2.942150697929833,0.28552935301174487,87.51663252302441,Critical
2026-01-01 17:14:00,Earthquake,1.7064466809353254,150.5565546962158,26.71835667153751,15.039989980549725,7.124311935007492,0.43048899379603534,100.0,Critical
2026-01-01 17:15:00,Flood,0.9705556474571835,210.73441473994257,26.300089495516062,10.44364507092509,2.6188730318721953,0.31177421832267904,85.1439235013857,Critical
2026-01-01 17:16:00,Normal,0.1672223207452204,147.17775496221913,33.18567469337643,0.17912405433632905,2.3314261788667023,0.15335376068310735,31.164545553461526,Moderate
2026-01-01 17:17:00,Earthquake,1.6649035905165481,186.83006231216604,34.29888928451786,13.08981381447854,4.269231647321639,0.22399999999999998,100.0,Critical
2026-01-01 17:18:00,Earthquake,1.8075522135803124,217.22698331563612,33.41983121931547,9.868200318757166,4.80212655592973,0.526784745967879,100.0,Critical
2026-01-01 17:19:00,Normal,0.26876764647147494,90.78412785026569,27.158851436372373,4.889408291068921,2.27681895369223,0.12442139298620807,41.335542071535166,Moderate
2026-01-01 17:20:00,Normal,0.38606342067426536,112.78462803076266,17.301055061234084,1.945839030669216,1.7886370091368884,0.16067542840395133,49.995853633854765,Moderate
2026-01-01 17:21:00,Flood,0.9665329305316238,186.90625991005948,27.25896956803576,4.5775031948742715,3.6740091437864435,0.2743765679985529,63.862803014282036,High
2026-01-01 17:22:00,Flood,1.0436880471698617,104.12349547762588,24.210099936614757,12.767100826520561,4.012722108231969,0.22929572853972977,100.0,Critical
2026-01-01 17:23:00,Flood,1.0450170063419841,164.81144437397012,27.35137490494706,10.307159528019682,3.186310428801442,0.3112192113596497,85.83629836355269,Critical
2026-01-01 17:24:00,Normal,0.22969299510995736,133.30440399612885,24.644545536411957,3.938552457560999,2.88414653481544,0.17645500516623322,46.59599470839903,Moderate
2026-01-01 17:25:00,Normal,0.30954668709997407,169.23064542055405,27.89630072267199,2.273770031941332,1.6945202567623951,0.12267712169363694,28.601260142088293,Low
2026-01-01 17:26:00,Normal,0.31201833494805714,80.42611450694409,22.803621853842177,1.7472382472387205,1.9024445384474282,0.1919441613321084,37.412926967675645,Moderate
2026-01-01 17:27:00,Corrosion,0.8811928876158033,184.44077642579083,21.596412816408105,8.900467265265577,3.6813112745878556,0.26535626456333083,90.77341851607403,Critical
2026-01-01 17:28:00,Fatigue,1.0545488235961764,139.01323142127742,34.11345741285446,8.469103071222962,4.027000201164835,0.3742270857030482,94.45853264939399,Critical
2026-01-01 17:29:00,Normal,0.2213975913156372,108.82476350220364,23.15171193316173,9.63994154995183,2.644227924542853,0.07276937698546138,68.73133312865755,High
2026-01-01 17:30:00,Flood,0.9105796880962354,120.24989032600517,28.001658126281768,8.64570883996895,3.996964401484705,0.22756885432865734,77.22214540937902,High
2026-01-01 17:31:00,Normal,0.18552657771058467,92.80369906332687,32.772574233014176,5.176161476733601,2.4690306615561743,0.23802380886699237,51.8893212222799,Moderate
2026-01-01 17:32:00,Normal,0.20023939808786495,130.08805868634806,32.57152063114786,0.8344895958338867,1.6746274858348582,0.12882056452414214,29.118801458175952,Low
2026-01-01 17:33:00,Normal,0.16008225900564527,92.19170213046611,31.974241024576756,3.917902324468581,0.9312289019144795,0.10772781899639332,34.75626789898532,Moderate
2026-01-01 17:34:00,Normal,0.28519391733501315,138.5071083413229,29.514332572507676,5.530974215203958,0.5723610972471398,0.13277672471931112,38.030966999188536,Moderate
2026-01-01 17:35:00,Flood,1.1157302295189608,134.22584882575615,31.620016542684247,8.08164286636044,2.0092898523577003,0.28392170266484934,77.22285387077095,High
2026-01-01 17:36:00,Thermal,0.727355005413668,111.67415485378382,36.865440663030775,6.543114399277303,4.962726717729276,0.25222568511463667,88.35955972869473,Critical
2026-01-01 17:37:00,Normal,0.27267531485957097,106.80477134100263,30.12511296997687,5.980728876845969,0.21277341089412571,0.16320332511181332,39.005309905431204,Moderate
2026-01-01 17:38:00,Wind,1.1022711088376234,165.81767979390764,18.813988265929083,14.644469844682968,5.233723498977103,0.233714788124108,100.0,Critical
2026-01-01 17:39:00,Corrosion,0.8306062263248671,137.26616845172452,25.357333969249517,8.734908110923483,2.499130988702527,0.32985271418028256,76.07967140993128,High
2026-01-01 17:40:00,Thermal,0.744773633665778,142.85525295831997,33.48185035861044,11.432558850419413,4.3864409721198045,0.36609758098061423,100.0,Critical
2026-01-01 17:41:00,Flood,1.0681516518885155,168.2051865459021,24.86452033145298,11.064807132556346,1.8825400279154498,0.1391657050890615,84.7022937903193,Critical
2026-01-01 17:42:00,Normal,0.19569694609262572,147.06053629042373,36.10053069729322,8.253060124003552,1.7649060981167175,0.05571675060611789,65.21036857498925,High
2026-01-01 17:43:00,Flood,1.1009328330965318,143.0476172852642,27.68410085916784,7.370840229960086,5.1340244030252675,0.37222855798199894,84.87704336717931,Critical
2026-01-01 17:44:00,Normal,0.2303423381070241,93.89444961059604,28.426243856797182,4.379217515046794,2.7132095634755817,0.3055837072500591,43.27217450057768,Moderate
2026-01-01 17:45:00,Thermal,0.7480317032324135,143.9023619730629,35.62372099450868,7.3916792877060065,2.8627345393092085,0.08966568226362105,76.79662729083118,High
2026-01-01 17:46:00,Earthquake,1.689735579012387,193.3662396526018,27.085750513453537,15.038831709691927,3.417022698471518,0.46923492010230666,100.0,Critical
2026-01-01 17:47:00,Flood,1.040256360823628,114.28186735070123,28.88138517864093,11.577238466635592,2.357511477849068,0.42303039091590233,88.25551675669374,Critical
2026-01-01 17:48:00,Normal,0.32161747217809444,97.73479257481037,32.49561741999556,5.3751685733356735,3.389147096559379,0.11100701873337507,56.984111718883746,Moderate
2026-01-01 17:49:00,Earthquake,1.81186570052295,163.6203276009265,20.63864692083157,16.03011973212759,5.011758798746275,0.5303734261514568,100.0,Critical
2026-01-01 17:50:00,Fatigue,1.254106533313154,147.80444528199058,26.573509188062253,7.810005569055882,3.728175896586561,0.28576045752959955,83.11196923327722,Critical
2026-01-01 17:51:00,Flood,1.1343829961976335,131.77415240933036,32.1457664768956,11.856132658697375,3.963535104702631,0.3171709672458496,100.0,Critical
2026-01-01 17:52:00,Earthquake,1.7653977788226387,199.27601812742247,28.32800074171297,16.447428326557603,4.057161086912444,0.34646133483623287,100.0,Critical
2026-01-01 17:53:00,Thermal,0.7745578052954345,101.87166996353957,37.3366690603874,10.03248903777399,3.607290179840179,0.34008228208171115,98.736956803204,Critical
2026-01-01 17:54:00,Fatigue,1.1125757375588283,113.50703257013939,20.12038320906541,9.902509350443639,3.3803845193309936,0.36675616940923733,100.0,Critical
2026-01-01 17:55:00,Normal,0.1829584655659452,111.65277971221344,19.549991160269336,7.1399699972149,2.2937027855755407,0.31797674845838586,67.95499548345643,High
2026-01-01 17:56:00,Wind,1.278303064522599,153.0086798965036,31.84843258311359,7.417986604284531,3.4619490794629657,0.43124858952881795,88.2046429917427,Critical
2026-01-01 17:57:00,Wind,1.2139280417474867,121.0339031785474,32.329036074663875,10.695086793080625,2.466883939938843,0.31526799646262116,93.47697796634026,Critical
2026-01-01 17:58:00,Flood,1.0405167128686825,135.63127893381088,27.033749965840833,10.101531430475367,3.252627468187983,0.5406702892145517,89.50449218946653,Critical
2026-01-01 17:59:00,Normal,0.3049562934216653,109.97390456452277,30.001972000228623,1.0114530105455448,2.640777617108002,0.288063411877896,33.90752910573295,Moderate
2026-01-01 18:00:00,Normal,0.38782639066952473,110.16755132444636,31.726034888157034,6.423752758818562,2.394060089077036,0.22324128280365255,58.09961530333073,Moderate
2026-01-01 18:01:00,Thermal,0.8136764281750004,145.7970370822323,25.930683970741267,4.253543822954554,3.2309308673347266,0.18022764818771106,57.8220817290183,Moderate
2026-01-01 18:02:00,Thermal,0.7909567703302893,125.46052788941095,26.465758124753503,6.716245106271707,4.098131853010343,0.1375973816617892,69.39638767849834,High
2026-01-01 18:03:00,Fatigue,1.1956975698658063,189.94590750020683,28.948630895993183,9.619282877828894,3.596405987455773,0.18439777143386715,86.61716571897865,Critical
2026-01-01 18:04:00,Thermal,0.8774040332792908,154.20511599333932,34.5204447994686,5.807790846101581,3.256276314015217,0.18530676104603633,74.4579209391556,High
2026-01-01 18:05:00,Corrosion,0.8293216127693023,124.02216198396695,22.170215368210076,8.547662115860955,2.8402331203062747,0.37818421247121825,84.01888709859583,Critical
2026-01-01 18:06:00,Corrosion,0.8554149158927218,146.56278733418932,27.010261840324905,8.49967097130866,4.276617976753456,0.30696711306700186,80.92225678164255,Critical
2026-01-01 18:07:00,Corrosion,0.870630473275104,147.30038296514013,26.778816841477806,5.839455081923477,3.6115285477217647,0.21893014533052335,66.12132741162092,High
2026-01-01 18:08:00,Wind,1.2139450355683987,187.76803686244452,30.08979552521382,11.803923376472993,3.483041889826628,0.3051304791282634,99.53367793351669,Critical
2026-01-01 18:09:00,Earthquake,1.681472011924871,166.5904392770912,27.95650814995583,11.107530490081302,3.8709702534721955,0.3833802877657691,100.0,Critical
2026-01-01 18:10:00,Normal,0.1266012313758752,139.18346744301434,25.270582080985704,11.863923124204083,3.1049612748983266,0.24400405364189304,77.61553225363065,High
2026-01-01 18:11:00,Flood,0.9490087982398037,151.84636189456194,34.24282890378703,8.871563530008185,2.93593494881536,0.22169617900513355,86.45751077619458,Critical
2026-01-01 18:12:00,Normal,0.17282092455909262,157.28916291121914,25.303712591895902,1.4861175650299026,2.072064352489547,0.20797491088929942,31.382896809248543,Moderate
2026-01-01 18:13:00,Normal,0.1984940788821998,152.27228631598518,26.53951818489273,2.046974701358684,4.352599683144572,0.204006862075736,42.85777894230271,Moderate
2026-01-01 18:14:00,Wind,1.2357768513672003,162.324482614815,20.042511820401884,13.542741394094904,4.841509541733309,0.24809055918776707,100.0,Critical
2026-01-01 18:15:00,Earthquake,1.776485667494021,175.0429344745985,24.431870615770524,12.172545050844636,6.971149588826991,0.5310404823368279,100.0,Critical
2026-01-01 18:16:00,Normal,0.26571156840081506,132.6651477419864,30.58038038169525,0.9087085765100955,1.4618751874588514,0.15635430347814971,26.090129359902257,Low
2026-01-01 18:17:00,Fatigue,0.9770557271966192,148.48874932182085,29.6030097817743,12.0611382413833,4.870976396820207,0.2205799900355011,100.0,Critical
2026-01-01 18:18:00,Fatigue,1.0380686237663244,195.00767764945837,30.997584950328807,8.253278336665751,3.8266689929518907,0.3682303983616154,86.96514880807325,Critical
2026-01-01 18:19:00,Normal,0.2969806129395872,121.9617519544253,30.754911429728352,6.960258533358053,2.366016920768582,0.18435964617237138,56.04037779592674,Moderate
2026-01-01 18:20:00,Normal,0.29759619665414416,109.85893418717907,38.43857018147577,7.806698076968381,4.020841713039561,0.21267426501272435,83.37047036139572,Critical
2026-01-01 18:21:00,Normal,0.19203409374496735,108.50962284815186,24.260705862765448,5.823390616425634,1.721354175850294,0.08522561598467679,46.32276960582344,Moderate
2026-01-01 18:22:00,Fatigue,1.0879329909103643,122.67411037003231,19.90288128282606,16.687722187056,3.8192544536765363,0.3649933001313578,100.0,Critical
2026-01-01 18:23:00,Fatigue,1.2509078282785866,166.91397820233308,22.747235019642382,4.674227478799671,2.8967853484920374,0.4737942691619643,77.73545597994602,High
2026-01-01 18:24:00,Normal,0.24859216565954895,99.49971993401243,24.48174082084204,2.546149774184575,2.8884685559080765,0.07897330161724293,39.35063360438908,Moderate
2026-01-01 18:25:00,Corrosion,0.7995450443086045,171.65370630469369,23.128365316915446,7.532149986188129,2.759373101713364,0.29633670447916227,76.48437301115274,High
2026-01-01 18:26:00,Normal,0.2360990088510272,87.67662364996067,28.46830423822427,11.783520585824364,3.022710415818879,0.117175224371999,71.12135832255414,High
2026-01-01 18:27:00,Earthquake,1.7973741686021467,184.78103622433125,34.26327452778511,18.794007410306634,3.710086758255149,0.619168484767797,100.0,Critical
2026-01-01 18:28:00,Thermal,0.787906529544756,170.75559396243634,37.69829536484957,11.866072602181749,3.748638071833607,0.35917059825202,100.0,Critical
2026-01-01 18:29:00,Normal,0.24749162394587987,66.19382338440909,30.521542509233022,2.6176281777622696,1.3563066939369444,0.2025685874423976,31.5877038251082,Moderate
2026-01-01 18:30:00,Normal,0.13452425624505282,170.45663859480464,38.706361077270074,2.9674557806887107,2.730517639330211,0.08177060193044634,53.89666041581151,Moderate
2026-01-01 18:31:00,Earthquake,1.712989561993124,170.96787007004724,26.218134717167903,10.914319894578636,5.346440827145772,0.3251155140178993,100.0,Critical
2026-01-01 18:32:00,Flood,1.0080531810342803,154.32738455405348,19.83740478998787,6.849719335877711,3.144661085131709,0.35170196045454305,86.70085865796543,Critical
2026-01-01 18:33:00,Thermal,0.7867785623982051,156.2862306379086,35.265890339440844,12.478113821827924,2.8134403831240054,0.15100062418260074,98.20461539175027,Critical
2026-01-01 18:34:00,Thermal,0.7547048580112,160.15322640288883,20.80702804125469,7.2686986298124685,2.3496116999413594,0.15351089242063454,74.4394385194723,High
2026-01-01 18:35:00,Normal,0.23583891311388505,126.84709845649205,24.22498488650098,4.665505506068173,2.837787755320859,0.18070650121343024,50.18205625798356,Moderate
2026-01-01 18:36:00,Normal,0.25488118843313645,144.9346145926592,30.600561162113983,7.323160360770294,0.9513626505745854,0.19067333356348595,49.87938147878914,Moderate
2026-01-01 18:37:00,Fatigue,1.146153076521962,165.97676782304532,27.488092599756097,4.509416077898076,3.5329213612672024,0.3304025125755435,66.29166834298604,High
2026-01-01 18:38:00,Normal,0.24206306118191592,164.0220285008076,27.04523618564247,5.157937463807417,2.345239579702474,0.1448379761746309,44.18409056788948,Moderate
2026-01-01 18:39:00,Fatigue,1.1069282564238603,166.05818857136492,22.09604983589997,6.209384813981238,5.4134945254485185,0.3736117236904868,93.35167924771042,Critical
2026-01-01 18:40:00,Flood,0.9766719758852863,199.91588799707716,27.945988052833314,8.316755238325044,3.670701399108186,0.22305482296188583,76.92212020637095,High
2026-01-01 18:41:00,Normal,0.29576765788787857,142.5269710059414,33.018312443688956,3.2407379181223623,1.7574894134615593,0.2301315482845153,43.81869481638519,Moderate
2026-01-01 18:42:00,Fatigue,1.1050584238089887,107.85624685579344,28.099839582680094,7.586057761906229,4.073634865116028,0.31712965429345,78.45288238781342,High
2026-01-01 18:43:00,Normal,0.31926536025438557,185.27756695969603,23.848870601794694,5.6767454201190946,0.0734642156744294,0.22805192685028258,44.5632689284177,Moderate
2026-01-01 18:44:00,Earthquake,1.847076836995559,167.24139728806952,21.762307697013348,14.063640207177531,4.161354299309281,0.49855984415404303,100.0,Critical
2026-01-01 18:45:00,Wind,1.2320988498304917,194.7886003800434,23.952027085222106,9.440538232298044,3.664633501121549,0.2795734123916095,94.8975617911943,Critical
2026-01-01 18:46:00,Wind,1.1771266073073776,158.06983607798597,29.961668762071792,11.212053028973468,3.3270308492673473,0.26311379745444574,94.17628822149078,Critical
2026-01-01 18:47:00,Flood,1.0395951381635575,177.3272564400645,29.718011311798552,6.594156377439352,2.0791667107565877,0.1569284995078733,64.93779778114435,High
2026-01-01 18:48:00,Flood,1.105080714276122,133.58802722835514,23.997464497021657,11.24475760711828,4.537778651167585,0.13047983232617308,100.0,Critical
2026-01-01 18:49:00,Thermal,0.7478340344477765,157.6436135772397,18.946202890089708,7.381402933527182,3.4597567295573217,0.24592206735444178,85.65718447854616,Critical
2026-01-01 18:50:00,Thermal,0.7497273777042508,135.67023636513986,32.10006381836082,6.549009313586309,3.340265247282508,0.2513981695304309,71.55981523227621,High
2026-01-01 18:51:00,Wind,1.199514511836029,196.87507778974722,23.511463005123744,7.715723564891055,3.3460088488456265,0.22911335008449385,85.82906540832974,Critical
2026-01-01 18:52:00,Normal,0.2832223752212363,130.96670418542524,31.445312395076417,4.275807618599955,2.0793929646636653,0.11031202401052466,43.83183994938033,Moderate
2026-01-01 18:53:00,Corrosion,0.7890714800588797,167.59856603253917,24.21945178936125,13.911917770537768,3.8344494594410596,0.38987630858367434,100.0,Critical
2026-01-01 18:54:00,Thermal,0.7940189949269354,87.89807821317325,25.060497731650955,7.810058689692231,2.935103946096719,0.33006718242422506,73.61047562610861,High
2026-01-01 18:55:00,Normal,0.2424800980616972,117.86068300528437,28.76585953629792,1.5667893915696829,2.444572239240365,0.07907145002227012,27.931157994682927,Low
2026-01-01 18:56:00,Earthquake,1.6127775907517223,191.8637908764574,39.78849615013185,16.15645720035514,4.563939518174885,0.36861215591048757,100.0,Critical
2026-01-01 18:57:00,Earthquake,1.7724324808592993,187.1903726609927,31.745149955582868,11.984214692624736,5.457485312989713,0.43648021533251224,100.0,Critical
2026-01-01 18:58:00,Normal,0.23741457337212268,144.02893034294627,28.68109649602926,5.851277013057412,3.1424982829260997,0.12988391805115668,49.683686050710726,Moderate
2026-01-01 18:59:00,Flood,1.0071765645741584,141.65239387156362,29.794257681904842,7.383018348720265,4.912019703576039,0.22730437476756538,82.4510872744101,Critical
2026-01-01 19:00:00,Earthquake,1.9032731419661815,182.81967762586578,19.244420692572014,17.242319948429508,6.687588804949662,0.3769403372973974,100.0,Critical
2026-01-01 19:01:00,Corrosion,0.75773613611929,173.73066911037478,22.38829814623722,6.527720730062108,3.6055684154329173,0.35525287082659796,78.52308287395131,High
2026-01-01 19:02:00,Fatigue,1.009030194303631,96.03277491386608,15.445355674764304,13.693573935732609,3.8316139548577457,0.3945121042014991,100.0,Critical
2026-01-01 19:03:00,Fatigue,0.8660243361344533,167.73376254095854,36.64936947288311,6.352218246413641,3.3512110838405853,0.2411642545766184,82.41226970916026,Critical
2026-01-01 19:04:00,Earthquake,1.7515266667060687,173.25287935016115,35.63693014577874,12.52128084285356,3.552515243482583,0.4408440875707449,100.0,Critical
2026-01-01 19:05:00,Normal,0.21834851566991992,97.19204688615946,29.96409263107455,9.199987357720344,0.6551003035995078,0.17948705976977997,52.914133412893484,Moderate
2026-01-01 19:06:00,Corrosion,0.8142018258932596,152.6136056068995,28.675575515421023,8.804522674344017,3.1519450280347407,0.18734116060111594,73.10378552621478,High
2026-01-01 19:07:00,Fatigue,1.163614187158701,183.6862824202164,20.2420499875121,16.314397825416897,3.6917115508715694,0.27623403893999654,100.0,Critical
2026-01-01 19:08:00,Wind,1.2538494017869573,183.37859578710453,26.903500198746546,9.292578652285949,5.4522230288064915,0.21486126496018887,96.36203608129969,Critical
2026-01-01 19:09:00,Fatigue,1.0812285379413844,149.62217422733428,36.961959392019466,10.271128558882022,5.114799129375625,0.3930444189722476,100.0,Critical
2026-01-01 19:10:00,Normal,0.22035095571681101,141.89352409402372,28.657079990978573,10.715447816146453,1.3135138585134154,0.3041977634124242,62.7394809171287,High
2026-01-01 19:11:00,Fatigue,1.1570951734485493,174.7016974611461,25.176767668940517,4.958230349773196,4.618325715089018,0.2671541534740728,77.35213307556467,High
2026-01-01 19:12:00,Normal,0.24841937121313187,117.81571823767082,19.20964669998193,0.08674990045538689,1.5229311354260893,0.12807365499645496,34.43991927903877,Moderate
2026-01-01 19:13:00,Normal,0.18453839688652338,102.6729862002948,34.90152863865403,2.6134754683717754,2.682616343003801,0.264367555011886,47.59846175159084,Moderate
2026-01-01 19:14:00,Wind,1.0477001058012358,141.51914922194175,27.64958099486172,12.540118068419977,4.8460177281067445,0.4132919152784014,100.0,Critical
2026-01-01 19:15:00,Normal,0.2146948404883454,140.9463337217034,19.216330733185856,0.17044645000418335,3.2420928121477375,0.09084708784859877,42.496377111439365,Moderate
2026-01-01 19:16:00,Normal,0.3103714893738087,118.94632965718273,23.378671589642288,6.7911471696860595,1.507356645217303,0.168156426499788,54.69856514510021,Moderate
2026-01-01 19:17:00,Normal,0.43212309516344716,93.84544450673529,21.612309913209348,6.58012008346668,3.0143036871809237,0.17528492897030126,66.78994137888135,High
2026-01-01 19:18:00,Earthquake,1.794928827695158,139.47842911227187,27.34128237144014,19.44317069960587,3.487185963878728,0.34233789810760645,100.0,Critical
2026-01-01 19:19:00,Corrosion,0.7937715587903758,164.9957863024095,29.036694848064094,11.436454776537119,4.616215681538862,0.29887853552699584,93.53791306112704,Critical
2026-01-01 19:20:00,Normal,0.1552027833372629,106.3305394433944,25.483914678607377,6.092150712493328,1.9749832771814837,0.1240043731932839,46.215368406196916,Moderate
2026-01-01 19:21:00,Flood,1.0641563917044479,159.05969389139955,31.88523298243441,13.27739880545888,3.6762720020143025,0.24877914037148996,100.0,Critical
2026-01-01 19:22:00,Fatigue,0.9338307158092586,183.9926726767281,28.394011202362208,11.1167118233446,1.8374365056904525,0.2918925816131967,79.81693968834038,High
2026-01-01 19:23:00,Normal,0.29402760811239104,87.27688807866286,33.31156192636065,3.6197898361183936,1.6113341127526193,0.06087501742197127,41.11818500599243,Moderate
2026-01-01 19:24:00,Normal,0.315416928501033,118.87156548717887,26.214029609596405,1.5661826688534153,3.355479399613551,0.015483738401868563,34.709968637310055,Moderate
2026-01-01 19:25:00,Fatigue,1.1099023562586292,148.73264634452826,43.22662796005573,7.791903188920758,3.3732981082971856,0.3734617893310661,100.0,Critical
2026-01-01 19:26:00,Fatigue,1.0574270662449154,162.493571890699,25.17755638263021,9.379778376358647,4.513462760975209,0.24077415287105222,92.02382078317021,Critical
2026-01-01 19:27:00,Wind,1.2301952522837452,188.37899996051087,23.48335004122064,10.62505521604881,4.07455512771411,0.48678912664200313,100.0,Critical
2026-01-01 19:28:00,Fatigue,1.088675069690264,119.7637046334398,22.868497249521212,5.905586794260277,4.862669139599698,0.4577470340066928,88.19004292594431,Critical
2026-01-01 19:29:00,Normal,0.18775009265115267,134.24494871764418,26.945296367228472,4.341318995228017,2.1915009652041246,0.13948171026247555,38.73876960183865,Moderate
2026-01-01 19:30:00,Earthquake,1.938032985790002,207.38809437484252,19.402319545671084,13.485745308648333,4.428188468901897,0.5911242396466101,100.0,Critical
2026-01-01 19:31:00,Corrosion,0.8268656496311588,139.54057340108045,29.472814219139053,9.942612334639522,3.3764506798489435,0.3430059623510061,83.16775051297932,Critical
2026-01-01 19:32:00,Normal,0.3120601840359928,116.56382517767192,18.473481152175964,9.880402647519052,3.6012169037012125,0.12837489576455388,86.60671309383828,Critical
2026-01-01 19:33:00,Corrosion,0.6615108573843429,154.66123422462306,28.808354620286156,8.856960606335809,3.8176450780362012,0.08800000000000001,72.40787470505794,High
2026-01-01 19:34:00,Wind,1.2871176706224743,166.02042694724472,21.243741279518233,7.371311371256845,3.9235536927063355,0.3710524110080261,95.45096054392201,Critical
2026-01-01 19:35:00,Corrosion,0.9725010995723666,158.75881518417805,26.093532963099538,3.7542381508044165,5.575743819133308,0.27050366999049164,71.94035029813179,High
2026-01-01 19:36:00,Earthquake,1.792386702970131,195.63201316003043,31.022701995661798,15.461032874337144,6.519215702561221,0.4385089268594959,100.0,Critical
2026-01-01 19:37:00,Earthquake,1.8347016827790208,157.05069235960872,39.52018841938177,10.79273792156776,6.17673391539846,0.385693105879644,100.0,Critical
2026-01-01 19:38:00,Normal,0.294681214528605,144.7566624426236,22.609997396094215,7.600510931484042,2.3173424652443746,0.08849144555209083,62.27148906538935,High
2026-01-01 19:39:00,Normal,0.19857731442874205,149.16957905475596,27.24841275286804,9.192260456487706,2.7302738347511077,0.14583786684630612,60.80811117990675,High
2026-01-01 19:40:00,Corrosion,0.8987697844351473,148.85207234225746,24.38120662612229,3.6677757020624777,4.082732073182841,0.32453098287560317,67.02110103567367,High
2026-01-01 19:41:00,Normal,0.18530956241019558,82.64611733625833,23.65064838719602,6.661677676276888,0.18281534555213774,0.1516499706100631,43.812392364893505,Moderate
2026-01-01 19:42:00,Normal,0.20129944610837391,117.13135734999774,24.42513335015228,8.877867231018033,2.3949362128294487,0.1511665714125914,63.08863603559216,High
2026-01-01 19:43:00,Normal,0.3401554514569839,124.86014692351421,32.1203323781847,8.057117975840846,1.8391941406643417,0.05844903295538831,59.087470727100445,Moderate
2026-01-01 19:44:00,Normal,0.32797261525601623,91.38499405532957,25.5597206788481,1.2891383107313672,1.5002237268634244,0.187296038542262,28.45799618091133,Low
2026-01-01 19:45:00,Fatigue,1.0184899598307366,143.99654841057466,39.24656349135428,6.939043865618887,3.604562719955762,0.21104544468099762,92.99569119756447,Critical
2026-01-01 19:46:00,Earthquake,1.7313138925199167,146.36576531103645,30.07989627947367,9.55945848274873,3.8041513131777984,0.47748209597584895,100.0,Critical
2026-01-01 19:47:00,Thermal,0.7483522718033863,157.1823056246611,24.949946694129626,9.570418265441152,1.3953898999628207,0.20127192798158544,71.28124627069286,High
2026-01-01 19:48:00,Normal,0.30861116531723926,124.14888287255128,26.166474089274615,6.239979870456493,3.246502417448497,0.15634367276033945,55.463350367621565,Moderate
2026-01-01 19:49:00,Flood,0.9400012175351682,109.65542087964388,23.990765049800054,7.293675633821875,4.142157819708926,0.4651186852595497,85.16991736037055,Critical
2026-01-01 19:50:00,Earthquake,1.8185370111228762,190.3866215395495,32.00034326473357,12.497505136016475,3.773012127212279,0.37947406218395296,100.0,Critical
2026-01-01 19:51:00,Earthquake,1.8497477448507436,180.1872763152427,19.806101717173735,15.80215949102332,4.783615458598259,0.3687540147093539,100.0,Critical
2026-01-01 19:52:00,Fatigue,1.0679403639765521,165.91035706886012,21.29524309782095,9.943927973672366,4.6805517333965305,0.34684975887191444,100.0,Critical
2026-01-01 19:53:00,Thermal,0.8808050957491942,132.2116891561143,27.04226940625429,8.438800758499584,2.9199856262793684,0.11717905582194775,70.6141174859772,High
2026-01-01 19:54:00,Fatigue,1.0506551864408167,132.9630149814244,31.414733965691628,8.405018939843867,5.045004953798362,0.400064745742282,94.18086150871196,Critical
2026-01-01 19:55:00,Normal,0.23289155192048686,100.72888433855482,34.16530137411386,1.8231771767759648,3.049751799276634,0.2595152034764476,45.548511966953555,Moderate
2026-01-01 19:56:00,Normal,0.1718203015094515,106.54574458628989,34.902710953864215,4.948832528328548,0.6432887906892863,0.221956139589978,45.82299531683201,Moderate
2026-01-01 19:57:00,Flood,1.1013741878096164,151.2706274145262,30.64900759973765,9.356280353705372,3.536675901151168,0.11199999999999999,84.9701227940872,Critical
2026-01-01 19:58:00,Normal,0.18867836424169038,123.6989616356198,27.5855523182099,6.845763560998867,1.5519105751912958,0.15924706412193787,44.46074150351861,Moderate
2026-01-01 19:59:00,Corrosion,0.8829817454172049,139.43200305479743,31.973129061569963,10.389499772886387,1.9307617056478996,0.16617070191957337,80.55258584997334,Critical
2026-01-01 20:00:00,Wind,1.1792947146299253,146.81701127508703,22.27749691284145,10.357584257489723,2.5857256751447286,0.4059285427167632,96.9806964151916,Critical
2026-01-01 20:01:00,Wind,1.100777354951067,148.61491829986295,18.776713889918867,13.384725093754493,3.2339784537582723,0.40020488698048096,100.0,Critical
2026-01-01 20:02:00,Fatigue,1.0262717484941344,215.6931196376733,30.183187888432446,8.375225995592688,3.1590745904873616,0.3310407911864619,81.9767545794013,Critical
2026-01-01 20:03:00,Corrosion,0.9656297791232589,124.93187121254478,22.97160791425575,3.9679262903608,3.603229777243363,0.17175110422879897,66.66626780131136,High
2026-01-01 20:04:00,Normal,0.26613260341075845,106.05069978634519,27.673466339172595,6.431161008254617,3.04421347321442,0.2995435368419944,53.68986184144914,Moderate
2026-01-01 20:05:00,Normal,0.16926797269065263,202.3463527092037,28.598135079364074,5.3791386631677645,2.51364495581237,0.15901910887844095,44.83245140747041,Moderate
2026-01-01 20:06:00,Flood,1.0444262629878953,161.3253325615138,29.240597795891482,10.690794547039589,4.430372240280824,0.43642968535204524,96.95549803757162,Critical
2026-01-01 20:07:00,Wind,1.1733108774724363,122.9004833524076,32.68895769262526,6.306645955151216,3.7733821785296326,0.33723096534901187,82.87337196963296,Critical
2026-01-01 20:08:00,Normal,0.5263237121795346,141.0671800994316,32.16037594145865,10.372388265833134,2.6030001966128897,0.22054464151333183,78.80814553757565,High
2026-01-01 20:09:00,Earthquake,1.8128099073073818,158.84902776997131,28.975000335838452,15.531507240990923,5.211625018409739,0.36717564923499757,100.0,Critical
2026-01-01 20:10:00,Corrosion,0.8245500122346909,166.92653769512742,25.789923597652972,7.436009327002623,2.8785276167472174,0.38055644622254475,73.25342212718317,High
2026-01-01 20:11:00,Fatigue,1.1886022334229684,147.72594301573298,28.538810443381603,6.693640562106063,5.697100948895626,0.34867471074348866,86.66773984894502,Critical
2026-01-01 20:12:00,Wind,1.0377171066165725,146.4051037627648,25.018947916625393,13.331460231296747,2.3704759565474984,0.43143133540116974,100.0,Critical
2026-01-01 20:13:00,Earthquake,1.7975456125104878,221.82912422068958,27.017855389969146,10.09469065380843,3.4866957026926393,0.41820329588376315,100.0,Critical
2026-01-01 20:14:00,Normal,0.4095542795744858,134.16003381648113,41.090867117902064,11.784094474376209,2.3826997541336046,0.17623690725953603,98.19073287568605,Critical
2026-01-01 20:15:00,Wind,1.1757040572512198,181.7247359362302,28.910948504417703,8.260385180302007,3.77501765146755,0.3636104130319049,84.71723169932957,Critical
2026-01-01 20:16:00,Normal,0.11133591642815369,130.87299198799866,30.25122508518774,10.161515643816834,0.5630156498330776,0.2954032407272966,57.64060967939029,Moderate
2026-01-01 20:17:00,Wind,1.1533265628471523,146.28888690517255,24.47259675484819,9.546578644781851,2.9853890488362316,0.39733874457913376,90.71324181157843,Critical
2026-01-01 20:18:00,Flood,1.1363614432767228,166.0838605064552,33.10036708214934,13.942240126460923,2.7555942031382186,0.30305790457234183,100.0,Critical
2026-01-01 20:19:00,Normal,0.2800855677056617,150.2303848171115,31.801362113317122,2.7953944795204517,2.8923365371309138,0.031422519389768006,41.55727732479637,Moderate
2026-01-01 20:20:00,Normal,0.18289151123899858,123.36845108793884,31.836762773275424,5.0565091356401,3.212410431064439,0.24483088314970589,53.88124946301303,Moderate
2026-01-01 20:21:00,Normal,0.19518057542567807,165.04106510866265,29.074456233767314,7.414247990511699,3.639562565230618,0.06490361620368065,57.6559718770189,Moderate
2026-01-01 20:22:00,Fatigue,1.030223978308015,174.26218008004773,33.17095047883385,11.486231410087468,2.2109887777906616,0.30280046049218706,94.47292962681537,Critical
2026-01-01 20:23:00,Flood,1.0488958307243197,156.0995637442903,34.35842598317367,12.502285500973649,2.312876467488468,0.282738705010354,100.0,Critical
2026-01-01 20:24:00,Normal,0.35705569063509224,126.28716327544545,29.415494596746477,3.5375836555953057,0.5643735254994773,0.06657852135475094,29.70177619814676,Low
2026-01-01 20:25:00,Fatigue,1.1591938410239337,156.4309282241906,27.426938204998386,9.754425118549433,5.088857005770009,0.32980024718990664,95.22575938893556,Critical
2026-01-01 20:26:00,Earthquake,1.8264809745687303,150.3190303601252,32.472854950573804,17.14516572799421,5.77722445441953,0.5763454192165821,100.0,Critical
2026-01-01 20:27:00,Wind,1.0784684191954015,155.14819510478486,23.47937346720128,7.984233494843146,4.120199216469722,0.29099155750560646,89.02213021982288,Critical
2026-01-01 20:28:00,Thermal,0.6937653988805248,147.52966213352917,26.410198596923365,9.717623183355204,3.429628693847447,0.3212703729930504,80.1244168209392,Critical
2026-01-01 20:29:00,Normal,0.2926601616971011,109.59787196833678,27.733498285575493,4.34251928066675,1.9432217228612563,0.3684551870993687,41.492027139588814,Moderate
2026-01-01 20:30:00,Normal,0.14236231216536843,128.44192546761738,19.293214657809273,5.617622319747816,0.878857952593495,0.2490090575207099,53.63498903910671,Moderate
2026-01-01 20:31:00,Wind,1.1669546383145117,157.93268725887776,32.137976367817124,10.353650649243345,4.553172789784904,0.26441253538738174,100.0,Critical
2026-01-01 20:32:00,Normal,0.27433203569489417,139.3422972774692,23.185430562670884,2.6351505476451074,1.8138614943463136,0.19896118368981985,40.266487836889524,Moderate
2026-01-01 20:33:00,Flood,0.9289924803709849,167.37780952664326,25.642544892491216,8.417920423632657,2.479678486520707,0.3304624146487452,76.46797302398645,High
2026-01-01 20:34:00,Normal,0.1680590132512909,124.17883218962103,26.933602021601146,5.434796756230118,2.5742854453580577,0.29470505066191693,47.30838233835939,Moderate
2026-01-01 20:35:00,Normal,0.2424703148345745,85.81967771745005,28.196434107852753,4.6918280038636135,1.5742123637274121,0.27712402725104684,37.928694406252305,Moderate
2026-01-01 20:36:00,Normal,0.2902920230019243,164.76806846702925,26.28173361788479,9.718207849382717,2.2274834868413773,0.0,61.63786324240934,High
2026-01-01 20:37:00,Earthquake,1.8749215016331005,178.0527250357214,27.663144763848255,16.42986667044908,5.235020838701975,0.33550363582430587,100.0,Critical
2026-01-01 20:38:00,Normal,0.29856427478164416,117.9778386576217,27.70186183804793,5.869941495480489,2.8913787722248085,0.17439786219091188,49.16985572829334,Moderate
2026-01-01 20:39:00,Normal,0.2558925275993756,111.43697878251531,25.76484521186437,2.7105614518414933,2.2201629742289417,0.09877703499698437,34.80328799960169,Moderate
2026-01-01 20:40:00,Fatigue,1.0153044197154362,140.78970859836159,24.134027711806173,7.02793072430614,2.916299825143194,0.12,73.39486090897654,High
2026-01-01 20:41:00,Normal,0.16432744033243846,158.6014512000131,33.40736962177801,10.921433105841231,2.322003223538532,0.1219505209799458,74.11831720983676,High
2026-01-01 20:42:00,Earthquake,1.7491298329336682,216.25110800965197,17.477971488666483,10.370343691783415,5.714688724473062,0.403711151400987,100.0,Critical
2026-01-01 20:43:00,Normal,0.28279484679844535,131.10983508944176,26.971424204952587,5.341578854451572,2.5113329740388726,0.13797722537508486,45.91400620882897,Moderate
2026-01-01 20:44:00,Earthquake,1.8169298965301874,178.91249613923185,25.655502640578923,14.482846143046036,6.395874254731913,0.3242445395938927,100.0,Critical
2026-01-01 20:45:00,Normal,0.0820078411419902,135.47794962534383,30.093957433632433,4.066029045550081,1.3840172148228267,0.1833171699827863,34.58657041708149,Moderate
2026-01-01 20:46:00,Flood,0.9571458377385997,152.6449245442343,20.728536017404956,6.193388706267921,4.347935667180532,0.3194470540201704,86.78244181961851,Critical
2026-01-01 20:47:00,Normal,0.34636060412849246,115.24442704192253,25.501073293781978,2.645310082980539,0.2751827621591951,0.14251223088276224,27.829118272111362,Low
2026-01-01 20:48:00,Fatigue,1.0813372038243312,161.45264803765826,27.488201330051222,7.860484993087915,3.680015184711693,0.40973950579789375,80.61114167368558,Critical
2026-01-01 20:49:00,Thermal,0.6866392869517612,130.97105632636388,35.3503680518523,5.871521392706663,2.9253401151923577,0.26461715327035806,72.29361718836574,High
2026-01-01 20:50:00,Normal,0.4384656945278521,126.30660660008581,29.66092483397712,8.98316117954279,3.44784522018028,0.11027890642920957,68.64464222305546,High
2026-01-01 20:51:00,Normal,0.24768466141481882,125.10552314054088,22.08255894565569,4.972622019582114,1.8436645710235147,0.09003701421201325,49.27458261994736,Moderate
2026-01-01 20:52:00,Normal,0.2807467167450726,135.0734005314481,25.5626164063967,3.4285966965571637,2.6079887781716096,0.16296241573930706,42.0471834585782,Moderate
2026-01-01 20:53:00,Flood,1.0519619804836107,135.32157606310977,32.430256763303454,9.520874131601616,1.918221377127443,0.3810736522829964,84.76554669758549,Critical
2026-01-01 20:54:00,Normal,0.2205923627071851,137.75340882191352,21.996125670384664,7.003867715884743,1.6482420353114182,0.1141049032685493,56.768541845684396,Moderate
2026-01-01 20:55:00,Fatigue,1.0167941054542886,130.34221267623735,27.606778658138147,8.466140881827261,2.9536401325664206,0.34767035871973606,76.32572705716957,High
2026-01-01 20:56:00,Corrosion,1.0247339988052753,129.88583370946904,27.954397737368623,11.005943885527746,5.795511123295525,0.275564552801145,98.83585461953737,Critical
2026-01-01 20:57:00,Fatigue,1.15525646956942,139.77687352135638,26.071084700396177,5.686559676930324,3.1332032428786425,0.45945863756037414,73.85094117304286,High
2026-01-01 20:58:00,Wind,1.2507549760886942,130.59870569065805,41.478758913994575,13.61391089634924,4.113279072661452,0.34722011709284556,100.0,Critical
2026-01-01 20:59:00,Thermal,0.8461031353374568,167.39155708464156,27.936342702762254,7.973142980683337,3.32657580227517,0.20414190084593126,70.57022420740923,High
2026-01-01 21:00:00,Normal,0.16973460877106522,95.77368809525507,30.248825796838986,4.855962944744815,0.4105217090633466,0.23890956230117488,35.05363338298888,Moderate
2026-01-01 21:01:00,Earthquake,1.8922024153392218,164.1270915648332,24.16849439890358,11.320957026605441,4.833964589456886,0.4656017592716776,100.0,Critical
2026-01-01 21:02:00,Normal,0.18254938735906007,151.38519276216604,30.63873995999702,1.3164496084597594,2.404766512649255,0.14823911901633482,31.246237501555452,Moderate
2026-01-01 21:03:00,Thermal,0.8226629438520516,127.73543245365875,34.35393798425967,3.0000158074461734,3.2857222752412856,0.1668803436535992,61.24756753377804,High
2026-01-01 21:04:00,Wind,1.0538488075628345,152.6964328715476,25.06017981626951,7.811669993150641,2.3404109720079367,0.35888281529812566,77.00608020328838,High
2026-01-01 21:05:00,Fatigue,0.9117312919481985,127.6992749770866,27.726490923907335,11.263019661807057,3.233008555495399,0.30508121414120015,85.96535163608728,Critical
2026-01-01 21:06:00,Normal,0.2754632962122492,140.8237801905671,23.523601150545634,2.1161647330860145,3.0208216614468926,0.0586759926609957,41.070900181635864,Moderate
2026-01-01 21:07:00,Thermal,0.7352720586244074,163.16840610477664,24.27798093975054,3.354655442827073,3.788222927312935,0.28036167991924904,61.02221313204368,High
2026-01-01 21:08:00,Wind,1.0258665942962182,175.87364760308617,33.18397716250103,7.372804067486641,5.258033351825204,0.2650405681583035,92.55139193511158,Critical
2026-01-01 21:09:00,Wind,1.2282487602357661,170.8382457048486,25.22999527058176,8.945500047487055,3.0543526625767092,0.19475183665100154,85.28287212831735,Critical
2026-01-01 21:10:00,Thermal,0.9696064616840632,143.83972777548692,17.93193835745965,6.963496332012942,4.480929535279058,0.23183069252893584,94.60974016532052,Critical
2026-01-01 21:11:00,Earthquake,1.901164820686405,168.4905833265504,36.82678078246811,13.013321275271705,5.315593951710818,0.5066334987365491,100.0,Critical
2026-01-01 21:12:00,Earthquake,1.7694145691787462,161.22576733334947,23.98952338468697,16.497819038155633,6.952222500938939,0.5006449200070445,100.0,Critical
2026-01-01 21:13:00,Wind,1.1857076245357558,189.64763816904176,26.768134781259846,13.847763314274468,4.043304434083773,0.39174016816058943,100.0,Critical
2026-01-01 21:14:00,Normal,0.3210165005427131,139.12010679316475,36.20453252747157,11.016387516167967,0.04747549271431328,0.20153863120736984,72.62214687696503,High
2026-01-01 21:15:00,Normal,0.33977024158679253,102.6673943199894,27.2912895290618,0.1252780499042947,2.849254571307144,0.22766377626840795,28.226631417182716,Low
2026-01-01 21:16:00,Normal,0.2225171424939441,120.99579420557836,27.183316988990683,2.432348238990996,1.5564863220253575,0.18789156651824013,28.710471646029134,Low
2026-01-01 21:17:00,Normal,0.25273421725796597,112.49712267537467,21.859134777247334,7.095455471179262,1.6237703886315162,0.0915959339028425,57.005295202431256,Moderate
2026-01-01 21:18:00,Fatigue,1.099049184541163,124.79473235735625,19.82583150186217,8.137906353424924,2.34690356893023,0.22755984809180524,86.75974802445235,Critical
2026-01-01 21:19:00,Wind,1.2293101056223066,161.84128441553256,27.16806867701936,12.682359409547697,5.662199499006043,0.26742552595538366,100.0,Critical
2026-01-01 21:20:00,Earthquake,1.7793538846390986,171.2126833940201,29.814048870374474,14.02134029034448,4.838898826197153,0.5161087261309063,100.0,Critical
2026-01-01 21:21:00,Earthquake,1.7803931803945006,157.78658334260786,29.52762704105386,18.137612630110397,6.93503577491252,0.4901352584896355,100.0,Critical
2026-01-01 21:22:00,Earthquake,1.900386586380351,144.62168614645594,25.593694597653922,16.528148341798058,4.928756838407146,0.31760979493385394,100.0,Critical
2026-01-01 21:23:00,Flood,1.1167616561954308,111.70491249485822,28.101288996734713,12.383049879676944,2.752254797850722,0.29627128923329593,90.94133294405535,Critical
2026-01-01 21:24:00,Thermal,0.8381928458748871,132.714346807634,20.813950023360164,6.764385173918912,4.519529174029814,0.2277914285797818,85.60386170182583,Critical
2026-01-01 21:25:00,Thermal,0.9375287256018343,139.8726257393771,32.3008351034774,7.707617462095184,3.1266652509997703,0.24759195685594532,78.9153458578832,High
2026-01-01 21:26:00,Earthquake,1.7590843390218867,159.7174797459421,28.80702922385023,12.484239627297931,5.296427992644844,0.36111657448382184,100.0,Critical
2026-01-01 21:27:00,Normal,0.37983787589035045,136.2684856914307,37.86830447091429,0.48232356905027984,0.71837405971688,0.29245532982450223,39.811883961927194,Moderate
2026-01-01 21:28:00,Earthquake,1.8334012354828442,179.96133645542594,28.037398232145236,17.815307766486598,4.902376645303743,0.4024874770501091,100.0,Critical
2026-01-01 21:29:00,Wind,1.4466820897771673,171.82213276496626,23.286653239269604,12.336161926529636,4.468695823630998,0.33329254436810185,100.0,Critical
2026-01-01 21:30:00,Earthquake,1.6946014458574017,177.0272302453073,27.746384329555905,12.364918627757184,4.060820006241148,0.4219406564906658,100.0,Critical
2026-01-01 21:31:00,Flood,0.9648523798226127,131.12205911982235,26.361000999920815,13.11377752237992,3.1409123058281834,0.20977838600311838,94.94122046783892,Critical
2026-01-01 21:32:00,Wind,1.218503826256044,160.25293927846533,30.17353934385199,8.208897059758533,3.6195535625925426,0.32468429582724223,85.94237384421234,Critical
2026-01-01 21:33:00,Normal,0.28177872423831934,88.43313719954193,28.13446030862593,0.5144034053658268,2.0664408047139977,0.2649853457429473,24.09228799153971,Low
2026-01-01 21:34:00,Normal,0.4060111187340015,133.48596301591618,21.70026649473678,8.022109258680842,3.479559645638264,0.2978152788384565,77.15732476403186,High
2026-01-01 21:35:00,Earthquake,1.7365300253360374,158.17126983717165,19.8212835590299,9.564319300652006,5.060046867017016,0.31217480258244457,100.0,Critical
2026-01-01 21:36:00,Normal,0.3223934814955107,142.95581316333622,29.31454101316508,4.41267360312805,1.3094993375874378,0.05851190100890169,36.25677464879902,Moderate
2026-01-01 21:37:00,Normal,0.3429970403745597,111.53860634395213,34.91557270534619,5.618369122351281,4.7463706320246715,0.18497076640332175,71.54759049641387,High
2026-01-01 21:38:00,Corrosion,0.9113718265776519,170.76333790774794,28.396739420258598,9.456396034216286,2.8868146464765703,0.35673500605880276,78.95279927956085,High
2026-01-01 21:39:00,Earthquake,1.7131202926460545,153.53442028529213,32.066486769601035,15.945203168611387,5.169341838830804,0.432767716342695,100.0,Critical
2026-01-01 21:40:00,Normal,0.36262070442033584,103.0557574817795,33.064045771018,6.742554278802537,1.6421536308089673,0.23442368608638442,57.91087947508399,Moderate
2026-01-01 21:41:00,Wind,1.283345994505233,166.92337367121428,29.33395922897334,11.74967757968608,3.7632308988903724,0.2071800783274782,98.31687330821353,Critical
2026-01-01 21:42:00,Corrosion,0.9029667615832303,173.4624273356689,23.92754256069296,5.927744653830526,3.397754863015961,0.22224100125840046,72.22073123220738,High
2026-01-01 21:43:00,Normal,0.26634781497671633,161.66522270787306,28.97654042522782,5.882730671802972,2.9207964775932744,0.004311015536567847,47.869818883614734,Moderate
2026-01-01 21:44:00,Fatigue,1.0930886408035498,154.03415409202182,34.035364438002404,4.983350089849682,4.203987723273405,0.2886009560603233,80.66709536897667,Critical
2026-01-01 21:45:00,Thermal,0.7937011366208498,187.9436407696689,32.649452747999575,12.686413095358489,4.277095563366421,0.08686244473253825,100.0,Critical
2026-01-01 21:46:00,Flood,1.0712628107402113,143.55838625436422,31.74122671414328,4.992305528545328,4.724028674607433,0.3986129361472382,80.11363331205769,Critical
2026-01-01 21:47:00,Flood,1.0224907882355982,178.26919055907433,25.68726879154087,8.160680483730966,3.888552105615876,0.41638571743271474,85.81956741201446,Critical
2026-01-01 21:48:00,Normal,0.18211800197178868,96.44547507601737,26.98823120127259,1.043377282919649,2.3763119700637754,0.19125147936494125,26.53527579488174,Low
2026-01-01 21:49:00,Thermal,0.7161126684137926,152.50501267158137,29.406363445498165,5.809501142403044,4.308736676268623,0.13899415138576557,65.73142782643214,High
2026-01-01 21:50:00,Earthquake,1.7298370997078167,123.05767397858885,27.74330998731602,13.440285246296153,4.248790071997517,0.4340570123130541,100.0,Critical
2026-01-01 21:51:00,Thermal,0.8177705794039563,113.9602247086719,35.83979158006179,6.413725704451995,5.6982112022383005,0.40873060467687533,93.95384734733412,Critical
2026-01-01 21:52:00,Wind,1.1828435330851834,169.06691995201913,16.264131358309164,13.532738774436865,3.527414869472393,0.3540588399749542,100.0,Critical
2026-01-01 21:53:00,Normal,0.2672275034630999,87.18902869498692,28.152691522909187,5.6807030478883895,1.649035078431024,0.2747987192392736,42.59924515467954,Moderate
2026-01-01 21:54:00,Normal,0.2900650506836889,130.67374026972962,27.60251812152573,3.611270812314221,0.7880990253262343,0.1411867750643024,29.295202321155575,Low
2026-01-01 21:55:00,Flood,0.9698143259266497,173.46145302030908,21.142494292779254,8.79925421007786,2.497849192045602,0.22230319617332928,85.98169576714614,Critical
2026-01-01 21:56:00,Wind,1.302252813467628,144.86699518204304,31.358836082937323,13.759101371167807,5.014034068889737,0.310331039266988,100.0,Critical
2026-01-01 21:57:00,Normal,0.22858313383620205,95.77617610814505,24.377499040275378,7.726612649853399,4.270193277642251,0.025863571604741592,65.80643077495769,High
2026-01-01 21:58:00,Corrosion,0.8203258412174794,132.34533460363153,26.214836753234202,4.8836873179537665,2.752759889191652,0.4491270849051156,62.101243904377,High
2026-01-01 21:59:00,Fatigue,1.1135908989865961,128.85469202039536,37.24390953877022,7.458044857581186,4.147316528127518,0.31117200371843945,97.02169785356054,Critical
2026-01-01 22:00:00,Wind,1.0380791838099943,154.86966104960206,33.04986824769528,11.524369456053114,4.260166595712163,0.3853418363493606,100.0,Critical
2026-01-01 22:01:00,Earthquake,1.7267572440221666,184.15226562220204,30.87243469572558,14.460099758081117,6.360244562416758,0.36707931772830343,100.0,Critical
2026-01-01 22:02:00,Normal,0.32848582389534664,112.34974692257978,29.90388467322202,1.848855375803712,4.218714464517398,0.05655309041133698,41.24975907437262,Moderate
2026-01-01 22:03:00,Corrosion,0.7160062456750312,186.05898100467056,27.176599887773286,10.547379767919871,4.840973417981586,0.3820651864544701,91.15553382245594,Critical
2026-01-01 22:04:00,Normal,0.3394059357546525,102.01490450782562,37.99688632685051,2.327377579440812,1.7613407190192527,0.09007197749786944,47.676857286246786,Moderate
2026-01-01 22:05:00,Fatigue,1.1958909253087309,187.7858294813828,32.01083815720119,13.411480321569025,4.328767635709635,0.32790710108553933,100.0,Critical
2026-01-01 22:06:00,Earthquake,1.7604435729741001,155.56901909219715,24.25225043017374,14.988347468748863,5.988057842742227,0.43944678490555616,100.0,Critical
2026-01-01 22:07:00,Wind,1.208345021394105,159.21943924853872,20.99948860891173,6.704226648062836,4.01990936883238,0.3219161042943107,91.32812638745497,Critical
2026-01-01 22:08:00,Normal,0.33952696678808214,149.57763521370174,30.834190009946347,3.4127698956097645,0.9040638665032692,0.1172332611054241,34.75386047077784,Moderate
2026-01-01 22:09:00,Normal,0.21265686495651842,148.28392880633294,27.720654350607777,3.360618156414128,1.2012237814369784,0.1680294210379015,29.5287466980394,Low
2026-01-01 22:10:00,Corrosion,0.9244220416420946,133.69355255749412,20.855309165269162,8.779630163906992,4.468152650929215,0.19199593391660957,94.25067308582729,Critical
2026-01-01 22:11:00,Wind,1.1313080963895463,171.27674300178364,30.14293082855791,9.48806930596253,5.2913079958220495,0.380734215404715,98.99442184640499,Critical
2026-01-01 22:12:00,Wind,1.1467918165333457,167.92947709160566,26.654864198442397,6.663533259854649,3.8324326351608136,0.36172375419985714,78.68257867918442,High
2026-01-01 22:13:00,Thermal,0.7360530828540022,128.5015205351815,32.653324627637346,3.8172225613322723,3.4610553940600877,0.2582878053521682,62.091979828248554,High
2026-01-01 22:14:00,Thermal,0.8274117759355843,157.39874842870185,32.20870107290453,9.647070003193583,4.397263821329644,0.21453188226439757,90.58016458454792,Critical
2026-01-01 22:15:00,Fatigue,1.1676375242052441,199.56230430130933,24.958679892280806,10.35871059369249,2.0957311279667015,0.4685854319825613,91.0402729188459,Critical
2026-01-01 22:16:00,Normal,0.23527096543062687,131.79251662656577,31.164223822121023,5.316612671615095,1.5536475691611438,0.07583488110773311,43.33530671347681,Moderate
2026-01-01 22:17:00,Flood,0.9183000672070077,164.9589094767668,25.510474586825502,10.012195576881382,5.697871381482644,0.16843095225113258,96.04760876211606,Critical
2026-01-01 22:18:00,Fatigue,0.9883834542170549,169.80387445501768,25.835590634095144,7.643242557424895,4.099307716203317,0.29343952154975816,81.52761084651883,Critical
2026-01-01 22:19:00,Earthquake,1.8215679537096432,145.07558481612148,25.33864296689311,13.95197707332543,4.230783915296565,0.38335621387432745,100.0,Critical
2026-01-01 22:20:00,Normal,0.39752931307154155,131.5056168301572,33.654872139031355,12.615516694952802,2.117282293573714,0.2678065963803506,86.70136999881939,Critical
2026-01-01 22:21:00,Fatigue,1.1064979999451519,127.58101062903681,26.5971380597282,13.023701362241429,4.821435592268276,0.35168931639573375,100.0,Critical
2026-01-01 22:22:00,Wind,1.1540482759478998,142.652826482555,34.86221590282126,9.234774647120489,2.586532937328582,0.3183620469585632,92.66733176976972,Critical
2026-01-01 22:23:00,Wind,1.2462947173480228,211.44854452971256,36.9174243509343,8.52988475869628,4.216285817191093,0.35602702262555785,100.0,Critical
2026-01-01 22:24:00,Thermal,0.7808401091530603,135.66845975852976,26.306404315727757,6.581318192474701,2.8275854454075127,0.2985732598599727,65.72186428336897,High
2026-01-01 22:25:00,Flood,0.9897371826108635,132.2956473926443,13.395023426515333,12.406082458954094,2.0380018735630525,0.460284537614556,100.0,Critical
2026-01-01 22:26:00,Earthquake,1.713323271544379,210.4145644725348,33.22254771635637,15.759816061324436,5.4419272551303095,0.42426907123963475,100.0,Critical
2026-01-01 22:27:00,Earthquake,1.9026759075397086,157.90807492894058,26.290140513199294,11.768516092170522,5.2235197682395516,0.34951382938564046,100.0,Critical
2026-01-01 22:28:00,Earthquake,1.5868633666003469,170.41452139525808,23.669067934340042,9.104876951368617,5.335909747802361,0.41988008798625687,100.0,Critical
2026-01-01 22:29:00,Normal,0.3138287360223415,151.22630419965418,25.05640946923516,1.5341976704308227,1.651739379755237,0.0,28.65365936602508,Low
2026-01-01 22:30:00,Fatigue,1.037900404976197,154.06918913269897,25.925930893169856,10.833193587438268,2.7786624480458597,0.297388196686371,88.18266503795746,Critical
2026-01-01 22:31:00,Fatigue,1.042172741483871,113.96007387183677,34.4859654534687,9.231977799012457,2.345197166401753,0.38743859768847905,89.41011336979135,Critical
2026-01-01 22:32:00,Normal,0.38538521248942503,133.59974035806547,28.799556196587574,7.074776052821844,1.3093100597253755,0.22817472950963372,49.89364118551764,Moderate
2026-01-01 22:33:00,Normal,0.19286951262399588,110.08835294883728,34.41799315054068,5.25932941510455,2.8592521140760647,0.20388448349165397,57.29272681504066,Moderate
2026-01-01 22:34:00,Fatigue,1.0205944676777272,191.4962871632561,30.47110059639248,12.400276496349452,4.033070293726745,0.3519391324456395,100.0,Critical
2026-01-01 22:35:00,Normal,0.23956846088643757,104.84532630914666,26.45384638024758,6.108725421176741,1.9308266705534098,0.2682605235902173,48.20947987112328,Moderate
2026-01-01 22:36:00,Wind,1.2181077908649791,183.68064934314816,26.048213983953715,12.586386140482041,3.00023185092851,0.430018672583855,100.0,Critical
2026-01-01 22:37:00,Earthquake,1.7546515374165705,225.99245080914284,30.808043753748006,9.66905023276581,4.986085067145789,0.43979647202315664,100.0,Critical
2026-01-01 22:38:00,Corrosion,0.7290912855571292,122.92641940471074,32.102128146663546,4.59696328850762,4.057157558357213,0.24271108523898471,66.58301546275848,High
2026-01-01 22:39:00,Normal,0.18074414552945878,115.16967448104518,32.983963428504346,3.906944990337118,2.5047837624854905,0.0,43.44607439097369,Moderate
2026-01-01 22:40:00,Flood,1.1225067085171616,160.51563185361124,26.692307443121287,12.438706354700725,3.202801130227285,0.3702538741606183,98.1431880452618,Critical
2026-01-01 22:41:00,Earthquake,1.795982143130841,160.16635618614563,28.876029282022362,19.041589178203218,3.9714021514678017,0.4452162010883122,100.0,Critical
2026-01-01 22:42:00,Flood,1.0560869826963057,157.55737366769574,30.920202046276632,8.707292652839365,3.0051523698384184,0.30421275900126404,83.0167646296776,Critical
2026-01-01 22:43:00,Normal,0.229086303426157,114.3769928123502,26.08017487031569,3.16525980833546,1.5173054823893621,0.12495588038446101,32.5187620838707,Moderate
2026-01-01 22:44:00,Earthquake,1.7372401843061385,175.47331071016586,22.325299830986165,9.264905632773408,4.452894062297238,0.48121216026724445,100.0,Critical
2026-01-01 22:45:00,Wind,1.3192055559900329,158.62345981770278,23.968644666489382,12.69069129221949,3.626824216860295,0.29542108593374944,100.0,Critical
2026-01-01 22:46:00,Normal,0.23494465143591356,121.7816178894641,26.794822787260074,3.349428274416569,2.8165501281952183,0.17724623111632126,39.5023231720728,Moderate
2026-01-01 22:47:00,Normal,0.21453040963782985,124.09701922690101,31.311035696101506,13.875004008074464,1.9627035470434857,0.17552091286654053,81.19027531088119,Critical
2026-01-01 22:48:00,Normal,0.3376913893084272,105.02934136358039,34.29488747786051,2.78178823989646,2.9896960479049417,0.21598813745323983,50.522167781086026,Moderate
2026-01-01 22:49:00,Normal,0.19221117129060916,106.12070689125616,21.219763956326897,11.315825290581994,0.49162791435459563,0.0881094391175897,68.23785653283736,High
2026-01-01 22:50:00,Normal,0.20242181249808028,117.03531027937925,25.013274930350086,7.245102150762401,1.6949359420450563,0.2250041489525877,53.22884134371556,Moderate
2026-01-01 22:51:00,Thermal,0.8008197347213519,140.88105896910514,28.21068751468374,4.9152068020359,1.2609778891549996,0.2023289314553578,46.97962673591075,Moderate
2026-01-01 22:52:00,Earthquake,1.7900216083270544,170.62876650133458,31.97358516153322,14.096431365930759,4.933422470163151,0.34913570344806755,100.0,Critical
2026-01-01 22:53:00,Fatigue,1.0957689078322572,161.09849105215045,25.3594473230575,11.814141579651398,2.754342544702326,0.3708192038046199,95.60774324440473,Critical
2026-01-01 22:54:00,Thermal,0.9673335271516391,96.63095628312007,27.851338325262642,7.324243422450251,4.481252833428382,0.18039772311235436,74.39908092426569,High
2026-01-01 22:55:00,Normal,0.27689985970818964,101.73834352727621,20.94003711424888,7.513948131656896,2.409712005843506,0.2506753920808372,67.5519230430408,High
2026-01-01 22:56:00,Flood,0.829755682979936,143.80180434492863,30.417036579866295,11.647871478045978,4.694829495593013,0.30010933797671235,97.82570940530996,Critical
2026-01-01 22:57:00,Fatigue,1.101103915474525,131.59712032423488,27.193004627017228,11.289015501782394,3.37065217472707,0.16813786009039422,88.83841375273525,Critical
2026-01-01 22:58:00,Flood,1.0230303995591679,191.52995037022225,24.72977482510202,9.150579895857483,2.660281902883357,0.40115806813171995,85.52711097274266,Critical
2026-01-01 22:59:00,Earthquake,1.7934760019481166,182.0715461681238,26.702433877589517,9.87517973208162,4.3084370054615615,0.4288202981810795,100.0,Critical
2026-01-01 23:00:00,Earthquake,1.8096757847516938,186.01924195564757,33.634977509656316,13.169643873574298,5.625439280770857,0.43553006927118953,100.0,Critical
2026-01-01 23:01:00,Normal,0.24770573698601606,107.91923230086348,22.975565458400784,5.528193991147529,3.8101614941934243,0.2605793848467807,62.304130893161556,High
2026-01-01 23:02:00,Wind,1.180791032555569,157.00552699067597,23.79170184448202,5.7281526131134735,4.452382292020488,0.4359376595649039,85.51833416759297,Critical
2026-01-01 23:03:00,Thermal,0.8490435367816629,111.61866339243164,36.261262237328104,8.507705947974031,2.8252322707124167,0.27608215169729017,86.94090795379933,Critical
2026-01-01 23:04:00,Thermal,0.75663353622444,137.75457409762316,30.37887414009429,7.70959620556957,3.0112291448734165,0.3093829857996855,72.32015855702542,High
2026-01-01 23:05:00,Normal,0.17418509314886593,96.5747892851061,31.348770483559587,1.110121787645137,1.9686996682482025,0.20969487444939408,29.629712082841323,Low
2026-01-01 23:06:00,Corrosion,1.0969025162097914,137.26491038109594,30.008759550028433,7.300980827924731,5.346642560178159,0.24057058346386562,86.49993939363213,Critical
2026-01-01 23:07:00,Normal,0.1927314044975013,56.00208584243757,27.823327238530258,4.0644609594971035,3.2336085658348823,0.05332509576838845,38.216286740052205,Moderate
2026-01-01 23:08:00,Thermal,0.8080114329968062,113.79991978891186,28.258504404257216,13.790283600480256,3.459959004150366,0.2771937647283367,94.56003034644027,Critical
2026-01-01 23:09:00,Normal,0.1303471799299706,156.59816011285835,32.15779011241909,5.660355038532101,2.1097319678061064,0.2903150264515645,51.896346814896205,Moderate
2026-01-01 23:10:00,Thermal,0.8093174732041137,162.75994372768855,35.81168283905578,11.108135753943795,3.499353390369876,0.3066666370686125,100.0,Critical
2026-01-01 23:11:00,Fatigue,1.0003419559448532,185.97598339788078,33.42094173508048,9.146554086528054,4.294275669283076,0.21460614472188466,94.1161116758517,Critical
2026-01-01 23:12:00,Normal,0.21460216457199913,154.6930317417731,22.07264183176158,0.6217495505052515,1.5868020470244042,0.26780172045159245,33.743469275396436,Moderate
2026-01-01 23:13:00,Normal,0.3336051732616899,136.82468560411195,34.52455508922164,7.01702554646487,1.1559210526233636,0.15524241185149276,58.15891850033089,Moderate
2026-01-01 23:14:00,Fatigue,1.112760765470246,141.67828286552162,26.210323729011776,7.5254398112373755,4.832220260554865,0.1326379302003996,82.80959870335128,Critical
2026-01-01 23:15:00,Normal,0.29547276196598554,94.06872634335943,24.22485231227583,3.9931996100362683,2.0219827305719837,0.26143230521460165,45.35053575188438,Moderate
2026-01-01 23:16:00,Wind,1.043303612928651,186.0686151362424,27.153361516157634,6.941086252653588,4.9887279358149685,0.24036955007255098,80.85661366384792,Critical
2026-01-01 23:17:00,Thermal,0.9469516135863211,143.61419935968476,34.15564217624366,8.21830359176408,4.846158748776443,0.4024582698494328,96.28972595374375,Critical
2026-01-01 23:18:00,Wind,1.08964949512465,219.75057040954766,30.702320920140313,13.295535084867355,4.56061473409956,0.40782187204779347,100.0,Critical
2026-01-01 23:19:00,Earthquake,1.9122848651435094,172.47255059973114,26.72306794072866,16.198214325423876,5.71854847957007,0.38577605810694715,100.0,Critical
2026-01-01 23:20:00,Earthquake,1.871723509278519,230.922396369512,32.18832933438988,18.15856852335549,8.560242980517064,0.44074878766035697,100.0,Critical
2026-01-01 23:21:00,Normal,0.2961866193427744,116.08020523260612,28.699302903797175,10.183878373862335,2.207020128279818,0.3739134852524083,67.32046552134298,High
2026-01-01 23:22:00,Thermal,0.7316012175273295,175.4012149314675,27.13514267230313,4.137622690774671,2.1094531921536515,0.3400005630269588,51.27352529800428,Moderate
2026-01-01 23:23:00,Normal,0.26212718758556186,162.41729343081136,24.459823585207534,1.419138317212604,1.7187747678280125,0.19905600198276713,32.57558863155994,Moderate
2026-01-01 23:24:00,Normal,0.21232628714841123,94.42625179548219,30.0511742221081,0.42457473497965914,3.5516847117455415,0.4111323195365016,36.48099839550965,Moderate
2026-01-01 23:25:00,Normal,0.25232316572042335,107.87504804272828,27.58741132092199,6.89579123116877,0.7058326497199534,0.18940648087651907,41.83039003494494,Moderate
2026-01-01 23:26:00,Thermal,0.7800102192731553,116.17551935753673,23.12247423293182,5.920754648602542,2.447540395847019,0.3065451855103069,67.3249287423196,High
2026-01-01 23:27:00,Normal,0.08691115947420733,89.25138779354441,32.23580746534751,3.532459004468211,3.1064268059685176,0.10510294487525926,43.19636383698466,Moderate
2026-01-01 23:28:00,Fatigue,1.164742732078767,169.67667126312375,25.598624856877898,8.850207704217635,3.5283793574869655,0.16602249075240882,84.85343198424697,Critical
2026-01-01 23:29:00,Corrosion,0.8485114274760512,139.28429074377448,35.96059823994397,9.447712064272254,3.209754213023505,0.2449758166441317,91.95070342964571,Critical
2026-01-01 23:30:00,Fatigue,1.036215968039821,154.3091580797534,20.985050074226443,5.0440368559806315,4.873372820130629,0.3030726467494815,85.45767128776579,Critical
2026-01-01 23:31:00,Thermal,0.7551738213736187,155.905978374332,29.096457018049943,4.223409612097739,2.483178824346039,0.2863410867527887,53.05602256323435,Moderate
2026-01-01 23:32:00,Fatigue,1.1036767661093414,106.56532915712714,24.500111577803864,9.50388861959332,2.3313975484779386,0.1864183162580602,81.81220647259676,Critical
2026-01-01 23:33:00,Thermal,0.7284994929364423,174.16915009892637,25.122887398113306,11.596237808463403,1.811114029137464,0.3128539457694358,83.0741531818008,Critical
2026-01-01 23:34:00,Normal,0.06958595532207654,111.27264591650206,25.566046416208117,4.923807790246746,2.581780443409622,0.11356915807650585,42.771740213290386,Moderate
2026-01-01 23:35:00,Fatigue,1.1075703842566622,166.31003265594643,36.85283804518491,7.125020880853903,4.059132093830794,0.34869874875155316,95.70784506489431,Critical
2026-01-01 23:36:00,Wind,1.2265282398365458,172.91782098071369,28.716850850397517,6.544626041012909,3.34743348672067,0.390794118627492,76.57369652845554,High
2026-01-01 23:37:00,Wind,1.1690294540257895,191.669914019096,24.041459806012856,12.958026755180837,2.881208379192866,0.28435927279578965,100.0,Critical
2026-01-01 23:38:00,Fatigue,0.9831677699847994,150.37856530542416,18.856857948312975,7.292205051828559,3.529426874851133,0.22289448541859203,89.51817345770263,Critical
2026-01-01 23:39:00,Thermal,0.8071148432711428,88.90906352392673,21.39318726826157,4.5576892527448365,4.316517286250472,0.38349194539069026,76.05825424505224,High
2026-01-01 23:40:00,Corrosion,0.737837410534913,145.628190336339,25.317684279406322,3.445975679376344,2.4841820461707442,0.33783296754393566,53.55281862101983,Moderate
2026-01-01 23:41:00,Wind,1.1028215522649873,162.41767145404003,24.831560079306698,5.782697566574104,3.377315978047438,0.32815810670779255,75.03540194560297,High
2026-01-01 23:42:00,Earthquake,1.7299441650796672,155.74347852149708,26.879746468827573,10.51635733863844,4.169478432653621,0.5214742210943882,100.0,Critical
2026-01-01 23:43:00,Earthquake,1.8575151256713245,185.28726636082348,16.63908099782074,12.683453791417545,4.992587110897828,0.41066093791804104,100.0,Critical
2026-01-01 23:44:00,Earthquake,1.7609911239650466,172.5745391318427,27.541592024767333,9.773774885718026,5.69807899071658,0.35435942318442787,100.0,Critical
2026-01-01 23:45:00,Earthquake,1.7541706870578833,148.03115126793722,33.13864887573554,13.95712411264291,7.475169157043091,0.32386383485017917,100.0,Critical
2026-01-01 23:46:00,Normal,0.4063754012328997,136.7871223752321,36.114206236820976,4.260656780245693,2.217781512819937,0.17137606917170856,57.221641828761534,Moderate
2026-01-01 23:47:00,Normal,0.2781969997750971,105.9068712275551,18.527769260414303,11.665976867553582,1.9463218947629808,0.24173763823852745,86.60512558954186,Critical
2026-01-01 23:48:00,Corrosion,0.8821195608379861,134.04051963157326,23.993036203804223,3.4133293491779857,4.182936605985131,0.3791807372086255,67.69806273723648,High
2026-01-01 23:49:00,Earthquake,1.760423940383298,170.03552881782286,23.728830695127325,13.884438290937144,6.056215551830244,0.40588081728275793,100.0,Critical
2026-01-01 23:50:00,Thermal,0.7522902665890578,172.88696493660368,30.72860713762825,8.522014967122871,2.622339185633317,0.35704999423485423,75.73706013560385,High
2026-01-01 23:51:00,Flood,0.8450874847986279,149.77709595566517,21.901137660617735,6.108327788230554,5.982060073430077,0.2748584454798375,89.3963506710515,Critical
2026-01-01 23:52:00,Normal,0.32749924255388463,121.97749551364554,36.41131624363341,5.285757192342382,1.975616647706047,0.11747215850753165,58.0488246335177,Moderate
2026-01-01 23:53:00,Normal,0.28586477646051034,108.98409614034007,28.2176123584287,7.308783099220147,2.2363753203557954,0.07549494129596891,49.318422365659714,Moderate
2026-01-01 23:54:00,Normal,0.23566672054292692,131.57167055637262,27.38426855350394,5.289474447673498,2.551348587286132,0.1395008030126507,44.26740911413187,Moderate
2026-01-01 23:55:00,Thermal,0.7890218638530996,175.7329512112668,37.96356866891389,12.153388654459512,3.5458723676129535,0.1585074058040276,100.0,Critical
2026-01-01 23:56:00,Normal,0.3088915409808844,136.19652043716266,27.91976187958326,1.5330628542860154,3.52539766887459,0.340760930495216,38.064997856789226,Moderate
2026-01-01 23:57:00,Wind,1.0606231941536117,174.5716740333714,30.001517032493442,7.573299761591838,3.4500912608700305,0.35114371410474765,80.10078389695553,Critical
2026-01-01 23:58:00,Thermal,0.7528094934756956,157.15575514710864,26.246008633539756,12.425168141692833,3.9833822488527053,0.25235081206685506,94.04725563636921,Critical
2026-01-01 23:59:00,Thermal,0.7090957709685977,107.49393391722091,23.14748967472808,10.736078999791552,3.364568445384979,0.39776014098764595,91.3304761023573,Critical
2026-01-02 00:00:00,Normal,0.39172074259893974,98.09702920752154,24.948191842478845,6.621535133798863,2.9827231951095237,0.0758186104822796,57.68482770698272,Moderate
2026-01-02 00:01:00,Normal,0.32005244254826404,114.87531516002184,38.93487919472412,8.699646219558378,1.7850145500317218,0.1690285731283405,76.46462997289963,High
2026-01-02 00:02:00,Normal,0.07378458870917085,101.85339893766937,31.165104741434778,0.7496736361053102,1.649584643846879,0.3399739033681489,26.857841284794997,Low
2026-01-02 00:03:00,Normal,0.12889906986880195,93.38657438110005,29.37267418555525,7.3868319881684625,2.732073487426012,0.16847675946202662,52.98676702772913,Moderate
2026-01-02 00:04:00,Normal,0.2394123461314011,73.19560647823565,23.118133049074004,8.193110487258268,2.3579932570899804,0.37574510227236224,66.71649712421095,High
2026-01-02 00:05:00,Wind,1.147204783034206,123.73676967164647,32.556254004919225,8.12389950147279,3.2197056976747316,0.3788483871553231,87.40285342160443,Critical
2026-01-02 00:06:00,Thermal,0.694049423353849,135.586861066435,23.21153362843104,15.88771135367368,4.545612286414258,0.36447407269057863,100.0,Critical
2026-01-02 00:07:00,Wind,1.340580979012039,155.66434082952787,20.164717751588093,10.689046892186173,4.772509375108459,0.42279158587638965,100.0,Critical
2026-01-02 00:08:00,Flood,1.0450031931186063,130.97365559673563,25.20556438559177,5.778307127525622,3.605795809503946,0.292128196819843,73.15696960607201,High
2026-01-02 00:09:00,Normal,0.2879853058290473,121.97313031708065,37.77245455980724,6.143815993801262,1.531768888268884,0.14094306683235386,61.695244589776614,High
2026-01-02 00:10:00,Fatigue,1.019638804061423,142.1541589772906,37.48947116196306,7.3404199100318035,4.164130896873585,0.29076477440956694,95.30731572249032,Critical
2026-01-02 00:11:00,Flood,1.0777819317742403,178.06433968434618,25.74381535874728,12.694985821788553,4.340485224026783,0.21304539973490982,100.0,Critical
2026-01-02 00:12:00,Fatigue,1.044565379121439,148.95935589937906,24.629004909010078,11.143832100173894,2.2059249260291702,0.29472296934161646,89.13540189134508,Critical
2026-01-02 00:13:00,Thermal,0.7773325461034001,159.40827203504287,21.7981897972011,6.206233783171427,3.5756809225228317,0.25964751606040315,76.6419501664769,High
2026-01-02 00:14:00,Normal,0.2988801567860208,125.08034405736731,28.390153627600423,9.507355754788687,2.6525547024135347,0.3151387996255363,65.37629119486391,High
2026-01-02 00:15:00,Normal,0.11968019479517603,84.94822401889863,28.810063759940597,7.818353917937932,0.35244859996777134,0.2274620568581982,42.433414753572684,Moderate
2026-01-02 00:16:00,Normal,0.37776222878807864,117.73354560657062,31.947781270984564,2.5162400369536955,2.19618965874529,0.3690094046229498,44.50256420582714,Moderate
2026-01-02 00:17:00,Earthquake,1.8045911371779102,150.7093975167829,32.55353756662582,12.943864758317456,6.054609134395579,0.2312364721884841,100.0,Critical
2026-01-02 00:18:00,Thermal,0.902475536702434,139.29697904457697,29.012890411676835,9.55075037229224,3.7808783142645455,0.1626365039976046,80.81253623924844,Critical
2026-01-02 00:19:00,Earthquake,1.7039664194704947,162.97172956923276,30.780139373797923,12.307210211682133,6.162448354780825,0.37557237378677066,100.0,Critical
2026-01-02 00:20:00,Corrosion,0.7811467900777447,153.7490758371202,24.49680566076732,7.296801788458236,2.9924334079817516,0.38739955712113644,74.95708048685509,High
2026-01-02 00:21:00,Wind,1.092047982272015,123.84114156334496,30.68521266680343,10.210175084793452,3.000093565324544,0.30723382397733223,88.62780656003184,Critical
2026-01-02 00:22:00,Normal,0.27002381381318713,120.36754563198593,25.463839609077205,1.8026042478878317,0.2002556682346035,0.06257385314789989,21.437389941245247,Low
2026-01-02 00:23:00,Normal,0.2552786641534597,134.31038956407986,30.29729257983469,1.6982960157309037,3.0922232405680576,0.16039004510808297,36.748509204294486,Moderate
2026-01-02 00:24:00,Flood,0.9828470544615056,173.48988923272486,29.892506626426826,9.917404586996113,4.383065493794343,0.19619213937960686,89.7154825651389,Critical
2026-01-02 00:25:00,Flood,0.9388744645691777,131.69580605289443,28.344018128475323,5.166699847885557,4.848488930828468,0.18050993854801556,68.1167240676968,High
2026-01-02 00:26:00,Earthquake,1.6886722984215328,182.04377430517937,31.97269859079677,10.420883890565836,4.634858641155855,0.563906225412312,100.0,Critical
2026-01-02 00:27:00,Normal,0.24612128796234753,124.60367432278935,20.148004643196572,0.3147470768457161,2.8038364226253636,0.15187129066554786,40.38889368722886,Moderate
2026-01-02 00:28:00,Corrosion,0.8177530576329121,182.87815698856917,22.6754189088953,3.3546666567160908,1.8173190480432013,0.2818522290242011,56.239126034912054,Moderate
2026-01-02 00:29:00,Normal,0.19515144061133902,82.96674848124658,26.64970163223483,6.279065522357875,1.1305064412901886,0.17256349222655307,41.581661295157275,Moderate
2026-01-02 00:30:00,Thermal,0.9237671588905287,119.22243637322377,22.783683061633386,7.33307550481978,3.3259772165078365,0.23988035003132413,79.4864809938629,High
2026-01-02 00:31:00,Normal,0.24341394574458128,190.11156231840198,25.965677427226474,4.224798633595629,2.6632076298264207,0.1127471174169893,44.11678508770118,Moderate
2026-01-02 00:32:00,Normal,0.351603434714154,113.17256790110063,26.12684852461225,1.0522946491279717,3.679012447897024,0.15514923166626823,37.50919800383992,Moderate
2026-01-02 00:33:00,Wind,1.1423398253853843,110.12515475241813,34.548418933333465,8.132452733484316,3.799935934601595,0.34297883828193176,93.34431720516739,Critical
2026-01-02 00:34:00,Wind,1.2045821027038925,142.83624641629584,28.712668511457313,11.229365477630562,3.174250278210936,0.4294908249651163,94.19841545802703,Critical
2026-01-02 00:35:00,Wind,1.1805619186994933,88.17816946339096,33.14714788031939,9.943738204080498,3.122851122168571,0.3917948509243259,95.5731330913734,Critical
2026-01-02 00:36:00,Earthquake,1.6541902152385501,187.62301781140383,29.508373594048592,15.868022183125955,4.672154054975707,0.30647464820359327,100.0,Critical
2026-01-02 00:37:00,Thermal,0.9142670645011131,162.24461900695547,27.321663643839674,10.895276036377744,5.421026796475119,0.3390825934589284,97.52360782561317,Critical
2026-01-02 00:38:00,Wind,1.1741877114374069,134.60844059578116,28.66858403873256,9.343340425225367,4.7968735811344585,0.3540350409221895,92.62585915723568,Critical
2026-01-02 00:39:00,Wind,1.244713457570637,145.63190194371234,31.647131669660865,5.656747857761476,5.152531850362459,0.26602231995092035,85.49853225255478,Critical
2026-01-02 00:40:00,Earthquake,1.7298377022030753,204.69135388422282,33.96700663221291,11.13006530280135,5.121014412820106,0.4185677676949255,100.0,Critical
2026-01-02 00:41:00,Normal,0.23681244947361882,76.24461337884824,27.338449685327834,4.7069321573819245,1.998351317601254,0.2257829746919919,39.84170652267856,Moderate
2026-01-02 00:42:00,Flood,0.9506518112061316,117.76071969501136,19.76244678073528,6.8705388439876565,4.379264505958523,0.29576423582583,90.40876614535819,Critical
2026-01-02 00:43:00,Normal,0.3488798786210715,114.297120457109,19.410988712890493,1.8361273659987405,1.4942012442190606,0.2184194667325377,44.2622746439022,Moderate
2026-01-02 00:44:00,Flood,1.044912747796054,131.99162906332953,26.367936949415565,9.409256852670458,3.388692113453324,0.22296391864609594,83.04224339821594,Critical
2026-01-02 00:45:00,Normal,0.27936428213447106,112.6533275631603,16.310492494260135,12.290909308199844,1.3252956837361598,0.339426563539721,92.33512578123225,Critical
2026-01-02 00:46:00,Thermal,0.9086547317683984,110.40624201483695,38.97552232868415,6.535435813890874,2.7525073002428853,0.10565722168174198,82.10025193251582,Critical
2026-01-02 00:47:00,Earthquake,1.8825073037519218,186.9578371480377,30.984666156998667,13.391582442524674,5.408978612503322,0.4502280978662513,100.0,Critical
2026-01-02 00:48:00,Fatigue,1.136227402890903,149.26917287050028,24.82166495251378,5.563892368307034,2.97828987383604,0.3293410770408258,72.5707666878209,High
2026-01-02 00:49:00,Wind,1.071261812237003,171.12976235582582,22.451762029956022,13.83020316512454,4.325978979129387,0.36743547147613714,100.0,Critical
2026-01-02 00:50:00,Normal,0.1943456704386653,125.00998751200731,33.14059547988055,7.624229130054269,2.284581745551117,0.12333037186813901,60.169364744472375,High
2026-01-02 00:51:00,Fatigue,0.9946889491190918,158.1672518124006,22.431814221744972,11.917202418397752,3.6207513571438166,0.39353576226664444,100.0,Critical
2026-01-02 00:52:00,Flood,1.0782026954900639,114.64231613674716,22.90886618199474,13.279387433914234,2.8525401444365786,0.283361545465735,100.0,Critical
2026-01-02 00:53:00,Corrosion,0.8686521553400042,156.51478879112182,24.17027029986654,7.017975935915578,3.424963048951861,0.17310280487440521,74.4250338707881,High
2026-01-02 00:54:00,Earthquake,1.6787590053095525,173.32833995488895,28.570437072871627,12.492746540463134,4.855095437048209,0.31641516893792343,100.0,Critical
2026-01-02 00:55:00,Flood,1.0049004629591018,146.63504230875955,31.10398719573699,14.329635595659948,3.7265941671060343,0.301976405507007,100.0,Critical
2026-01-02 00:56:00,Fatigue,0.9554710131424977,179.20660940977024,33.96336116707832,11.398184308833676,4.898127467403435,0.1722782781230807,100.0,Critical
2026-01-02 00:57:00,Flood,1.0157474809544191,132.8141110870776,33.22485649473351,5.857665464032483,2.427059882895967,0.4360404786753937,74.5385115329808,High
2026-01-02 00:58:00,Normal,0.11757019968102522,153.77960821147502,28.00386854617371,6.364462926911028,4.173486336893375,0.2639137024434109,55.96776367050481,Moderate
2026-01-02 00:59:00,Flood,1.062306199470769,186.91188248432735,33.10260986878167,7.45490581769121,3.6074764082122592,0.4381475456680798,88.43480634660663,Critical
2026-01-02 01:00:00,Flood,1.0502370100827259,169.6196109341093,24.645001930118198,11.894515473969971,4.09183927390592,0.42971387912871206,100.0,Critical
2026-01-02 01:01:00,Thermal,0.9526358794677505,117.48447973081446,20.895669927690168,9.22457140826052,2.447249909758165,0.23184748281587259,86.77861648271244,Critical
2026-01-02 01:02:00,Earthquake,1.8578298631597874,126.9426688593267,24.64434464144746,8.621628292068396,6.502211549541649,0.33445364298798586,100.0,Critical
2026-01-02 01:03:00,Earthquake,1.7561668595341997,208.5708728564985,23.96869742861856,14.20649051148643,5.23437353054933,0.22399999999999998,100.0,Critical
2026-01-02 01:04:00,Fatigue,1.1404456074619589,155.784626533277,24.840064641004115,10.131883181754823,3.405881690200826,0.2675012700085627,92.02397896808355,Critical
2026-01-02 01:05:00,Wind,1.073186889524386,138.77006322946343,23.203126353790555,11.190387459394358,3.464484978724426,0.4572522284668762,100.0,Critical
2026-01-02 01:06:00,Corrosion,0.7780021917055133,173.53905859389005,25.694452112101438,10.026586555739927,3.0515079742108053,0.20177194740022364,80.73461942840413,Critical
2026-01-02 01:07:00,Earthquake,1.8166514025660088,160.06102797805477,31.10008607046789,17.887897879465193,5.778347322952908,0.38720632041089953,100.0,Critical
2026-01-02 01:08:00,Normal,0.07734002698016582,109.39611854422643,36.576285513312854,6.241666968842895,2.1728106906305755,0.13563438007336934,58.78596181590987,Moderate
2026-01-02 01:09:00,Corrosion,0.8520271372052894,157.32225910792488,19.373267628704884,8.368695381423393,3.2801402668897275,0.29799961228861727,90.66122975756542,Critical
2026-01-02 01:10:00,Normal,0.16837893663052633,92.15992920962806,21.56132686549628,8.443902662564675,1.2885785820501798,0.28288677473714485,62.877511359908425,High
2026-01-02 01:11:00,Normal,0.2581045644122611,117.26297725982332,24.042768706359162,11.728222170769303,1.2308265260750242,0.05686315059883866,68.76163636161064,High
2026-01-02 01:12:00,Flood,0.933781091356219,178.02842959783402,31.828709387182965,11.945212262504267,3.219125717420269,0.18417792146955256,94.86167037510924,Critical
2026-01-02 01:13:00,Corrosion,0.8889398509964153,149.47776859052826,26.975262785134753,8.91861838042427,3.780275712160714,0.3869296031419484,82.28157652135121,Critical
2026-01-02 01:14:00,Fatigue,1.0765461938933911,184.185658420592,24.379453884481887,10.797591649306757,4.462259875770403,0.3586453499561448,100.0,Critical
2026-01-02 01:15:00,Normal,0.36202927335050644,148.34005895014994,31.58366503852711,5.768131278194774,2.797044196898019,0.1592495550921233,56.27821614739345,Moderate
2026-01-02 01:16:00,Normal,0.25053876272812975,120.19345836054049,32.78195133170985,5.055555245819982,1.9985331064611918,0.3165666209541128,52.15016833577568,Moderate
2026-01-02 01:17:00,Thermal,0.7385085756030827,83.5814655910653,29.90620020288185,14.495512494519142,3.583561940917824,0.15079768908880764,97.22423923352258,Critical
2026-01-02 01:18:00,Normal,0.23024913153381737,92.35569261961733,23.91890386689728,2.7528398770507025,1.8315492951170884,0.25449707929528265,38.7191325120706,Moderate
2026-01-02 01:19:00,Normal,0.1424610882386615,139.08335280961222,29.351397836176965,8.464717484728098,0.25770200907163177,0.17454095129088007,46.05971271872925,Moderate
2026-01-02 01:20:00,Normal,0.2824909803764352,81.24371449286782,26.833658957737164,4.622429171898279,1.784073210460602,0.2285235068810314,40.40341245592782,Moderate
2026-01-02 01:21:00,Wind,1.2321880197052217,149.23268528532626,26.794933781072697,5.658742489583828,3.6646733746422484,0.136,70.68204195923101,High
2026-01-02 01:22:00,Fatigue,1.2725356829354255,161.4620153422258,25.43799890699082,8.93504676924048,2.760954795570948,0.27914373120845204,85.50550897158487,Critical
2026-01-02 01:23:00,Corrosion,0.8052531207516477,180.93926739403776,32.624916236610446,6.6596724987382565,2.752605824247196,0.3269437372829097,73.2880018471246,High
2026-01-02 01:24:00,Corrosion,0.8335764341059855,129.82450758863965,29.24940113163397,10.032731955252979,3.455091414290978,0.2629335825284137,81.97920859174945,Critical
2026-01-02 01:25:00,Normal,0.20393931804494275,103.91280727292177,33.17850440944815,5.273900667975712,0.8667532143149241,0.2804238218240681,46.375344610928565,Moderate
2026-01-02 01:26:00,Earthquake,1.8069690960904978,180.2888558376125,34.681630727390626,10.333919409056092,4.64921452858419,0.5017444005712629,100.0,Critical
2026-01-02 01:27:00,Wind,1.2155352427583692,166.17282424525257,30.294903844333202,14.513023740469146,5.587902015552718,0.23931490998235266,100.0,Critical
2026-01-02 01:28:00,Normal,0.24573001244571913,116.14382931509765,25.46761442557424,8.270402013427173,0.39729367411969374,0.24591941210669443,51.07312614277388,Moderate
2026-01-02 01:29:00,Normal,0.33690607334984257,146.23170872214527,33.20163116109892,9.758166596289204,1.8168178403928952,0.10058698742174077,69.02706376020626,High
2026-01-02 01:30:00,Normal,0.2006416396996178,100.0214041742882,30.328323511391773,5.710893992204349,0.8336906342359152,0.1843212352923805,40.39839318777367,Moderate
2026-01-02 01:31:00,Normal,0.328893923831257,123.00402333447609,41.016838884038194,4.892800795157928,1.2483632021738904,0.23249025994460967,64.16568468756373,High
2026-01-02 01:32:00,Wind,1.2280798282912866,168.5303177561755,29.550514442473432,12.210681447855862,3.842262770381886,0.24917736549915345,100.0,Critical
2026-01-02 01:33:00,Corrosion,0.8540376064080843,134.1941797523536,31.488440195070417,6.5675749372372945,2.332423877371231,0.3309540948451506,68.65464538404676,High
2026-01-02 01:34:00,Normal,0.22480506873942835,140.99274841399918,29.45211945648016,5.390178664159508,2.573930615366428,0.13957154030784774,46.43125508073344,Moderate
2026-01-02 01:35:00,Wind,1.3791334206985097,161.12396353105873,27.50450704065941,9.572966302035905,5.391150619772413,0.26954419780701216,98.81503270234532,Critical
2026-01-02 01:36:00,Corrosion,0.7896393079406338,163.92114282880686,26.70604225206217,3.9168970484302377,4.161678136102732,0.32453207868317724,62.069559900257396,High
2026-01-02 01:37:00,Corrosion,0.8788346541574732,149.0526027012208,29.471219223292834,8.682366514517218,4.3446131177208684,0.2011221645053265,81.51713967781126,Critical
2026-01-02 01:38:00,Fatigue,1.0149824743806295,162.4101142871807,30.605878759069277,8.177099324770094,2.4202643209711856,0.2290531624509524,75.33749994221259,High
2026-01-02 01:39:00,Earthquake,1.9328496598897045,165.79020607876612,33.771939498222125,12.672343507945087,5.116928978180866,0.4872924832024066,100.0,Critical
2026-01-02 01:40:00,Fatigue,1.1459461063039362,137.23070737021942,29.544252791518822,10.591354836949863,4.267421067353432,0.3086845721539947,95.44453521251096,Critical
2026-01-02 01:41:00,Normal,0.1957320096927085,150.60991199821942,25.685554122873857,8.817599401959876,2.8711909141145364,0.06367044037573641,61.63546644986444,High
2026-01-02 01:42:00,Earthquake,1.8310075994744983,197.4877611130083,26.365730017005085,10.853689728356063,7.1133529926098245,0.4724513102710568,100.0,Critical
2026-01-02 01:43:00,Normal,0.2706156577021244,94.42587084443996,21.385315285484097,3.990325354611929,3.0690395916289455,0.1474719014205244,53.76111054503184,Moderate
2026-01-02 01:44:00,Earthquake,1.748670019042021,186.1215856163708,36.30606921786155,11.104751910920566,6.256488623673884,0.29175893283508275,100.0,Critical
2026-01-02 01:45:00,Earthquake,1.850653137378254,122.25559866161436,25.294131932395757,10.909458236603024,7.99359558053936,0.22399999999999998,100.0,Critical
2026-01-02 01:46:00,Normal,0.2811444312883528,105.65149590751459,32.83720230068953,3.2162931690506826,2.096309081607296,0.2522731437625927,44.524365962870554,Moderate
2026-01-02 01:47:00,Corrosion,0.8722558971108763,168.22569191549763,29.38275428721267,7.710649151554417,3.030941561758431,0.19920655471107432,71.07719957670922,High
2026-01-02 01:48:00,Normal,0.2466464231006137,116.87136028222102,29.518659154197035,6.757614970632512,2.177357903660449,0.08049241829611989,48.94675133944755,Moderate
2026-01-02 01:49:00,Normal,0.2844843594079721,122.94781674165078,27.412760623638317,5.961337294354514,1.084947244313199,0.23115222643087932,41.939083398156455,Moderate
2026-01-02 01:50:00,Normal,0.2683510129193968,44.59046883699472,24.061005556866633,1.8294290027502518,2.0676337857678067,0.2444633277047083,35.56716039640657,Moderate
2026-01-02 01:51:00,Earthquake,1.7947274666420014,171.7936595465962,23.157322997540124,17.282480971751458,3.633147806222518,0.34103176011242964,100.0,Critical
2026-01-02 01:52:00,Normal,0.19871872672099491,128.45680559568032,36.64232694402469,7.833236919431114,1.4704809634321945,0.25301125276847825,66.41336851446758,High
2026-01-02 01:53:00,Earthquake,1.9255012992609994,193.2322468849585,28.56980539418623,10.696443048170888,5.2446661179344085,0.5683914336890502,100.0,Critical
2026-01-02 01:54:00,Normal,0.16596640453211625,144.0588927833591,33.62633873093826,8.672332675758682,2.949635290853043,0.28773306167768775,71.4498350810534,High
2026-01-02 01:55:00,Corrosion,0.8892108975103796,138.9435562056643,34.92453468822625,9.280815237788829,4.431090544386361,0.3632845676157565,98.17368543351203,Critical
2026-01-02 01:56:00,Thermal,0.7743807406158854,137.85860468439625,27.94576534950393,7.530634091224261,2.236382935248918,0.28513032977060243,62.96557449340969,High
2026-01-02 01:57:00,Wind,1.325763781555944,124.09706426475344,30.11752882963922,11.174240133437937,6.116033433963592,0.2805025435576862,100.0,Critical
2026-01-02 01:58:00,Flood,0.9477213970220928,145.68696152067002,28.225053877456737,9.122687613123434,3.8283734784395023,0.2875291157682595,80.93960013720313,Critical
2026-01-02 01:59:00,Fatigue,1.0161789390591736,121.46062344005503,22.213930984915557,11.13523596344422,4.04004496603077,0.33525932829302096,100.0,Critical
2026-01-02 02:00:00,Thermal,0.722414554939054,95.80324700486457,29.072600120478718,8.561946569393502,1.5823065150116729,0.15939904330760798,61.90162230811729,High
2026-01-02 02:01:00,Flood,1.045877204076049,123.67051574723554,30.937532951196136,8.18772184318339,3.059942609879943,0.2304494473914832,79.12561533439137,High
2026-01-02 02:02:00,Fatigue,0.9651559472345087,190.71712269509928,25.50485372494571,5.577480277484151,4.849823811532477,0.18577998856139322,75.69908777054557,High
2026-01-02 02:03:00,Thermal,0.7617177204193788,135.2359699621681,28.375784023140692,9.581547621895778,3.369778462713099,0.278814929783313,77.09048601039748,High
2026-01-02 02:04:00,Fatigue,0.9028107341716572,158.49693407558414,27.133165723071773,8.3790341648398,3.907814726252874,0.3066443137916429,79.41201452117994,High
2026-01-02 02:05:00,Earthquake,1.8092337083302472,168.76259372004859,38.55764665655052,15.733839828935738,5.5871721705754815,0.3517833067625109,100.0,Critical
2026-01-02 02:06:00,Normal,0.209982811299499,75.23622451370257,18.8297553144778,6.445025186827161,0.5567956949139516,0.2456399364303793,56.46003009330725,Moderate
2026-01-02 02:07:00,Normal,0.13095546048545176,143.40282812324267,30.508216495136296,3.9570073665319723,1.9033914465985116,0.09643197072573531,37.03564435741277,Moderate
2026-01-02 02:08:00,Wind,1.2718487522379247,103.09504650361029,26.733304613739175,13.168964573232005,5.448330355297622,0.2608132207858208,100.0,Critical
2026-01-02 02:09:00,Wind,1.0803866481292048,143.53018308020853,24.79672545748783,10.714524985509712,5.126707622065494,0.3784421187930005,100.0,Critical
2026-01-02 02:10:00,Earthquake,1.8537554952022572,180.23462797874845,26.610621464218674,13.89092854213426,5.234800557884402,0.47830526241009097,100.0,Critical
2026-01-02 02:11:00,Wind,1.1289167340809758,163.1622410857464,31.336881219167115,9.685667939710573,5.603668674361556,0.2523419037832925,100.0,Critical
2026-01-02 02:12:00,Wind,1.3131257102316343,139.23825988677825,31.622617970102805,15.150667136719393,2.780901493231606,0.33456340837945925,100.0,Critical
2026-01-02 02:13:00,Fatigue,1.1349640431140917,107.05096292362563,28.930085612173766,7.3601998127130255,2.8283023351437397,0.23769542073767747,72.07726983287543,High
2026-01-02 02:14:00,Normal,0.16935617033007774,99.97266769161405,33.46370658228314,4.0319763876228345,3.863622377157307,0.16421283731381567,54.17718075688328,Moderate
2026-01-02 02:15:00,Normal,0.1766333958231755,101.28105030950844,34.34416497550288,1.2879945647600106,2.577973118308523,0.19150699153212508,39.17975967955498,Moderate
2026-01-02 02:16:00,Fatigue,1.1234420164179448,133.67266262112298,32.081879709753075,11.680193231973519,3.5111126578976855,0.3448292959052748,100.0,Critical
2026-01-02 02:17:00,Fatigue,1.0540097495431868,177.25146475519009,25.269037744263905,7.75355298092698,3.7446814339647525,0.32540472107944873,83.21953044180474,Critical
2026-01-02 02:18:00,Thermal,0.7864525994382908,111.65993054652145,32.472207746064385,6.589893254821035,2.393368886872816,0.28185298724321944,68.51021225588156,High
2026-01-02 02:19:00,Fatigue,1.1767791089417678,160.52448186095398,30.496003295692848,7.949190103528458,4.0765926018074445,0.21372013303143955,85.09015704355164,Critical
2026-01-02 02:20:00,Fatigue,1.0151048901304036,156.9574259304479,23.921842831767243,9.688165748187163,3.997388446311471,0.3310621311445998,93.95215961046965,Critical
2026-01-02 02:21:00,Normal,0.2573035017740364,144.01137693679175,20.15280552972871,1.2477212460225622,2.01988470986269,0.22408522809570391,42.04189939646386,Moderate
2026-01-02 02:22:00,Earthquake,1.8663702234921846,178.27170320657672,17.88612189312722,10.129735798306783,4.2002437847889045,0.4591147624069706,100.0,Critical
2026-01-02 02:23:00,Normal,0.314729399070848,139.77827417993896,28.34927745056076,6.373112112178315,2.2647561110689107,0.122438385642329,47.89981296525543,Moderate
2026-01-02 02:24:00,Flood,1.0072309865983462,146.49449654764754,29.490198574334592,5.54067311861113,3.150488567577968,0.3652468493266886,68.23703444551182,High
2026-01-02 02:25:00,Thermal,0.7768875295317874,152.85981316462,24.09109211173793,10.562413351932138,2.2140227395108116,0.15462121105785398,80.65621684938345,Critical
2026-01-02 02:26:00,Normal,0.11089476299832549,82.42647281881898,33.230161662756814,9.675583248605442,3.2667424915373617,0.14553454767647608,71.59577288050738,High
2026-01-02 02:27:00,Wind,1.1005004005867844,91.44304809272228,28.76109074648206,9.6073285881949,6.209721357835259,0.29395847341646686,97.74633723264755,Critical
2026-01-02 02:28:00,Normal,0.27546873812597866,129.43867133914634,34.747263074576765,8.89847884016147,3.942620128819636,0.07900727499973606,77.51200647426509,High
2026-01-02 02:29:00,Normal,0.2389694248846211,130.77957815098074,29.852679349917956,4.927230741370343,2.6501227637622846,0.15674311907961566,46.141753682202626,Moderate
2026-01-02 02:30:00,Normal,0.2559941662852981,131.88755832879707,22.668332140604242,9.79772347723361,1.7344149209208097,0.1977184731475841,69.06710779204023,High
2026-01-02 02:31:00,Normal,0.3331402887707249,106.87668713113302,30.291406066450744,3.6313464436603677,1.929644417395379,0.03393822545333314,37.28761361891329,Moderate
2026-01-02 02:32:00,Thermal,0.7050141512750181,179.2430563052593,33.35055347436051,5.094645428293365,3.6056022634622744,0.22842492929833236,69.13597844302082,High
2026-01-02 02:33:00,Earthquake,1.771105575821388,170.10305460657446,25.261882070564972,13.160264767680491,4.939752247538811,0.26412792541893404,100.0,Critical
2026-01-02 02:34:00,Fatigue,1.0900968770728974,163.52197549180923,20.789535013450624,14.623889580232216,5.118810060122396,0.46332310274535554,100.0,Critical
2026-01-02 02:35:00,Flood,0.9636672049940387,165.66590562510197,28.50148032153303,10.804904917821254,1.7157274943285385,0.30899929735471865,78.69120112952324,High
2026-01-02 02:36:00,Normal,0.3645181691141933,162.96850399372778,22.995776823419078,3.4540303143864683,1.7042744460125667,0.19006634270648062,45.261894125429784,Moderate
2026-01-02 02:37:00,Normal,0.3226869441290518,112.07425950525416,33.60443831530566,5.9867035078541955,2.80107149206732,0.19856587293273126,60.56093550057136,High
2026-01-02 02:38:00,Fatigue,1.0982106661671005,136.67017734427117,25.964116597867037,12.413374515357658,2.954840352720179,0.34836165044806655,96.99783152056736,Critical
2026-01-02 02:39:00,Normal,0.39353854234628693,82.54636538961692,36.62300553246649,4.743150683256587,1.7598511088221669,0.25825238798676226,58.23594066507816,Moderate
2026-01-02 02:40:00,Thermal,0.6800883776311887,180.80917516656183,19.37920666240582,15.87917025602714,3.793643416243202,0.13491568569482693,100.0,Critical
2026-01-02 02:41:00,Normal,0.24938189751154546,130.5352726762135,28.67397802072574,3.4477461304415384,3.518269107037796,0.2848142077941406,44.695450902080815,Moderate
2026-01-02 02:42:00,Flood,1.049306957514725,162.12652764735753,35.146963200506605,12.207532166134243,2.3860617178337558,0.39166602352138036,100.0,Critical
2026-01-02 02:43:00,Fatigue,1.0018355962564862,230.917606033098,23.548478420563516,11.7858117094454,2.4319255122451398,0.2946922711313966,95.69993607945793,Critical
2026-01-02 02:44:00,Normal,0.27405716334541824,128.12611852965748,27.203995321864824,2.9005177259058272,1.053969812160159,0.170501704745344,28.77225907986201,Low
2026-01-02 02:45:00,Normal,0.16147340049696973,87.4419648724992,25.98482142817978,3.7266791979569813,0.4624641494918398,0.0,25.729871259578,Low
2026-01-02 02:46:00,Thermal,0.8552445854619404,137.1024106251756,26.581161789238585,11.054295942438095,1.7336215445885297,0.1604807070238729,76.47386657021566,High
2026-01-02 02:47:00,Normal,0.33462678145031255,95.63043977878367,29.223113205571405,5.434363662812723,1.0273388023052994,0.22150794210105257,41.05214801386288,Moderate
2026-01-02 02:48:00,Earthquake,1.8117866720902662,171.70329013543068,21.522891995004482,14.414215180181817,6.593493548245991,0.5000493973047913,100.0,Critical
2026-01-02 02:49:00,Earthquake,1.6417761747948043,171.53525993113482,27.44515609334887,8.492097938886927,5.0479231819312425,0.4623069537693437,100.0,Critical
2026-01-02 02:50:00,Normal,0.17265651830671724,105.32439022332376,30.579971188422867,6.967995965486304,2.0313751061566068,0.17394279473773683,51.32342842839399,Moderate
2026-01-02 02:51:00,Corrosion,0.9001768002570529,109.36793736611507,26.924531443066783,9.161890532247703,2.3645357432458214,0.4220698160454756,76.39023992512193,High
2026-01-02 02:52:00,Corrosion,0.8566958914809893,184.01254084180738,22.998979000071124,8.10826993207654,3.953537075064582,0.34841404450937113,87.20701168646585,Critical
2026-01-02 02:53:00,Earthquake,1.574479790584601,189.07120111095983,33.15092699300751,14.482675589177227,7.235764027832772,0.37249388650040755,100.0,Critical
2026-01-02 02:54:00,Fatigue,1.1744264307094592,147.36319913249406,31.65128480808425,8.272346878627252,2.9123701159605786,0.4745688521562731,87.28826038644847,Critical
2026-01-02 02:55:00,Normal,0.2609325205003066,138.94094573789357,22.794064143481293,3.224292488349578,3.7247483710747344,0.09230662122347195,50.792025096119495,Moderate
2026-01-02 02:56:00,Normal,0.1844740268799964,131.77668187123479,21.529462174887293,4.2743434050826705,2.3644243831678455,0.06225278235700349,48.67363402634355,Moderate
2026-01-02 02:57:00,Wind,1.2645964478053333,164.29226831855118,23.24037792003088,8.707390465045107,4.056863499288712,0.28231156903008614,95.43472864933369,Critical
2026-01-02 02:58:00,Thermal,0.7457967989674481,159.12495181917066,32.72636582743608,14.5415886831296,3.6001238323252416,0.1993087857583532,100.0,Critical
2026-01-02 02:59:00,Normal,0.19492383059166282,123.34836859396641,29.377864494812727,7.735612186530769,2.3905264989670156,0.1508054708410481,54.0942082910638,Moderate
2026-01-02 03:00:00,Normal,0.2786682120811229,136.7555364247898,31.95041356222857,2.094593228084897,3.857104419063244,0.24384725571208923,47.431600208036976,Moderate
2026-01-02 03:01:00,Wind,1.3274830767393837,176.22780752194438,26.369248909746926,16.208888006782527,4.560220731821724,0.3132816342716257,100.0,Critical
2026-01-02 03:02:00,Fatigue,1.204886974237831,157.06796837582007,23.376328812499466,8.201430165691061,4.341107171140971,0.2993362585904172,93.6618405151434,Critical
2026-01-02 03:03:00,Normal,0.27877691991232856,114.4901376625971,32.594232442072496,5.088366102392854,1.5785001800374556,0.18470518529671234,47.837930565593176,Moderate
2026-01-02 03:04:00,Earthquake,1.8269908527080256,219.8599450363477,25.23275743274418,16.092251584793956,6.199077136464403,0.22399999999999998,100.0,Critical
2026-01-02 03:05:00,Corrosion,0.9183199145667861,132.25246150566414,28.932740279269893,4.209965631692846,2.363153026377014,0.1467791593665546,52.073435855098325,Moderate
2026-01-02 03:06:00,Earthquake,1.689441305970452,191.38284001068365,20.25037580442313,12.688922459177093,5.469003989579594,0.37317509876564625,100.0,Critical
2026-01-02 03:07:00,Normal,0.3015318669721586,130.34771026847667,25.150947878386003,3.2799984470984973,4.883283555780828,0.11256569589218099,53.03453072691682,Moderate
2026-01-02 03:08:00,Normal,0.19127412254851775,104.76105369340911,33.04698160470757,5.6152402386324045,0.5041899196462913,0.16145700102831056,43.310732953040485,Moderate
2026-01-02 03:09:00,Earthquake,1.8154782453437264,161.40444036721266,24.41862716665071,14.510149049796325,5.593146996335451,0.5163302703686472,100.0,Critical
2026-01-02 03:10:00,Wind,1.1668025897914132,148.55369947825372,32.0725191072575,9.868221904002946,4.3116229208788965,0.3100440402085442,98.43324636552906,Critical
2026-01-02 03:11:00,Fatigue,1.1150966661691373,140.69457867060981,16.344901519059032,9.129058105463036,3.571910957512797,0.19422654258216115,100.0,Critical
2026-01-02 03:12:00,Flood,1.029448277200517,114.34673595902836,25.20304170178407,12.395394117906335,3.475480738932569,0.2285520170188261,97.25514330593074,Critical
2026-01-02 03:13:00,Corrosion,0.6091575783342961,127.91262293701811,27.14322677060934,9.204457791002115,3.411409773161483,0.4048460727193803,76.14291942042969,High
2026-01-02 03:14:00,Thermal,0.8143113369364146,148.65557461586405,38.71270151671203,8.124275030155829,2.947996724535469,0.38259951771672124,92.88268250356671,Critical
2026-01-02 03:15:00,Earthquake,1.841372236183941,213.24858960371498,22.154685599927742,13.843611774380417,5.581979728821004,0.4516701948519105,100.0,Critical
2026-01-02 03:16:00,Earthquake,1.8256742678670763,195.45978337934082,31.354966477235447,18.907666992590656,4.872389294183101,0.27900135434437356,100.0,Critical
2026-01-02 03:17:00,Thermal,0.7917931243033136,77.01163754074405,35.28465890624397,8.518021930952319,5.222392818747079,0.284544394808332,95.51365444977561,Critical
2026-01-02 03:18:00,Normal,0.3813729353544325,136.0325928689332,24.392551763778627,3.4566544851028844,1.7479862567026485,0.21069576793205616,42.887269027165125,Moderate
2026-01-02 03:19:00,Corrosion,0.8799098503297329,130.24620535260706,26.13238025613655,4.026997265833177,3.8896114076247166,0.2700432166712192,62.33487249154726,High
2026-01-02 03:20:00,Corrosion,0.8900138640154486,155.5270018671941,28.70814386905952,3.998187877895139,2.6509639001567833,0.22239911555125125,53.4867784162936,Moderate
2026-01-02 03:21:00,Normal,0.3335593515240455,119.6466185197343,20.592575164037353,3.598922314760717,2.9331430304011468,0.15098951649042044,54.7517728405895,Moderate
2026-01-02 03:22:00,Earthquake,1.819007439975728,176.7828093478293,25.72448394069322,13.074869468137557,6.093467787351335,0.3528228074250342,100.0,Critical
2026-01-02 03:23:00,Normal,0.17815857972686372,117.44410680094647,34.38056020473208,3.3331356211692835,2.4192602365321703,0.08839408333127806,45.10190593426573,Moderate
2026-01-02 03:24:00,Normal,0.0549330068976302,119.4393922932555,30.613274054322105,6.053431931137428,0.9726646437814801,0.28927902683745954,42.64932472061153,Moderate
2026-01-02 03:25:00,Earthquake,1.7518303278385536,215.2101243022561,27.216243552583787,11.694475866475074,4.607596959436479,0.4745851036023756,100.0,Critical
2026-01-02 03:26:00,Normal,0.31087564207048934,119.50849532287282,28.565361809182416,2.2565321895937096,3.6861729857461807,0.1572056445933352,39.164333381231124,Moderate
2026-01-02 03:27:00,Fatigue,1.0467522934865756,180.13840332953,30.90452682764886,11.337931506072238,3.03652629228932,0.32817426466942157,94.33458044777275,Critical
2026-01-02 03:28:00,Thermal,0.8640942697825384,165.49764664614142,33.86205073955057,12.10818349063404,3.8409021702125044,0.2911760712312428,100.0,Critical
2026-01-02 03:29:00,Fatigue,1.0868982540736218,169.6761386895913,25.21792926310449,6.1784972067603565,2.8553286698186975,0.48743068464608497,75.94686504329329,High
2026-01-02 03:30:00,Normal,0.35304528562097476,75.33452949675805,35.673604716398344,5.7311475911234355,3.008383235601769,0.24980549447325637,65.52105154793708,High
2026-01-02 03:31:00,Normal,0.2263826634303471,147.91581640404016,34.58174100602331,0.7150139744614545,1.313602642502615,0.24678156949824837,33.770992010392945,Moderate
2026-01-02 03:32:00,Normal,0.28740918612541505,108.5524676466103,31.386288151766063,0.5763856078185219,1.0368121124599998,0.18303848104554676,24.684181723822512,Low
2026-01-02 03:33:00,Normal,0.29047080516282875,137.8931820268693,23.785200670770543,3.2337025160684814,1.2876575233030985,0.14524608332718594,38.12767760855225,Moderate
2026-01-02 03:34:00,Thermal,0.9201281498104955,117.68667916898966,24.898880466147034,11.40473129713158,2.6461974033389764,0.37061682021292924,90.40392095839059,Critical
2026-01-02 03:35:00,Earthquake,1.6534690154932579,151.9731489174186,26.366981017017032,11.063881910883575,5.76467335492422,0.45618176940529476,100.0,Critical
2026-01-02 03:36:00,Normal,0.21332733803574738,169.40971842078,28.303825488222053,2.5516985757033517,2.069383706137783,0.11363664367564805,30.096090412325584,Moderate
2026-01-02 03:37:00,Fatigue,1.1428812884310804,129.07542332904714,19.15754067220474,9.608261845683348,2.704843920087169,0.336309324347187,98.59097428869141,Critical
2026-01-02 03:38:00,Earthquake,1.9136717183822918,210.25266597629368,30.47346566772628,13.511250833449552,5.332052986201179,0.470990887073665,100.0,Critical
2026-01-02 03:39:00,Normal,0.2692057210113664,122.96050803591302,34.43731131924236,2.644605581735991,0.8564985927089037,0.012333523496571047,35.01653347476252,Moderate
2026-01-02 03:40:00,Normal,0.22658366684628103,109.49699854099572,30.882370699154386,10.958664701789715,2.643557365000979,0.10620905659322662,70.77840202612158,High
2026-01-02 03:41:00,Flood,1.0805694694939556,149.67927789174485,24.619735985978824,8.403909880653881,4.506902898872407,0.3210211860831925,90.83354084746,Critical
2026-01-02 03:42:00,Corrosion,0.9244962140185348,111.67263758671722,24.027983012997545,8.64075494725424,3.2960526614506382,0.11404309569369954,79.6911321216562,High
2026-01-02 03:43:00,Normal,0.22122706570661543,119.65614050976923,29.499261720870393,3.794661386868674,2.2716534029927615,0.038709506729176474,36.36810483719939,Moderate
2026-01-02 03:44:00,Thermal,0.8264245849742038,114.93149215260101,29.2334814233091,9.319914686453538,4.9521241106644105,0.2383630607684591,85.74218662786916,Critical
2026-01-02 03:45:00,Fatigue,1.1694421809929576,143.11390514215037,30.21520587127954,13.20487267911235,3.642397007607881,0.3393235407275954,100.0,Critical
2026-01-02 03:46:00,Fatigue,1.2262367194619563,176.1324890992394,31.008606863028174,14.490991090863718,2.85574204994911,0.34302269655208945,100.0,Critical
2026-01-02 03:47:00,Normal,0.30940839673882337,126.35476691394143,33.45945264447331,2.713202974208359,2.57919523593779,0.30659196421531687,48.030085667094475,Moderate
2026-01-02 03:48:00,Normal,0.25353111173324744,82.94573752798696,22.33938285535239,8.302385528903637,0.8673462342346552,0.1865811110311599,58.28255086134614,Moderate
2026-01-02 03:49:00,Fatigue,1.0706739859169674,174.28720317284674,29.10809473924656,11.149042458653053,3.589431036727057,0.2701877717231582,92.03219579137412,Critical
2026-01-02 03:50:00,Normal,0.2945917245754898,119.82250595227144,26.18262498019338,7.923609828380233,1.4010099539164829,0.07541123310758013,51.15109746815273,Moderate
2026-01-02 03:51:00,Flood,1.010746172601644,137.24536828976653,27.506824780323193,8.924362181921605,2.9781801667911294,0.2612297906858371,76.94068396938614,High
2026-01-02 03:52:00,Corrosion,0.8701712399217911,162.8669075977233,32.32204426334372,7.738877680153459,3.069912404355489,0.3246023446397382,79.38669012794527,High
2026-01-02 03:53:00,Normal,0.16536989883753,115.81982907557494,32.86562936525622,7.807143937141981,2.8998913262140826,0.24021777627896945,64.8446261856081,High
2026-01-02 03:54:00,Corrosion,0.9587645757192929,115.05846650235718,34.992218251918274,11.164077518168861,4.425668788324186,0.28916952053827943,100.0,Critical
2026-01-02 03:55:00,Thermal,0.7087852218281058,188.1952427862401,32.12795125184134,12.69716169158566,4.126205863090671,0.30376919482357734,100.0,Critical
2026-01-02 03:56:00,Corrosion,0.8204310591637591,143.7678139277253,27.449916046221027,8.895642666351469,3.6563540891284143,0.37011068472596736,78.98208105932002,High
2026-01-02 03:57:00,Earthquake,1.7978074608681451,179.56536988794457,26.735607652748083,13.079256117095728,5.102283438612344,0.41002174744959663,100.0,Critical
2026-01-02 03:58:00,Fatigue,1.2342789503910911,142.87237070673524,19.326224988026656,6.879560739982612,2.1578249953999573,0.40938550702001875,87.81258086699813,Critical
2026-01-02 03:59:00,Wind,1.151185361211814,186.89914348643973,34.698675224493016,5.266218386013996,4.407660993277275,0.2578682528560523,85.2276785954059,Critical
2026-01-02 04:00:00,Corrosion,0.8017187348831684,131.078037296449,26.39050793107165,7.117245184449821,1.5993317247588872,0.26213671643676073,61.193426294545226,High
2026-01-02 04:01:00,Fatigue,1.0309346466132965,114.37550352970989,30.529485300014553,6.196823206261354,1.8766327235269868,0.26153334161116637,64.55260989428456,High
2026-01-02 04:02:00,Corrosion,0.9877117734089051,127.23305845260053,31.394982628712164,10.74239169629974,3.158332344213053,0.33141641053912063,91.58569612689983,Critical
2026-01-02 04:03:00,Normal,0.02501224051951831,153.16936501136982,21.7734224547493,1.069937115263139,2.2645772446304973,0.0988412442726841,33.04220107117074,Moderate
2026-01-02 04:04:00,Normal,0.16978095902811305,140.80330403642793,23.383268037701825,3.4960870149491363,1.5489150961707394,0.1542587619597207,39.3295619156833,Moderate
2026-01-02 04:05:00,Normal,0.46850309673276413,113.62460868350347,35.73509953527747,3.613920520584534,3.535531148593968,0.031225880734187722,58.643901446571114,Moderate
2026-01-02 04:06:00,Wind,1.2322705658793311,191.73137854101185,29.45217757841772,13.714229250198338,4.502101657518507,0.3635500868455889,100.0,Critical
2026-01-02 04:07:00,Wind,1.0965212040528625,176.09855572054707,25.09707167850742,8.275283752941068,3.7905920932047423,0.41574322205803865,88.25048579373922,Critical
2026-01-02 04:08:00,Wind,1.1816465614260183,150.73526590913482,27.36826494436228,11.457236354143964,5.426309945181796,0.3888566361040077,100.0,Critical
2026-01-02 04:09:00,Earthquake,1.795396365285429,177.452253622473,33.431184524164195,13.987118382568148,6.925113347564091,0.4690102090775822,100.0,Critical
2026-01-02 04:10:00,Corrosion,0.9226900196724486,152.43294329863585,32.67157239867152,11.009865456341839,3.8325586934746694,0.3351520316783959,97.9303499937744,Critical
2026-01-02 04:11:00,Thermal,0.9471601602258051,121.2028262584046,22.669591188801785,10.550645156349441,2.4247423402425037,0.3159755062749204,89.90520281867106,Critical
2026-01-02 04:12:00,Normal,0.2810841345023372,120.11262663773377,36.17141921835946,4.899679661391367,1.4497295689782677,0.22915164980048636,54.53647632410576,Moderate
2026-01-02 04:13:00,Corrosion,0.8118169357589633,151.91283411533226,32.8307401549934,3.3888835378215414,1.8732612870066632,0.32231307661029013,55.73209213302883,Moderate
2026-01-02 04:14:00,Flood,1.0829667553678564,108.62584403478651,27.23762375329207,8.50477734006311,3.637583120199487,0.23954542960739528,79.49226197684644,High
2026-01-02 04:15:00,Wind,1.1291397842509712,152.66699193580254,22.041387784566396,10.040133066403541,2.9899585585554678,0.2999845245184123,95.49979290195206,Critical
2026-01-02 04:16:00,Normal,0.16733300032087767,112.42359536585779,33.27004320030463,5.858027699458334,1.6709252308034817,0.18561946085668102,50.703592370241495,Moderate
2026-01-02 04:17:00,Fatigue,0.9342072902434845,178.70170049900807,30.382137501473096,7.287334564337569,4.0606003030551605,0.2731435889040389,79.16556120920984,High
2026-01-02 04:18:00,Thermal,0.674789728439968,95.88757515472415,22.711008109611175,11.422703355225838,1.2162913579960608,0.13469522911721282,78.6469595804756,High
2026-01-02 04:19:00,Corrosion,0.7832843875100584,134.6623495074072,26.839609623208116,8.340858254944978,2.056258731478763,0.169199281048485,65.53413575594462,High
2026-01-02 04:20:00,Thermal,0.7057768185839304,129.95613381588532,45.63086471396244,5.238507956563623,2.693151945164674,0.2783980892018779,89.73587972883323,Critical
2026-01-02 04:21:00,Thermal,0.8250589221899775,166.00177409804002,30.082508787072108,6.625316483774959,3.1474726312768277,0.33246207269775346,70.22705650737207,High
2026-01-02 04:22:00,Earthquake,1.694047853934077,180.51133576587767,24.290147028321716,19.18562796190049,4.866109200261892,0.4047473527327765,100.0,Critical
2026-01-02 04:23:00,Flood,0.7714933041619796,195.70236614130926,22.957516873466798,11.193133678839494,3.409482068613623,0.5131857489483356,98.55177685802173,Critical
2026-01-02 04:24:00,Wind,1.1014870580328429,173.95533454765967,36.8604949171471,13.245369666693211,3.3338128038744426,0.2424190055875784,100.0,Critical
2026-01-02 04:25:00,Thermal,0.7622512281822865,131.74442514526203,34.23879744788844,4.875239090859758,1.7506001581913737,0.2955953713652558,62.144190494643254,High
2026-01-02 04:26:00,Normal,0.20156404097024277,125.99146741397396,35.03719556958614,2.9335109234485977,1.4652492226083014,0.28329620885195533,44.13001185625927,Moderate
2026-01-02 04:27:00,Earthquake,1.9115619743447347,172.74827976576353,29.240926420460788,11.355733082356263,5.146831475069695,0.48925416969324625,100.0,Critical
2026-01-02 04:28:00,Fatigue,1.025916595256868,174.4849022622605,34.270096176663934,10.053181212765866,3.4896098963937514,0.35240534894196945,98.15148992265986,Critical
2026-01-02 04:29:00,Normal,0.32047387705593583,86.6950571677247,23.758398052260446,4.477994506743323,2.111795918796453,0.2656203179073688,49.06436805479319,Moderate
2026-01-02 04:30:00,Corrosion,0.8534813920255312,123.60760058571667,28.812954904575292,6.831516766228939,3.738894570475197,0.272431547812616,70.13781945407187,High
2026-01-02 04:31:00,Earthquake,1.7866156219461922,192.992247963873,29.43526757486368,12.307791222489637,6.041726226896669,0.537030539585644,100.0,Critical
2026-01-02 04:32:00,Thermal,0.7331695768921571,172.64391121809052,36.912234659376104,5.6178944399747905,2.566449164488609,0.3626527285083409,75.960684800229,High
2026-01-02 04:33:00,Fatigue,1.0702973878735387,97.95078509652004,29.594215200702276,8.96048213929577,2.224203196080215,0.23182179194315627,75.35263430742657,High
2026-01-02 04:34:00,Normal,0.18879230984820666,154.3617803997604,24.872441291318925,8.339646751501242,3.271596365728607,0.20572543501075094,65.85151770666707,High
2026-01-02 04:35:00,Corrosion,0.8686019451403657,140.69662178929985,28.32036919460187,3.760581945350738,3.7054459156110884,0.1442162696378518,54.973562806877446,Moderate
2026-01-02 04:36:00,Normal,0.23110002939010493,72.90312595157093,19.617933987698798,6.03943830090569,1.0453376488260613,0.30174311785885677,57.05200638996506,Moderate
2026-01-02 04:37:00,Flood,0.944429765344672,75.75680395276653,16.395156333648664,13.34027808463887,3.957705056492421,0.30993851528253874,100.0,Critical
2026-01-02 04:38:00,Flood,1.0993515471760475,112.56534835479302,32.15670685054143,8.650438704303298,4.747994733268124,0.399901827525361,95.6678791996483,Critical
2026-01-02 04:39:00,Fatigue,1.109147238401714,152.50737860386494,26.12628056846828,7.913371912562312,5.529176525239391,0.2912513996185736,90.99911743874439,Critical
2026-01-02 04:40:00,Normal,0.21415498126862015,118.35254905477788,26.692913505098662,7.772694457851767,2.250610276157731,0.031498600098775115,51.510112549597515,Moderate
2026-01-02 04:41:00,Normal,0.2616394437628248,135.83001086773274,32.15473339683307,2.0473343693934694,3.0596706373498606,0.3909894032855993,45.98941690048015,Moderate
2026-01-02 04:42:00,Corrosion,0.848294198279843,130.4628205609759,34.985051925223,8.231925410183807,2.110397927685276,0.2784870837749792,80.08018897669196,Critical
2026-01-02 04:43:00,Wind,1.1155927250189381,129.69898633884574,30.672439774137914,6.980467698842818,4.0040972484033235,0.235983310127856,79.95018697240523,High
2026-01-02 04:44:00,Wind,1.1906396983216931,147.07284030847768,37.64036415108906,5.710302910072839,3.7049873507436804,0.4076609830712711,92.06360008681382,Critical
2026-01-02 04:45:00,Normal,0.20031905961541005,120.84025717278944,30.513445670286387,4.544047205615614,2.3425698517042095,0.34286858249954366,46.868431608735655,Moderate
2026-01-02 04:46:00,Normal,0.17440529315039205,125.76931987388194,29.511067317899972,1.2098148101990498,3.6111939354362215,0.16380494604343893,34.26899561699608,Moderate
2026-01-02 04:47:00,Fatigue,0.945178613578678,133.27088251818986,29.201944112522995,9.464988460012496,4.049889394279258,0.29206060714184223,85.18247089478905,Critical
2026-01-02 04:48:00,Normal,0.22131141171690955,142.53616750838398,21.57252218933192,8.34508887314212,1.0623092607331233,0.19904369877692632,61.67890042161021,High
2026-01-02 04:49:00,Earthquake,1.835357652766698,166.06508070689915,32.779993028200614,18.96276622003887,4.096561420116119,0.31512234947583195,100.0,Critical
2026-01-02 04:50:00,Thermal,0.7444272517296913,120.2570659418774,17.77266989992357,8.280587851829626,4.8457800627539385,0.20474660403349043,97.05566851193213,Critical
2026-01-02 04:51:00,Normal,0.45165669537263753,106.44021226329275,25.06873571362111,8.057647495926798,2.513793412385233,0.32255406914920176,66.51380320052351,High
2026-01-02 04:52:00,Corrosion,0.9258548522922188,171.07100439256516,28.11465175283806,9.4968879503199,3.768081346975057,0.2574234849680388,81.43555019158183,Critical
2026-01-02 04:53:00,Normal,0.3543464106128382,116.68008867648352,24.051188382933184,3.8506591583748233,1.6562686114418295,0.11299544175798318,42.09399786369356,Moderate
2026-01-02 04:54:00,Fatigue,1.1386194409659007,135.6371624232557,25.741220384635895,5.274329061792684,4.067861784667843,0.263836648290938,73.63986293147985,High
2026-01-02 04:55:00,Corrosion,1.0032291979950858,167.35269376121357,37.19687783113614,13.179476981246358,2.3330400938731897,0.35382589498641076,100.0,Critical
2026-01-02 04:56:00,Fatigue,1.0120398413221967,206.56871349871867,33.520119428908394,6.352693432156632,4.187198355703652,0.14192824919000488,81.87666683715814,Critical
2026-01-02 04:57:00,Normal,0.045141009147310285,125.24206585772369,24.570861595966306,9.148312734253308,0.8251298634259723,0.20037199178830795,54.25076826449064,Moderate
2026-01-02 04:58:00,Wind,1.1493099513317695,188.24606152163585,25.65216744513812,11.710422887786752,3.6807115549722407,0.5129774996033969,100.0,Critical
2026-01-02 04:59:00,Corrosion,0.8996574860438031,170.10194876436975,21.61498025724078,5.371961644257923,2.6771068513405947,0.4304850101831224,74.64782032909642,High
2026-01-02 05:00:00,Normal,0.2621213577398383,104.85900620854167,31.524968930030685,5.9359950854568595,1.257367642666575,0.2258562224654938,47.75181497067141,Moderate
2026-01-02 05:01:00,Normal,0.2720378088774227,120.6658545119058,26.75128774794762,11.398733183855988,1.653231373466593,0.28531540880351847,68.56285740633292,High
2026-01-02 05:02:00,Normal,0.3556728002135898,87.93638425740032,18.16766764552726,9.606957742591312,1.1011335755370713,0.284546102783702,76.70495872758055,High
2026-01-02 05:03:00,Thermal,0.830564605957,136.87644334095913,30.50391795905029,6.461860831596654,2.9896101161092163,0.24993183972087213,67.71604182737224,High
2026-01-02 05:04:00,Corrosion,0.9189130342072818,128.54524077185692,30.194894418009127,6.164057725445954,3.3217228004818544,0.34198350426914453,70.66458576668045,High
2026-01-02 05:05:00,Flood,0.9448349806517793,140.72785107060912,32.81570486587526,9.500624111948216,5.447931942981584,0.43508664150298854,100.0,Critical
2026-01-02 05:06:00,Corrosion,0.7673685048627171,125.45262421549158,27.633226027116127,7.80345881309049,3.6247089971575086,0.1668990205500695,69.14589087722626,High
2026-01-02 05:07:00,Wind,1.314129113841959,150.22257979511082,26.136644186068093,13.699212156928189,4.374112632983538,0.3621320701985278,100.0,Critical
2026-01-02 05:08:00,Wind,1.1930721228117656,170.70581715662286,37.93132340244764,12.318767409265412,4.5356138352192445,0.34491803584708414,100.0,Critical
2026-01-02 05:09:00,Earthquake,1.7401416653243094,178.6127022390001,28.032930780497757,8.476724804585265,6.231808512241125,0.4122531587979369,100.0,Critical
2026-01-02 05:10:00,Flood,0.9702884405162305,104.19067005611537,31.597809157989673,10.576025766271734,4.134279453854518,0.2931706644532304,94.78881460079926,Critical
2026-01-02 05:11:00,Normal,0.1980701502689394,101.34698587753785,25.302301783118708,4.462727117397896,2.281713024424119,0.1985335978024343,43.61798323655517,Moderate
2026-01-02 05:12:00,Fatigue,1.0182832783163327,115.0150161860437,31.449548258179163,9.6113244080842,4.511246918563144,0.32524577582795877,94.15442200745689,Critical
2026-01-02 05:13:00,Fatigue,0.9723481757917073,159.1015056495442,20.72185503797951,10.246829042781977,2.226634420831104,0.38948922342905423,94.05367848698991,Critical
2026-01-02 05:14:00,Normal,0.12996636782235932,132.58293410135468,25.68966227140683,8.596187015829805,4.089051583278826,0.21812117305817438,68.10274998657368,High
2026-01-02 05:15:00,Wind,1.1693996497876464,163.81370554635413,21.958628802869733,13.033378890638062,5.629729844713399,0.30176987242589026,100.0,Critical
2026-01-02 05:16:00,Normal,0.20256593037436804,100.31489016751532,24.975133390652662,2.7507717779381133,2.2171357518592902,0.11280628340071766,35.6208669607104,Moderate
2026-01-02 05:17:00,Thermal,0.8885727428354637,148.1713482282804,36.25235020115535,7.824164096930992,1.7869935495912335,0.22220459857383695,79.39740095146729,High
2026-01-02 05:18:00,Thermal,0.8234461322613533,130.24714360577812,26.938370553481512,6.654435821428365,4.410350432492945,0.28089328823032245,73.01531249496932,High
2026-01-02 05:19:00,Thermal,0.8212254144062388,113.54436375624368,33.59128062737042,3.045537906719794,2.506123500935289,0.20351434096941384,56.3844445306706,Moderate
2026-01-02 05:20:00,Normal,0.19055036739564396,138.54824799272325,35.5863259102852,4.671888477196729,2.5338410165749354,0.2556701670971697,57.05524889697165,Moderate
2026-01-02 05:21:00,Normal,0.24031772673760193,140.45069384309429,27.862113431983406,10.534263282677289,0.7170943982145337,0.21440441125382842,56.71140923083645,Moderate
2026-01-02 05:22:00,Normal,0.27888008829051525,143.72238702708765,32.9688355252814,0.13613018124924103,4.2264068989731225,0.27148219360456083,44.107750311024326,Moderate
2026-01-02 05:23:00,Normal,0.307295659177014,104.79128499918859,30.655429790693375,4.927814619019799,0.5577832378913798,0.1288944623226379,37.54869956390197,Moderate
2026-01-02 05:24:00,Normal,0.24248865387853075,149.48405781732697,28.582184652917665,4.831585563770974,2.0689860703165013,0.11351458682814007,39.934413285933694,Moderate
2026-01-02 05:25:00,Normal,0.33632990234593674,107.66044371679831,31.751577946584646,5.863206415292959,0.12218721451149284,0.2708845781014132,44.43466626185326,Moderate
2026-01-02 05:26:00,Thermal,0.8006391447126355,158.33753303846282,39.19969044995927,5.111825127818209,3.1587775478036777,0.27039631653340435,80.76928304733082,Critical
2026-01-02 05:27:00,Normal,0.3134277694814144,107.22718345583311,24.813655437457236,0.724668227600139,1.5747147948617242,0.16379862968784878,27.66510049704644,Low
2026-01-02 05:28:00,Normal,0.21081182331286796,114.40044590635573,23.203995499119625,0.8642070296161215,3.137183393905966,0.2358928396521917,38.83464604944054,Moderate
2026-01-02 05:29:00,Fatigue,0.9299929306745087,92.47055356527025,22.910427271723282,13.492801274994436,3.3746205684081345,0.3529159390916582,100.0,Critical
2026-01-02 05:30:00,Wind,1.2064687190414818,149.8521696395771,32.97213984868277,7.151942076914429,5.17862358284633,0.21553890106133664,92.73864213461803,Critical
2026-01-02 05:31:00,Corrosion,0.9130259250517301,146.47724916962568,33.64683811564176,6.801313425040481,2.295879432411329,0.3787716098468871,75.86727320673047,High
2026-01-02 05:32:00,Flood,1.0660277865446055,140.54875956590405,25.314815333330323,15.513897795838922,3.398038396955256,0.2591674445267701,100.0,Critical
2026-01-02 05:33:00,Fatigue,1.1087749329149954,196.90470170212848,17.319932252803262,7.2972330296706325,3.5380879020794938,0.43600144381935235,99.58976653533006,Critical
2026-01-02 05:34:00,Flood,0.992113042723601,121.73834786686808,24.62621630038457,10.227198793852779,4.175588255632917,0.18531611091490696,91.91931887990333,Critical
2026-01-02 05:35:00,Wind,1.1204602998843527,143.31046907240184,30.73927088903498,13.291435029876519,4.408374426407057,0.3413919105984249,100.0,Critical
2026-01-02 05:36:00,Corrosion,0.8991382615235025,121.57818475035367,27.666384305085835,11.34716056093773,4.042225154923361,0.25315030392492194,89.19660091177407,Critical
2026-01-02 05:37:00,Earthquake,1.824115793295862,167.50557552511322,28.901738733776835,9.405270928868957,5.626830603289739,0.24598122588526528,100.0,Critical
2026-01-02 05:38:00,Normal,0.2051280727324939,145.78532657351764,25.38327790862201,2.8599426568955035,2.6613148266131157,0.23265663824413305,40.48404961930618,Moderate
2026-01-02 05:39:00,Earthquake,1.8787539351353646,218.5507948581741,33.07044562354882,14.307091928755954,4.462136071306862,0.2500850378603995,100.0,Critical
2026-01-02 05:40:00,Normal,0.17937075883619197,102.48018472702645,29.715959008773183,10.787052372149876,2.388798666881234,0.15666665112263792,66.41743754489747,High
2026-01-02 05:41:00,Fatigue,1.0283181296967168,134.92481143191992,30.93231736181901,7.215468024076413,5.408205927445681,0.388342038217295,89.69606608539884,Critical
2026-01-02 05:42:00,Normal,0.3809140169873332,91.07178378515212,28.795328415133408,3.5191610476667687,0.3200072326124028,0.13759712181639688,28.239829790595785,Low
2026-01-02 05:43:00,Normal,0.31948655501871304,152.65713466298257,30.621840818054217,6.258723264203013,2.489007954968928,0.10770126787875842,53.160823703853296,Moderate
2026-01-02 05:44:00,Normal,0.22135925552871819,148.02511017290757,30.29285844090481,6.85897468204513,2.6767797779381173,0.2440285176449608,56.44694639991928,Moderate
2026-01-02 05:45:00,Fatigue,1.097990456771484,150.35045500028033,23.35962685932109,11.54076201290821,5.261186377471683,0.28003855595764804,100.0,Critical
2026-01-02 05:46:00,Normal,0.26238337956190705,85.097520092328,29.86531547687564,2.4609324054955994,2.7260469332902093,0.14759522442481424,36.11596547560762,Moderate
2026-01-02 05:47:00,Flood,0.8003508908018098,118.1334358635937,31.9575408597326,7.603855589196783,3.7803159421587083,0.39399939817354585,80.85679083414695,Critical
2026-01-02 05:48:00,Fatigue,1.0024820840421296,157.2657362596148,33.77570733097422,10.146503599405905,4.230073195510038,0.2066177011876338,97.88237442393105,Critical
2026-01-02 05:49:00,Normal,0.24593227063125747,133.73344796116248,30.080535741418565,8.786933937884845,1.2649621654386598,0.14323141956236624,55.04576654835596,Moderate
2026-01-02 05:50:00,Corrosion,0.8264710818752556,92.5463798744713,23.17374740634232,7.584547753644719,2.932031927642254,0.3373157608855817,77.26485384754105,High
2026-01-02 05:51:00,Normal,0.26976820518643363,111.96725223655294,23.943413352129987,4.933094299748542,0.6642971602980052,0.08144421155923857,39.50427033790427,Moderate
2026-01-02 05:52:00,Normal,0.3403585850358336,160.4573972389346,25.824259593735345,1.9222146885817715,3.487029514344223,0.3220277727788955,44.286674729543456,Moderate
2026-01-02 05:53:00,Flood,0.9942771372276858,145.36226983424285,28.947319540682624,14.789680495676727,4.130157318950846,0.27465220119465816,100.0,Critical
2026-01-02 05:54:00,Thermal,0.7153876163101709,179.24095226976561,29.388819493462034,8.46278884142513,2.283887539675386,0.3299621905129892,70.09086571467418,High
2026-01-02 05:55:00,Normal,0.2759881326808836,136.22615322389208,22.38133967184543,8.233264338670226,2.2713569626625842,0.24979481424180336,67.44332662694138,High
2026-01-02 05:56:00,Wind,1.1588701333145757,130.29300997911605,22.351399828424743,10.189691624202801,5.199347709994333,0.3038169660830058,100.0,Critical
2026-01-02 05:57:00,Normal,0.23751491993424778,112.6832176662036,17.507391125466583,5.255801195730236,2.992792325454384,0.14167903105227528,65.82617319500878,High
2026-01-02 05:58:00,Wind,1.1616581024677537,154.1826440363824,12.402625380659948,5.599073327443818,3.112361386833599,0.31256283504366433,98.46411395048378,Critical
2026-01-02 05:59:00,Flood,1.199347024000879,126.98721079766233,27.341090885225373,5.6522856090777,2.8138388158795475,0.34901473979923,68.15243628801767,High
2026-01-02 06:00:00,Flood,0.8407436591201645,126.55329942972647,39.60115187571428,12.955715635507875,4.07538608489638,0.21308601248313136,100.0,Critical
2026-01-02 06:01:00,Flood,0.9889332877493884,188.46921480296402,36.98389761895713,9.434174642787259,2.7931303681617665,0.1957393129015117,94.38669832804169,Critical
2026-01-02 06:02:00,Normal,0.24970487794812862,95.5659845076762,23.108842939385145,5.619284368959855,2.622327505980501,0.29873621774028986,56.96321657050134,Moderate
2026-01-02 06:03:00,Corrosion,0.7925086006173778,171.16090191021698,28.749516486953052,4.552838743398768,4.270270388336241,0.2092115943653683,62.17359963325572,High
2026-01-02 06:04:00,Flood,1.0919860665702625,139.8878880408746,20.67710244974917,6.490807466619128,4.793633111163382,0.32032671056227224,92.51680249591645,Critical
2026-01-02 06:05:00,Flood,1.0850606142975712,150.1590167529207,21.439452345709395,12.386906003404953,5.424740485978531,0.27582366328807173,100.0,Critical
2026-01-02 06:06:00,Normal,0.24617963052091676,134.0461104559643,22.0126370118481,10.22043131252431,3.2363569180773037,0.167370751102127,78.89497267420971,High
2026-01-02 06:07:00,Earthquake,1.7683460995725044,166.636033177383,26.872506577790833,11.536177958682343,7.109548828784021,0.5184311777110115,100.0,Critical
2026-01-02 06:08:00,Earthquake,1.7810434532614683,195.79760783736333,27.08770194894012,15.414449865089166,6.73906034323533,0.3971864649793981,100.0,Critical
2026-01-02 06:09:00,Normal,0.24161706770817515,68.83925751129044,29.263509854034293,5.570074798044815,3.466217574022167,0.1514539097425698,50.45279099967532,Moderate
2026-01-02 06:10:00,Normal,0.24373015774993897,130.99268471036592,31.316081948521415,4.6384131797668235,1.9591318607022274,0.15842274909800858,44.578096567670904,Moderate
2026-01-02 06:11:00,Earthquake,1.774960071878656,119.8867468857091,26.31559538302421,18.955877060534956,4.0706735687676225,0.3637233264737995,100.0,Critical
2026-01-02 06:12:00,Corrosion,0.8751959451673915,138.52883183253857,28.18100985331314,6.940395061931744,5.802270254482412,0.21439274458999646,79.241066615384,High
2026-01-02 06:13:00,Normal,0.3102569651862292,141.35607463296228,22.530937466548952,8.722137911052457,2.0629529352160203,0.1400442509667296,66.7912726213386,High
2026-01-02 06:14:00,Fatigue,0.976579188192114,168.5573826514594,21.277514878714094,10.644269951126146,5.028708063974234,0.43305680903108923,100.0,Critical
2026-01-02 06:15:00,Wind,1.1009468880613482,124.93973802595147,20.50513826975845,10.049332032905543,3.4897251689757782,0.37291910616483404,100.0,Critical
2026-01-02 06:16:00,Corrosion,0.7151185576413182,114.95839009766208,31.246239005641137,12.416051519099236,4.28392244254564,0.2403842760912262,96.84459832935113,Critical
2026-01-02 06:17:00,Wind,1.254311792028608,140.18319899193412,26.310460759558783,10.970403495269084,2.4849633250399656,0.3945324507695058,91.88800303937944,Critical
2026-01-02 06:18:00,Wind,1.205025863455237,162.05539655895336,18.644398685877984,9.810717410263157,3.629556608999046,0.18902449588901038,100.0,Critical
2026-01-02 06:19:00,Flood,1.0604214012746218,100.00167024890742,27.68455523658195,13.338326518946097,3.5815889166077115,0.4020542681372536,100.0,Critical
2026-01-02 06:20:00,Thermal,0.6856401409309225,141.66941060378605,23.755893341069584,11.747786761315675,3.6626087683051862,0.3636124615861538,95.22900044082499,Critical
2026-01-02 06:21:00,Wind,1.327795849830411,165.1857343450016,36.30189409486486,13.705889963461626,5.1120246766011075,0.49490672112189127,100.0,Critical
2026-01-02 06:22:00,Wind,1.1362919273483714,150.3240704782254,25.105891392065868,11.763413024858993,2.9458570783696847,0.39692411512629255,97.87487674030467,Critical
2026-01-02 06:23:00,Flood,1.0334564645689004,163.9330242013263,31.407529929095606,10.520529877215232,4.339968188920204,0.32697876350921373,98.0356488526831,Critical
2026-01-02 06:24:00,Corrosion,0.9233507728542698,149.7931039581551,33.44481513692494,8.93635157920991,4.546666976636741,0.3712912307894519,95.368203410707,Critical
2026-01-02 06:25:00,Normal,0.17104161953631425,106.45864351502762,23.225357737214793,4.895410237743542,4.345911582754257,0.12993524549011223,58.19432254406204,Moderate
2026-01-02 06:26:00,Wind,1.1412940513189866,108.99526599351276,28.38023558777354,11.929338901918035,4.746627983837534,0.284366680663828,99.83477466598079,Critical
2026-01-02 06:27:00,Wind,1.1993337419680699,160.73532703927057,30.767339506940733,10.881670617513583,3.580494018518778,0.31086041452372487,97.04056228008886,Critical
2026-01-02 06:28:00,Thermal,1.0285978460371765,118.17311586925055,30.577730862050533,10.033422251981545,1.928235342891739,0.3695105224720314,82.22339416529817,Critical
2026-01-02 06:29:00,Wind,1.209089979428162,142.94143437846137,29.80550379654909,9.296114576735022,5.869202297865231,0.2475297317774213,98.93357800987722,Critical
2026-01-02 06:30:00,Earthquake,1.9185088920504576,193.57810544907713,21.351853032204232,17.894541890529474,6.097341935592942,0.32703506419442724,100.0,Critical
2026-01-02 06:31:00,Thermal,0.8964538516153565,177.43333458585877,32.77018109857262,10.336832575318478,3.17802436841976,0.27892304625656134,91.12839852475794,Critical
2026-01-02 06:32:00,Earthquake,1.8194408029195617,180.64849691394977,25.569179029136453,15.02757977154452,3.7401817057781814,0.4614024397660692,100.0,Critical
2026-01-02 06:33:00,Normal,0.1708643382695457,133.85162091114677,29.747256116420704,6.481115701120591,1.0688160491019472,0.1237535539247939,42.47550651873226,Moderate
2026-01-02 06:34:00,Normal,0.3347802888654588,83.88801647117774,32.59994422775732,8.47184392248069,2.6313202887739364,0.23363343622175464,67.98529693735813,High
2026-01-02 06:35:00,Normal,0.13015117266815623,126.13808952487587,31.34404253759137,8.06506336080647,2.3538330241259002,0.2894719473640323,60.54120541106528,High
2026-01-02 06:36:00,Normal,0.3780700098941674,118.50235155807094,29.74359862744737,4.661683839361137,0.05366844103354618,0.27603693547868197,36.30924216226358,Moderate
2026-01-02 06:37:00,Earthquake,1.8060004246574604,212.33068951565454,31.210641480922583,16.370931142469885,5.992612556501829,0.43226342148225927,100.0,Critical
2026-01-02 06:38:00,Corrosion,0.642982116216146,130.6885380992811,31.442055269443927,8.822156720126134,1.75156355178004,0.2607521800888818,69.55016619757015,High
2026-01-02 06:39:00,Corrosion,0.827759512397453,138.1590595709407,35.47750580691963,14.050780374500986,4.67400906860226,0.4068498908517932,100.0,Critical
2026-01-02 06:40:00,Normal,0.30231582567383525,146.47036167831988,27.829746502686145,8.293183433140896,2.208555914904957,0.18123231955931607,55.896353426122566,Moderate
2026-01-02 06:41:00,Wind,1.1660380901568188,155.09915519013376,28.819784967211945,8.22317204431492,3.5765785512507002,0.39122836956921636,83.2377319364281,Critical
2026-01-02 06:42:00,Normal,0.3072004648794859,92.27896546781828,32.66033404488056,11.992132068350797,2.990154339110673,0.3366625183348461,85.49052313499637,Critical
2026-01-02 06:43:00,Thermal,0.7319980665830164,205.79083183225308,27.548061951182437,4.306119507969488,3.553499288445785,0.32682144637039473,58.65883677788396,Moderate
2026-01-02 06:44:00,Normal,0.14552141017699138,93.03518091658167,21.323662636610074,6.9120642220071264,3.3249276085050186,0.10023270136743898,63.72377692163167,High
2026-01-02 06:45:00,Flood,1.0142843677561917,149.1824979612619,30.466150872913854,7.111258011664141,3.760475613389567,0.19287817749533698,76.59392263726235,High
2026-01-02 06:46:00,Normal,0.2525252533831932,128.66720390064035,26.969881576920276,10.646540881019058,2.1388193664057136,0.15618964639495195,65.01337506848239,High
2026-01-02 06:47:00,Flood,0.9921292519150143,157.49043772577787,21.96236294132816,9.958418195885859,3.394749567402091,0.348759929876658,95.85352788921166,Critical
2026-01-02 06:48:00,Earthquake,1.8881832917313754,176.85640739984,30.502709646899188,11.018613604738634,5.622967142767163,0.439582869347521,100.0,Critical
2026-01-02 06:49:00,Corrosion,0.7869834099888755,139.5809907368423,35.15566507514624,7.500515863341251,5.017950879789254,0.44456656523709387,94.08350538993436,Critical
2026-01-02 06:50:00,Normal,0.275053248586588,114.12670334280112,19.85128726855457,2.858205624003225,1.497235829938956,0.21480450302091256,46.08814729770397,Moderate
2026-01-02 06:51:00,Thermal,0.8054375976930901,114.1016535352157,35.1116249760824,7.082669064289764,3.8479551493306356,0.2338047026599493,82.55389312596564,Critical
2026-01-02 06:52:00,Wind,1.0604627238291133,211.15548036056822,15.314662421271592,9.114057152331485,3.159556416992049,0.22533263175120877,100.0,Critical
2026-01-02 06:53:00,Corrosion,0.7494775853065191,138.7002270571656,25.99856684909243,6.046532393896836,1.3867321176784493,0.3624349902317876,57.63368691251323,Moderate
2026-01-02 06:54:00,Fatigue,1.0759528812998906,167.92327482057738,37.2025795612129,10.310191434747871,4.00745874037011,0.2995151016633399,100.0,Critical
2026-01-02 06:55:00,Thermal,0.9584959998949572,133.63367855795985,28.358379757435667,9.173672490220197,3.570405423469423,0.13950881854138145,77.43296953899662,High
2026-01-02 06:56:00,Normal,0.2963415849519049,111.13090819111291,28.44969197910496,2.0110808261720985,1.889948730557516,0.18178084823322155,29.0000110604582,Low
2026-01-02 06:57:00,Normal,0.11194921398842939,108.61390843325874,31.814331003867775,0.025193710868006036,0.5040150292277639,0.10034095110983944,16.02578532091389,Low
2026-01-02 06:58:00,Normal,0.0011609547904529727,81.25385530026873,19.417632429696738,5.932869356448715,2.3043010746416215,0.14594899917201476,56.52826650633875,Moderate
2026-01-02 06:59:00,Normal,0.3086442874403504,115.98447149698076,28.360474004198778,6.595761653358601,2.266313634139446,0.1804953581154133,49.32779689947859,Moderate
2026-01-02 07:00:00,Wind,1.1773029213657442,147.22480864201424,28.321065359806543,12.2906502858837,3.1512193689074266,0.24358575613320074,93.7868714582223,Critical
2026-01-02 07:01:00,Thermal,0.8913012775608296,171.28811272961943,39.3116048662437,9.653523144782383,1.84650842852698,0.22099006648349145,93.57427467618275,Critical
2026-01-02 07:02:00,Thermal,0.7295425663430848,112.08249706038711,23.821295845010884,12.718150327210969,2.9476120722940324,0.20047041327093446,92.72578856043157,Critical
2026-01-02 07:03:00,Wind,1.2130169998286822,142.97132056112864,26.09230341774939,13.09120366079379,4.692929246777768,0.25861686429438113,100.0,Critical
2026-01-02 07:04:00,Flood,1.087693877042229,128.33898833114796,23.358221045881923,17.23948458924673,4.096654731791991,0.21135835862947516,100.0,Critical
2026-01-02 07:05:00,Fatigue,1.0392029089434816,189.06325985029522,22.8279409815431,18.801941590498835,2.919163002165922,0.2613788348317502,100.0,Critical
2026-01-02 07:06:00,Thermal,0.7659131543815147,120.26478887863323,35.637013635322894,3.274307762934141,3.336925085022007,0.18842412465808372,64.39872097002056,High
2026-01-02 07:07:00,Normal,0.2520210264878712,134.0574961181534,28.13325751000409,1.5914158937075369,2.887126405475567,0.22692672927806762,32.101905156129824,Moderate
2026-01-02 07:08:00,Wind,1.2284141077248263,181.6540368351495,25.222164017867396,10.077826106459856,2.8673342907331856,0.3320640042824232,91.56202652293373,Critical
2026-01-02 07:09:00,Fatigue,1.0738532796390472,149.3469272146148,25.410770494287323,11.012697289640965,3.8631553680431936,0.39557721799926304,97.68301865755782,Critical
2026-01-02 07:10:00,Normal,0.3279197070207589,85.5797249764883,25.18386461527302,4.772344972982833,3.339640980170873,0.33093627123500824,54.81969822042026,Moderate
2026-01-02 07:11:00,Earthquake,1.7530451848586377,147.49615353090775,25.63098411296153,15.510741338173279,4.085067844706102,0.4581860011137415,100.0,Critical
2026-01-02 07:12:00,Thermal,0.6937283835629513,163.49410161990198,23.67777327855368,7.189273773804874,4.355526291049509,0.29596696197066463,79.936590042123,High
2026-01-02 07:13:00,Thermal,0.9581580294490544,110.48514953000357,28.706352287174,5.91814770975763,4.819187452322385,0.3192269817835915,74.16289556871813,High
2026-01-02 07:14:00,Thermal,0.7516293010766043,151.8006652764978,28.203966541739277,6.371327420446867,2.977794474829113,0.2973271053601727,62.395842430250525,High
2026-01-02 07:15:00,Fatigue,1.0295246333025803,155.8587277455149,24.21101646798329,8.899494892807388,3.456991380983719,0.30401594763412737,87.27009109646158,Critical
2026-01-02 07:16:00,Normal,0.24473573431422524,129.42831210777567,28.775231281524874,7.530537032180448,3.0330944190195597,0.1776539354922081,56.7708064613251,Moderate
2026-01-02 07:17:00,Normal,0.2553744887723185,131.78962019614718,29.199447400590792,3.5397779100025093,1.8138696249704809,0.09826640287503746,34.365103779227084,Moderate
2026-01-02 07:18:00,Wind,1.1540653086009374,134.05823038955245,25.21676392854146,9.233093891249883,2.3931267006950923,0.38311356434438715,84.54674907141985,Critical
2026-01-02 07:19:00,Wind,1.1836052882440793,133.01179552463148,27.279329246168725,11.81065053213306,3.941205405310421,0.3134964152113336,97.7320136443877,Critical
2026-01-02 07:20:00,Wind,1.181819021485746,175.27317835251006,38.79311863450428,9.503610807364431,4.510403968194563,0.4319615179432514,100.0,Critical
2026-01-02 07:21:00,Flood,1.0339855461616647,135.0663847358901,38.60216629301068,12.550131651936168,4.420083853582468,0.3652108722868253,100.0,Critical
2026-01-02 07:22:00,Earthquake,1.6014010032810146,112.84628769987128,22.72954904935132,10.641481303294814,4.479370835248077,0.35392387021792177,100.0,Critical
2026-01-02 07:23:00,Corrosion,1.005470104560628,160.41888244709662,23.427762167057207,4.89090873060354,3.0501988805273914,0.3677352837519004,71.56434186460996,High
2026-01-02 07:24:00,Normal,0.2382169349172354,94.0934677982808,22.70298361504002,5.913887102055027,2.9769072641522993,0.0,55.11570474778086,Moderate
2026-01-02 07:25:00,Normal,0.29644980955575884,131.67839694763134,33.285269699861196,6.212865386794389,1.9400013785866626,0.334418059596625,58.84784062963353,Moderate
2026-01-02 07:26:00,Normal,0.13975189267727806,154.82054623292424,26.00735350212153,2.4051215177497616,0.4712620060390864,0.07292437778002678,22.577031797375543,Low
2026-01-02 07:27:00,Normal,0.21231997910005998,120.41906143154868,29.1983712179815,9.030786203982277,3.237638009620376,0.21960897433366955,64.650341567569,High
2026-01-02 07:28:00,Fatigue,1.0212147306943669,177.89414579158827,37.98483666640442,15.274810429310678,3.585888977622755,0.33419329329180225,100.0,Critical
2026-01-02 07:29:00,Earthquake,1.9075779011606837,185.44494201340507,27.947676028447688,11.516437361477852,6.45121877718138,0.49389734894733994,100.0,Critical
2026-01-02 07:30:00,Normal,0.20313491145312937,159.68573320352868,31.531243608786603,9.461902018193573,0.6045433041334507,0.15370425541564703,57.23026001231624,Moderate
2026-01-02 07:31:00,Corrosion,0.9156463989552074,117.64732228107235,30.602103746501967,5.446396516002167,3.199013252410915,0.09635852225103554,63.318600201838855,High
2026-01-02 07:32:00,Wind,1.1329663637861445,157.19462548958776,25.05891324152025,13.328336800154075,4.549736023677235,0.2898169670895555,100.0,Critical
2026-01-02 07:33:00,Normal,0.21379048482768448,136.8290401260367,33.29580865870929,2.4267116866147473,1.9128551384990122,0.16246701580002737,39.09829748994011,Moderate
2026-01-02 07:34:00,Normal,0.23035598678394512,115.23970607474887,23.75149595449907,7.928218045916418,0.8169937976790071,0.016064638670615694,50.80473523059014,Moderate
2026-01-02 07:35:00,Normal,0.352707610146344,148.80547491631674,34.69939893222088,2.116172042130003,0.3868033068435146,0.183629728716859,36.1300732152107,Moderate
2026-01-02 07:36:00,Flood,0.8688117872775906,139.99901151223048,25.0627451739544,8.994537396119615,5.20326512950336,0.20593188090683634,89.7343531186263,Critical
2026-01-02 07:37:00,Normal,0.14474691557804537,171.73427879072221,25.610161397319526,2.569653210374481,2.248038201901325,0.23192680824747625,36.16982510345788,Moderate
2026-01-02 07:38:00,Normal,0.09421558674481464,173.05493760680613,22.557560881866042,4.358357906653757,3.166801052791138,0.16031362113387887,51.848829745577625,Moderate
2026-01-02 07:39:00,Normal,0.16299983041908397,127.05179990568249,23.378702945916764,10.489772086791334,2.928669099360449,0.3368875908415787,77.12993393312827,High
2026-01-02 07:40:00,Wind,1.1200719959046315,171.21502950886543,25.866178388357323,9.776186610219781,4.636846826119579,0.29550570745276145,95.11889298635504,Critical
2026-01-02 07:41:00,Normal,0.12084149967276889,149.79178589061593,15.843257210446941,11.33090487177751,1.678662644852932,0.21443130130729562,86.76158085415305,Critical
2026-01-02 07:42:00,Fatigue,1.0162681802708264,123.32006502581584,26.83333829412202,8.34256231672149,4.289766925639128,0.2829542794832397,82.75817275287545,Critical
2026-01-02 07:43:00,Normal,0.0888228415253268,87.19999963555523,25.460128813792416,9.475294111420407,3.4325369463707247,0.05013854492316733,64.2145084994633,High
2026-01-02 07:44:00,Flood,0.9385609020985854,182.2104728464409,31.95005549305916,4.322922180461591,3.763010928273757,0.27562295958900035,69.14195237094596,High
2026-01-02 07:45:00,Earthquake,1.8860336319928162,188.44971182182496,30.11490369178413,12.540472833865426,7.2617010443991905,0.4642730752937183,100.0,Critical
2026-01-02 07:46:00,Earthquake,1.8222870456224882,175.93736885050527,24.461812844503516,11.791670044023926,3.860578113533144,0.45215918445319697,100.0,Critical
2026-01-02 07:47:00,Normal,0.2649974137738022,120.27808257202902,25.707246202870465,9.613116802391426,0.3930913887375531,0.15653858097377057,54.756085139265366,Moderate
2026-01-02 07:48:00,Fatigue,0.9947777154976709,93.34896319089827,26.826909807395513,10.055746358108223,4.788075214519393,0.18345951064672278,89.39809329827409,Critical
2026-01-02 07:49:00,Fatigue,0.9521132032764221,148.23594213857496,35.42978277237925,5.764249508942486,2.981257063479122,0.3515566870186629,78.95715388172992,High
2026-01-02 07:50:00,Normal,0.15886751395725754,101.17383152016941,23.88847659771779,1.069611035829313,4.043336920428779,0.21355892683707908,41.24298045168667,Moderate
2026-01-02 07:51:00,Normal,0.2465432138483188,142.95179084037704,24.40119667524673,1.9620132518617979,3.3373413712329434,0.24747286830820792,43.197788227062716,Moderate
2026-01-02 07:52:00,Thermal,0.8694541423781335,166.87576945960015,24.357079241914246,10.802150882336505,4.7875715067580416,0.23807102438123018,97.37151943124908,Critical
2026-01-02 07:53:00,Wind,1.2571893933708256,171.81700585324776,20.589802602819077,12.515022450968827,4.92443630555125,0.18125001657523537,100.0,Critical
2026-01-02 07:54:00,Normal,0.3004489889986666,129.88646621997853,29.535018118127475,4.09880170111664,1.0784163763297057,0.22270081464613561,36.61197777993609,Moderate
2026-01-02 07:55:00,Normal,0.19099545087456446,82.56633128199331,29.014516655366048,3.354470619147281,0.34065839986480806,0.17926857879412125,25.30115428375748,Low
2026-01-02 07:56:00,Flood,1.0219639865923191,165.56607699992185,34.41380926417676,11.349164722550157,5.175294669189022,0.403334701872009,100.0,Critical
2026-01-02 07:57:00,Corrosion,0.8292925975970205,159.93494863808462,33.20704503863465,4.911430722704118,1.8204317939879429,0.2702986425957134,61.83344333698021,High
2026-01-02 07:58:00,Flood,1.00390481892042,181.92981634421824,39.98558357265904,10.573006933851058,5.26488568772752,0.28836264886483987,100.0,Critical
2026-01-02 07:59:00,Thermal,0.9629702317567851,194.95524531075492,29.630636162294522,9.117553990610698,3.8696147602293554,0.29338035774927845,85.20306711488134,Critical
2026-01-02 08:00:00,Wind,1.044039981039711,115.08598316070979,26.697352181018964,9.276231220799705,3.963747346179898,0.2682455144959095,85.22164386859433,Critical
2026-01-02 08:01:00,Normal,0.23122585472621912,110.28807935954467,21.498868274333205,6.193033895137146,2.442047684335311,0.12838914231011445,58.44289282868454,Moderate
2026-01-02 08:02:00,Wind,1.2819399125756927,138.84333407105888,31.48289083738163,10.406283059224052,4.5052909354491,0.30816837869296465,100.0,Critical
2026-01-02 08:03:00,Earthquake,1.672728680397317,185.91267970962684,28.592671207231692,14.89225848426962,5.15758961141292,0.3303674953384022,100.0,Critical
2026-01-02 08:04:00,Normal,0.19850020597869997,120.33504645545096,31.25633152505342,0.9976930745597183,3.425687234919314,0.16167236276272276,36.28100859648601,Moderate
2026-01-02 08:05:00,Normal,0.20767692019458883,114.14794817299637,22.304378903808,6.8435059415861055,3.391400860599534,0.335164908595896,67.54808624706875,High
2026-01-02 08:06:00,Earthquake,1.7721368222356813,207.29010903502933,29.7580209451335,16.479803988506816,5.515659301820941,0.48741069813810933,100.0,Critical
2026-01-02 08:07:00,Corrosion,0.7273234272315028,116.66464472048041,29.025998089769708,9.262854261693334,2.7200056132996955,0.292643035311972,73.16280122356243,High
2026-01-02 08:08:00,Normal,0.29762288482704313,93.97196331518485,28.695175199468434,6.8036475529745,3.305954044404291,0.30413418087639343,57.65783335519151,Moderate
2026-01-02 08:09:00,Earthquake,1.8433029826010516,155.99436822254893,24.58367045904738,13.070242047770712,3.3825603801388193,0.3380083121594683,100.0,Critical
2026-01-02 08:10:00,Flood,1.060670026001436,141.79181031435033,33.94662324276699,11.873997698789129,4.123892607011323,0.49123518959039963,100.0,Critical
2026-01-02 08:11:00,Flood,0.9503701060567136,120.08524460220384,38.251537894890056,9.395741383939562,4.419575108208922,0.2551597985952218,100.0,Critical
2026-01-02 08:12:00,Corrosion,0.8619208632629838,142.98571278001822,22.448279868511925,4.856176152636168,2.4916481652219877,0.4283044716407344,68.78418455793802,High
2026-01-02 08:13:00,Fatigue,1.0030447808344731,148.86274513422833,31.60221989796479,11.96064846464978,4.773785487437646,0.4599522438223719,100.0,Critical
2026-01-02 08:14:00,Corrosion,0.8283922671382791,124.537122150023,13.610749243298054,3.3975612574766827,3.2936141386833735,0.1277416154562236,78.28889532212895,High
2026-01-02 08:15:00,Normal,0.42227743417367025,141.8441563514049,31.34304974741229,5.84833923286515,1.454299878050882,0.2973673714513452,52.857757132115154,Moderate
2026-01-02 08:16:00,Wind,1.1926556302077005,155.91248679283157,18.649226917291227,8.94733144985906,5.003223339663672,0.29328726876378586,100.0,Critical
2026-01-02 08:17:00,Flood,0.9249978739210262,177.36618410079507,25.37516326050371,7.855622750885864,2.5943155713022508,0.24656252341455437,73.92442080490206,High
2026-01-02 08:18:00,Normal,0.2644268272531131,115.1237537198892,21.434876691228748,5.515966249778616,2.8691933365638795,0.22197104961319888,60.36746765002799,High
2026-01-02 08:19:00,Normal,0.14185632591493524,119.39512779421614,26.92194252525302,2.8721354275460174,0.017653786180744202,0.09936677401961932,20.224053689699623,Low
2026-01-02 08:20:00,Normal,0.15407916859879905,105.93043988295723,32.193968491839144,6.5366180423834965,2.2857044467311964,0.22015976703330226,54.60598014613931,Moderate
2026-01-02 08:21:00,Earthquake,1.7067101491240968,181.42383648661288,18.713433681364886,13.570389897866004,5.403843956213494,0.3287364414161946,100.0,Critical
2026-01-02 08:22:00,Earthquake,1.7544552438243453,199.40578265330115,26.202601552421804,11.548118145763404,4.820304233134239,0.41816634234094546,100.0,Critical
2026-01-02 08:23:00,Normal,0.32495751964713615,109.71664419324254,25.433156155919715,9.014538710138956,2.389624867889011,0.28682900632721187,66.12702393117807,High
2026-01-02 08:24:00,Fatigue,1.1212718558413473,165.96029906336662,35.90524341935937,10.114347830898495,3.720429870632212,0.33092143483459624,100.0,Critical
2026-01-02 08:25:00,Thermal,0.8418396262597863,121.68132597385647,32.158805039251426,9.892402800273445,4.254695627305547,0.23121667301750826,90.66597667064508,Critical
2026-01-02 08:26:00,Normal,0.16208603475275662,138.97626413805523,22.113914433632885,9.249766188483266,2.560150988803435,0.2233128888670336,71.01074421032568,High
2026-01-02 08:27:00,Thermal,0.7566948515651482,127.50235431720182,27.643528104848002,12.200535607383117,3.652694232874353,0.147481580639608,86.34877554160347,Critical
2026-01-02 08:28:00,Normal,0.2717600885506551,141.29199683072625,35.780521191927654,6.739356361568564,2.2918612035602046,0.11289113726431727,63.44475185555317,High
2026-01-02 08:29:00,Thermal,0.749734401168927,143.52441356084162,33.57182658387012,7.092025396970587,2.7278335434529577,0.22557839515943878,73.2899922508931,High
2026-01-02 08:30:00,Thermal,0.7777306847759122,180.0238433347766,25.408832687972893,3.710888637388366,2.8981964500243027,0.3229480196894501,57.56951728413169,Moderate
2026-01-02 08:31:00,Normal,0.28530869540239595,91.14830684364478,26.664647308084554,5.620072101439238,2.2482158402208894,0.2124639003057143,46.99264923662388,Moderate
2026-01-02 08:32:00,Corrosion,0.8270981855038959,107.2955806672033,26.82445425795926,11.583752947452158,3.146640512892864,0.31081331636010734,86.83303332391614,Critical
2026-01-02 08:33:00,Thermal,0.8180847671281621,126.59456885061083,27.310090364220972,9.062944458179857,4.311452830432996,0.2578093960871653,80.83365843362935,Critical
2026-01-02 08:34:00,Thermal,0.9274182764815655,107.38472629914217,21.44893921839155,8.333752149303692,3.293450189543753,0.1969520283197948,85.07597166795948,Critical
2026-01-02 08:35:00,Thermal,0.7862512960810403,107.43162763929305,26.611891423050157,10.610186464479401,3.575966607825131,0.37904935492554687,86.00597706656879,Critical
2026-01-02 08:36:00,Wind,1.2793470247775365,172.9387690114969,34.94599652932687,12.894497464327225,2.637316066104439,0.2601765236425872,100.0,Critical
2026-01-02 08:37:00,Normal,0.29474960538458866,119.89553016468354,26.094277564694124,4.096333418821059,2.9432302720603776,0.21352311597646562,46.219958433661155,Moderate
2026-01-02 08:38:00,Fatigue,0.9576206405210588,141.00797558239353,27.483731847695406,12.465085025760567,3.218826406325656,0.2910316277477,92.00089282860048,Critical
2026-01-02 08:39:00,Flood,0.9318290376589181,141.1259350673642,28.70262823426787,11.083896243180128,2.637346417703286,0.3370394533627724,84.30747319937568,Critical
2026-01-02 08:40:00,Flood,0.9533123293544083,135.86905839184152,39.09070697356063,7.143479623153912,5.326186009112571,0.24356104118264507,100.0,Critical
2026-01-02 08:41:00,Earthquake,1.7216132066453773,222.8592291954761,28.044373857084807,17.21390334865305,6.0576215224325916,0.48821417287096397,100.0,Critical
2026-01-02 08:42:00,Wind,1.177776820311455,139.0123573089241,33.46972676791756,6.297569230681658,5.017095718891776,0.42626223326687496,92.59013444899118,Critical
2026-01-02 08:43:00,Normal,0.2991715238465458,86.94665254791752,25.009099139744016,4.828265986883194,2.4544961829073175,0.2593058465997097,49.184978996476445,Moderate
2026-01-02 08:44:00,Corrosion,0.9554126733363779,164.1012654371582,26.703003697487542,7.828993061683745,3.226849204096289,0.28061002607789187,75.24644223956705,High
2026-01-02 08:45:00,Normal,0.2746540070980066,114.60610941630448,28.062763615551425,2.523685543433657,1.7203959919437366,0.14518998031170527,28.442351107424454,Low
2026-01-02 08:46:00,Corrosion,0.8193456355157434,195.1693422204471,24.129335290753076,9.211381602946895,4.09911018545667,0.49376894270876476,92.23151732557398,Critical
2026-01-02 08:47:00,Fatigue,0.9084207005096101,139.8448590301466,26.981411096985212,13.431106698719173,4.932519042238293,0.2206700364190425,100.0,Critical
2026-01-02 08:48:00,Wind,1.190647166033387,178.54960449391982,32.44025467906635,13.843225615584164,3.971816252074154,0.38649836413761063,100.0,Critical
2026-01-02 08:49:00,Wind,1.1870616154955993,184.45493326498263,23.99817719454058,12.270992644225746,6.112542864700802,0.3426227910461299,100.0,Critical
2026-01-02 08:50:00,Normal,0.26463430028311663,106.96660419494991,28.00044515481819,0.08776752064088633,1.8026814502891906,0.17499700462570228,19.20413000751372,Low
2026-01-02 08:51:00,Thermal,0.9684992238162666,123.4269808022741,33.54366775827967,3.9921430973686425,1.8059915551100276,0.2748130351787212,60.687171997934755,High
2026-01-02 08:52:00,Corrosion,0.9542477236954459,162.7341632732726,23.877669755936278,8.798507359276305,1.5984772590060232,0.2271827757310958,75.62604014885943,High
2026-01-02 08:53:00,Earthquake,1.852804873459999,195.97229794784826,33.47706896307478,13.297294876749376,3.672224632120673,0.4381644434596198,100.0,Critical
2026-01-02 08:54:00,Normal,0.17303382959427202,84.73474748222684,28.364417398556615,3.5057605175050544,1.5861882074275053,0.2053459588768054,31.018879551430448,Moderate
2026-01-02 08:55:00,Normal,0.20896042006426052,91.78910909238198,27.17438718330355,10.715969592364496,1.7679819788872169,0.39421225783401387,65.86432606311878,High
2026-01-02 08:56:00,Earthquake,1.78241243144572,118.18924987629987,17.959260970998926,13.717580459513421,6.042599637679892,0.48966577720670085,100.0,Critical
2026-01-02 08:57:00,Thermal,0.7379674300791718,156.88467134947007,28.131937789932632,9.627238223572455,3.1713919647462285,0.3012706217701126,76.15999731546381,High
2026-01-02 08:58:00,Corrosion,0.8950371619988096,137.65432017160637,29.857962080726516,11.263681642845338,4.163371034634185,0.3140447146647701,93.82875744903865,Critical
2026-01-02 08:59:00,Normal,0.27855270793725634,115.94623947561794,36.72672509401234,5.164875349017379,2.044892832622827,0.3271630124396596,61.327331024553935,High
2026-01-02 09:00:00,Fatigue,0.9879353765556247,110.71389755745366,30.839445770558065,17.273186503737108,3.813521426126866,0.22236587482077824,100.0,Critical
2026-01-02 09:01:00,Earthquake,1.88574533672769,154.14744117276683,33.631081158891746,10.578883092692887,4.782485125991553,0.38938138049905835,100.0,Critical
2026-01-02 09:02:00,Fatigue,1.0831848267047088,141.05102718581085,21.954477131890307,7.681785230317633,5.222588460397813,0.1474288937857018,93.62109441765097,Critical
2026-01-02 09:03:00,Normal,0.11167430826061989,103.19185999630447,27.365887521735228,2.17152284515248,0.4685157034220053,0.22470190737295215,20.20912021558727,Low
2026-01-02 09:04:00,Flood,1.0158925713324025,153.74590188794076,34.10373221164432,13.88797485928191,3.981310290713882,0.359853900043544,100.0,Critical
2026-01-02 09:05:00,Thermal,0.8224965164738325,156.58670316579534,25.561332248000383,10.406257622655941,3.0183495382507664,0.18035199582121325,82.46394756417196,Critical
2026-01-02 09:06:00,Normal,0.32782338891485924,176.74031423212995,32.826113144865516,3.367544261844222,2.781754597504501,0.29480640144005626,51.41983820719724,Moderate
2026-01-02 09:07:00,Corrosion,0.8280018877498708,143.69957424922688,31.666589323001666,5.7083708751356586,3.299170598844151,0.2104896005900171,67.94195426737079,High
2026-01-02 09:08:00,Thermal,0.8662350613957766,169.88506657742363,31.3736182422491,12.154671501807812,3.2086437056158985,0.23260255127867496,94.2461492463427,Critical
2026-01-02 09:09:00,Normal,0.2649713589416173,99.25068057550564,26.356486874320126,6.085063146016578,1.7333603776902888,0.18956527324960257,46.26225235367856,Moderate
2026-01-02 09:10:00,Normal,0.14479563127699363,78.1263421256161,23.068524227137825,9.231253905849014,3.3932564041319973,0.3075357090207852,73.3024874734015,High
2026-01-02 09:11:00,Flood,0.9067866581213989,141.99245883224688,36.87689647051657,9.01955194765533,3.68240588506029,0.22334417455352812,95.14224940408505,Critical
2026-01-02 09:12:00,Normal,0.3398047896119479,80.05695705314396,31.159312588620153,6.534605967300799,3.9696512116134723,0.20329977002925462,63.5222124050091,High
2026-01-02 09:13:00,Normal,0.3456787342705415,120.36682917922758,29.703080623377243,5.900682965732009,2.272247081627536,0.2419870203833938,51.11471502681713,Moderate
2026-01-02 09:14:00,Wind,1.2108327384323778,137.8886468872834,25.935751258988745,8.227665996877793,4.061759840797327,0.3614776130943589,88.13154264497268,Critical
2026-01-02 09:15:00,Corrosion,0.9746565376944024,95.34321533113537,28.18935814794989,7.867567523572973,3.174673040145562,0.3164320826453363,72.6781246329952,High
2026-01-02 09:16:00,Normal,0.3345287879233285,163.40062864650443,28.823586349850164,1.447089967104966,2.5642468996851786,0.24092001777391528,33.55605688473355,Moderate
2026-01-02 09:17:00,Normal,0.3046902983583777,106.56095717236549,29.999378423667864,6.48232047118173,1.411606627092794,0.13562218203159027,46.82979374364862,Moderate
2026-01-02 09:18:00,Fatigue,1.0020950809013063,112.05951742639505,31.67170144235967,11.783746239040578,3.9457423990390366,0.435022382946426,100.0,Critical
2026-01-02 09:19:00,Wind,1.3235143000825875,179.85429476268226,24.08764237072454,13.07048360031596,4.048137014107819,0.30710804814620585,100.0,Critical
2026-01-02 09:20:00,Fatigue,1.117904114576662,134.78464093651786,20.66701517256498,11.499634679513017,4.12524769926519,0.28049214376140763,100.0,Critical
2026-01-02 09:21:00,Earthquake,1.7591328980310703,208.85415084226653,28.421404256367488,13.015369590490923,5.710030326261755,0.5118100401051002,100.0,Critical
2026-01-02 09:22:00,Thermal,0.7465383995755762,123.66514163304876,21.263913313376193,12.655911935230955,3.601994880183913,0.2095546506498424,100.0,Critical
2026-01-02 09:23:00,Flood,1.0405427025211087,137.27755774343007,26.38169502503181,11.876925463188634,3.7749047461732923,0.3176222552559217,96.53680081292566,Critical
2026-01-02 09:24:00,Normal,0.11631527321292362,128.62079273692615,25.454050849441188,9.165638904971315,3.5689434923493737,0.12217323008038103,66.20713871129391,High
2026-01-02 09:25:00,Fatigue,1.130973862028229,167.83048451760274,30.458740961008345,13.853860113411052,4.222568816182484,0.5015388652356013,100.0,Critical
2026-01-02 09:26:00,Wind,1.108714334824478,176.61209343351496,37.912985177431544,9.723201034079327,6.645986288359328,0.5006923613381431,100.0,Critical
2026-01-02 09:27:00,Normal,0.2796486487059429,117.75647153176678,18.277046880482196,6.1636383706797115,2.0498514085658726,0.17118072148507632,64.58426191559397,High
2026-01-02 09:28:00,Normal,0.20827037301134724,133.21541803886458,39.370925151592004,7.323695550492433,2.9589132924551746,0.2215885738800426,76.9665375361742,High
2026-01-02 09:29:00,Flood,0.9988465029820237,169.4407151730855,26.83462420440487,5.752574637396725,2.953950791625319,0.29241598440379046,66.40346174496395,High
2026-01-02 09:30:00,Normal,0.18944721017879482,125.01422846417124,29.739043410862898,1.619080482863601,3.4007892553113033,0.1521120409273281,35.35667766200201,Moderate
2026-01-02 09:31:00,Normal,0.2371016455055359,116.4335471683926,20.925839211881417,1.102065062014769,1.2957160632255305,0.18957051992846927,34.81106496726706,Moderate
2026-01-02 09:32:00,Normal,0.40115036368138834,83.86762629422174,32.984357851131605,4.675699734440331,2.455878017956095,0.17675188518220325,52.86276248264565,Moderate
2026-01-02 09:33:00,Earthquake,1.9008047701638913,196.5793539194997,28.20736268175862,12.400048822365205,5.095572798435874,0.2823466074054428,100.0,Critical
2026-01-02 09:34:00,Earthquake,1.8183583163996366,182.65434247852875,27.692662944058565,9.092988115114283,5.812007797116882,0.42504186572524716,100.0,Critical
2026-01-02 09:35:00,Wind,1.182976458754804,147.05960369123233,18.313074425485233,10.548074683096033,3.80520376312851,0.3126165701989885,100.0,Critical
2026-01-02 09:36:00,Normal,0.3175360952554308,151.9441590897915,28.368984069237136,4.713143249850223,1.210747106078784,0.20497603653068291,37.78448990403538,Moderate
2026-01-02 09:37:00,Normal,0.3403976315286045,84.30415917716711,32.22914161908287,8.54672051023098,1.7284077102022155,0.17379857777884145,62.06021046282377,High
2026-01-02 09:38:00,Flood,0.9536145294233977,191.90090788412215,26.818606822584055,15.238937237397373,5.221580124141646,0.26317285092171633,100.0,Critical
2026-01-02 09:39:00,Earthquake,1.783804890589424,181.04316803413835,33.87099672822075,14.769351021242697,5.827276268505147,0.47399280482205586,100.0,Critical
2026-01-02 09:40:00,Flood,0.8742433416345536,158.73795446257247,33.664475859456815,7.110108435901294,2.3911499701208685,0.3346507522966725,76.34251218421153,High
2026-01-02 09:41:00,Normal,0.3398481688208716,110.12389713674322,24.79452308629576,6.940173132041206,3.0953827012400597,0.29168378399485506,62.998365160918055,High
2026-01-02 09:42:00,Normal,0.4152019406160684,78.32317718691675,35.975569293986965,5.027908769961419,1.1084858196727208,0.21957838115778647,54.4410657474771,Moderate
2026-01-02 09:43:00,Normal,0.2564066099698468,116.50975253835551,28.226474821625413,4.279624238655505,2.743359288058152,0.1641914758547893,40.95618412869745,Moderate
2026-01-02 09:44:00,Earthquake,1.6199991900077588,189.9686226723198,28.248726253939154,10.815196636460563,5.9131651475959055,0.45334148209475483,100.0,Critical
2026-01-02 09:45:00,Earthquake,1.8387112413261626,198.50563616006485,28.494906113013656,12.007339882333977,5.976310466251354,0.24555094726088225,100.0,Critical
2026-01-02 09:46:00,Fatigue,1.0026728667080738,148.04917003902744,28.34657875470563,8.966626966178517,5.65318916616818,0.4682943910984628,93.96790690618639,Critical
2026-01-02 09:47:00,Earthquake,1.7369320446668433,126.78650396988954,14.849333216707459,15.812289176496344,4.531359075097985,0.42595041150220536,100.0,Critical
2026-01-02 09:48:00,Wind,1.2351261111832803,118.85846638543435,27.072468009051395,11.633076741223599,4.650794775886829,0.4907564715300603,100.0,Critical
2026-01-02 09:49:00,Flood,1.040364330041018,202.10049059408237,21.180267641687728,14.676728428785488,4.939588612432386,0.22245239522554938,100.0,Critical
2026-01-02 09:50:00,Normal,0.21095129797291187,92.6866004056971,36.131678511078384,7.023014221539416,1.3566582983751283,0.09058836939087485,58.23477822004078,Moderate
2026-01-02 09:51:00,Wind,1.133031549391867,193.07623645598022,35.930414958606,11.372884773687082,3.2942464194850056,0.34526666341314516,100.0,Critical
2026-01-02 09:52:00,Normal,0.2600668844176666,96.64783156456011,32.25969166227794,4.081308903582277,1.7128124612275657,0.20900277942133272,43.59159616228688,Moderate
2026-01-02 09:53:00,Earthquake,1.7572427557990107,177.0386022568033,26.80766281330556,10.287611054459866,5.684733035822068,0.43105958195495553,100.0,Critical
2026-01-02 09:54:00,Normal,0.1612610293117594,135.6302064899976,22.959925316981508,3.2903196744405694,0.5895237260390482,0.19486609626003845,35.04067867110682,Moderate
2026-01-02 09:55:00,Corrosion,0.8283949454817313,123.69513883547816,24.712094993621974,6.200484011714218,3.871401990858316,0.21775062712588888,71.79188881988027,High
2026-01-02 09:56:00,Thermal,0.8271674098604147,181.80537839397635,39.713209532130165,5.682720453795418,1.7916132582542732,0.14117153647371827,75.81796501581934,High
2026-01-02 09:57:00,Normal,0.23575172265442934,121.89320895171028,24.539013067400198,1.9741046522774854,3.2933308258074465,0.20265204453205488,41.370392173834276,Moderate
2026-01-02 09:58:00,Flood,0.9069193121401452,162.32127115749176,16.22202322806968,14.006629284097919,4.193766828090123,0.18939263997612948,100.0,Critical
2026-01-02 09:59:00,Corrosion,0.9341251697100432,137.50982479952185,33.15082754242697,9.40580063887698,5.233139872135604,0.15783949618090184,96.22109783346828,Critical
2026-01-02 10:00:00,Normal,0.03089508504453331,136.46800717542726,35.502515568089464,3.870428433964711,2.668783760609298,0.14954945612254103,49.53508954524929,Moderate
2026-01-02 10:01:00,Corrosion,0.8192907875977253,183.66981849624653,36.29607843583261,9.495439466420063,3.0152395488790082,0.3024527188262707,93.14755233030489,Critical
2026-01-02 10:02:00,Flood,0.9703841236356867,147.51785155941963,33.191740021246645,5.060213577188122,2.8813228647823363,0.45102073898050343,73.27155753031843,High
2026-01-02 10:03:00,Thermal,0.8118543102297132,185.2428197687309,36.0075983861739,8.846293149387272,3.4388910580778624,0.3383407442603035,92.63270639694366,Critical
2026-01-02 10:04:00,Thermal,0.8449329446242189,126.71010479052205,30.26467037026771,11.832476789442449,3.169749411522125,0.3746574069703265,91.94140317084705,Critical
2026-01-02 10:05:00,Normal,0.34014118466088283,139.10240098379276,17.618521882541685,4.636652158731859,3.186139034877277,0.23229293500344572,68.04791741589663,High
2026-01-02 10:06:00,Earthquake,1.7330076101318272,193.82785840607625,28.13940520750007,8.715968578745704,4.431381183645151,0.4333482975154985,99.78289843716995,Critical
2026-01-02 10:07:00,Wind,1.2319265869866787,130.68544818294077,31.107863862097084,8.858178395669908,6.060902000460978,0.5164632251884874,100.0,Critical
2026-01-02 10:08:00,Normal,0.2656654710305169,125.3452426159333,27.32364971716875,8.83778598494936,3.274776941714994,0.07417155088860858,61.45100997566597,High
2026-01-02 10:09:00,Normal,0.11307684998534212,120.18414844625931,27.095819406301924,5.775888970693007,1.7964763697428558,0.14694157468846042,40.737945235043576,Moderate
2026-01-02 10:10:00,Thermal,0.9520432204347289,120.67019559307887,25.17940980490839,3.7450697156193016,4.997820897637619,0.23318561843340707,69.11674636115039,High
2026-01-02 10:11:00,Normal,0.13489798982078405,128.95006085485315,22.991306283639872,12.102887537551613,1.2168719049427272,0.25148456170866573,73.7892841305578,High
2026-01-02 10:12:00,Earthquake,1.8235597817847773,185.25723865271294,37.19074257383035,9.6385744512646,5.565589789915228,0.325697859385113,100.0,Critical
2026-01-02 10:13:00,Fatigue,1.1061967955358198,151.18532631731958,37.37173184940071,8.771226255160357,2.5235289484303456,0.36107436860612807,95.57823028986138,Critical
2026-01-02 10:14:00,Normal,0.27205094258632617,118.28556327353287,27.986764343769483,1.8878419980433891,3.84656925630141,0.2263719865415522,37.91143844936704,Moderate
2026-01-02 10:15:00,Wind,1.1454338494270715,155.1497435269095,29.407618025464636,6.991993955259196,2.3926131869190224,0.38106779479574376,73.01600278605622,High
2026-01-02 10:16:00,Thermal,0.8661802120912403,132.80750946884183,25.095709714814905,6.643546652794531,1.7595583037378422,0.3236178437476078,64.98745887577596,High
2026-01-02 10:17:00,Wind,1.0601706020845525,160.89585237537455,31.21287424969727,12.008450479538233,3.4052868929387965,0.43906557093060766,100.0,Critical
2026-01-02 10:18:00,Normal,0.24473369690608618,103.90214469090549,36.798245858071,8.871594335658806,3.3223236746761615,0.17606324296500997,79.13907095427406,High
2026-01-02 10:19:00,Normal,0.20489002587580332,186.42023728674997,20.353846100276535,3.8414954839026207,2.9548448860788854,0.22241263275932488,56.47952629204565,Moderate
2026-01-02 10:20:00,Thermal,0.7458161646346375,106.7666688633671,32.31941649851197,4.969569337445227,3.322050628229107,0.20107605715496735,64.09322351970388,High
2026-01-02 10:21:00,Normal,0.28429982299628365,105.38159806913853,30.6951112132252,6.435917949979425,3.018926211167295,0.10281639917859459,55.09348604659687,Moderate
2026-01-02 10:22:00,Wind,1.2711982834175748,144.75644738557648,30.63803257444629,11.623890736787562,3.924586275288851,0.4571863027682882,100.0,Critical
2026-01-02 10:23:00,Normal,0.2225395390530507,171.01233535811343,36.214088339242345,5.721129006660351,2.4224287792679964,0.11503049701143396,60.57931928707284,High
2026-01-02 10:24:00,Earthquake,1.8524544871940622,148.59663375056252,38.18009106085576,14.227219438720198,7.0117260756561155,0.45530496615623106,100.0,Critical
2026-01-02 10:25:00,Thermal,0.8039792532355678,152.64805744965275,28.832581610636687,7.662300660968955,2.9533811267957866,0.30248342396059863,69.74526472275286,High
2026-01-02 10:26:00,Wind,1.1135814232609593,163.6098516261635,31.36586836078179,10.394452563667643,3.273627379228294,0.40999847154698177,95.0470993081895,Critical
2026-01-02 10:27:00,Thermal,0.779363832540715,150.3400576168637,30.421168528630297,7.455046614129287,3.6703717143269907,0.12734394811207372,72.04124317426643,High
2026-01-02 10:28:00,Normal,0.22604112873667082,150.9085790652735,24.83942353530152,8.210731181111367,2.7402743074915508,0.25129655940369455,64.17388200100169,High
2026-01-02 10:29:00,Wind,1.1292672069995644,187.7957339936772,29.354070784405074,16.78537850211763,4.150447737145279,0.3113574394867843,100.0,Critical
2026-01-02 10:30:00,Fatigue,1.1092786342924668,141.72607933699706,31.35749764250124,10.038959455121578,4.803381313706033,0.2520072705230077,97.94195538876343,Critical
2026-01-02 10:31:00,Earthquake,1.8087716950163808,186.45043623734978,29.084643427084927,13.380283256085916,5.1587408637664875,0.3839345990591687,100.0,Critical
2026-01-02 10:32:00,Normal,0.12274802413844654,73.39744919619639,23.594093952569413,5.767584097070204,2.127546009583492,0.2629416629632803,50.78344698442206,Moderate
2026-01-02 10:33:00,Fatigue,0.9428779203808515,155.47732521304823,25.682196800721613,7.5262345970501245,4.1745748825636095,0.35849924138600586,81.83679996521361,Critical
2026-01-02 10:34:00,Earthquake,1.8239747562564603,161.750264304202,25.720462899126712,15.69493511331446,5.647361038037444,0.3937661233595599,100.0,Critical
2026-01-02 10:35:00,Wind,1.1197770856964373,152.7404393509871,23.787780225346477,11.423529227243385,5.653271629288849,0.22487140287445762,100.0,Critical
2026-01-02 10:36:00,Thermal,0.824163292408026,99.86570337958263,31.567697908028343,6.738589375871928,3.569556250000332,0.1745164322470688,71.71135227417025,High
2026-01-02 10:37:00,Normal,0.31247452624873506,130.1218071679769,30.09056048146539,7.706200457127435,1.6960978650786491,0.24024241279397293,55.77750954862609,Moderate
2026-01-02 10:38:00,Normal,0.14832377300755528,77.58578261060981,32.89758800443598,5.056969305036162,2.5279817014910115,0.07778060594764848,48.12938464465631,Moderate
2026-01-02 10:39:00,Normal,0.13707701963390517,123.70711516978966,23.711888259196844,2.0898300845768736,3.008850840270126,0.17054764094045533,39.74376998465914,Moderate
2026-01-02 10:40:00,Earthquake,1.9239545345916236,150.93736017443626,25.112606568856034,14.454813336268879,6.134235441518795,0.6184857701903922,100.0,Critical
2026-01-02 10:41:00,Normal,0.27812566263699673,98.75897412160288,35.77284725965619,5.710977510197979,2.7188075711629787,0.21676486706960765,62.66933348482691,High
2026-01-02 10:42:00,Flood,0.9864607474661383,179.66830256362908,27.1775206796354,12.081254438331873,2.181949856485965,0.35137993631960035,88.19488743077514,Critical
2026-01-02 10:43:00,Normal,0.1752847637882989,134.69794864784055,28.15065514625817,7.494640850224546,0.4925126168403273,0.09511717825069371,40.03423480997916,Moderate
2026-01-02 10:44:00,Flood,0.9791647320874177,179.53007844176358,27.124481393021753,8.872321008113714,4.955264538620623,0.19381586750620444,86.3618361441514,Critical
2026-01-02 10:45:00,Normal,0.15475421311093518,158.99317831253225,33.665154093608216,3.5837391907594087,2.438857446206132,0.2436657629630441,47.89298896024194,Moderate
2026-01-02 10:46:00,Earthquake,1.8606729739272474,162.27903232150587,33.85904340357514,13.405231250173397,5.33842258338473,0.38141184088841135,100.0,Critical
2026-01-02 10:47:00,Normal,0.18785990771149433,157.4742915610218,33.56604050294424,6.089926639005968,2.694313027780155,0.2738897185250939,60.109383221170106,High
2026-01-02 10:48:00,Corrosion,0.9424827670573015,107.56235859552747,28.13283805678774,9.751263133295147,5.247309935665914,0.2794506590099615,89.43820244901588,Critical
2026-01-02 10:49:00,Earthquake,1.7579496864183992,200.25250836362258,23.63782011255499,14.304236624408352,6.773531165846411,0.6885090228440105,100.0,Critical
2026-01-02 10:50:00,Earthquake,1.706531985310615,169.2665571350007,37.62606538879627,13.127714169584692,6.322220572801958,0.3662144147749321,100.0,Critical
2026-01-02 10:51:00,Fatigue,1.040895872958896,129.74249643401708,32.28154488477759,12.49045106006967,2.9132743671673564,0.33113052233515433,100.0,Critical
2026-01-02 10:52:00,Wind,0.9750666577998868,172.76174668261106,25.71670509303805,8.077094317720169,3.283209197030124,0.25246834699300247,78.4963545965142,High
2026-01-02 10:53:00,Normal,0.24033851386607943,143.62378812923032,35.119094234722056,12.438210356464467,0.3864046813677069,0.2705664008521944,77.70456995339558,High
2026-01-02 10:54:00,Thermal,0.7863904647095874,164.88170966616363,27.321955423704527,10.289211140461278,3.8335134738849197,0.3032409915099429,84.26173806980316,Critical
2026-01-02 10:55:00,Normal,0.3159794197238374,125.3714972223698,35.053517015943285,1.617543790489969,3.108627197461166,0.1111048117268538,46.06454829726737,Moderate
2026-01-02 10:56:00,Normal,0.09909560576132964,123.29893253323098,35.39142294692246,5.555687992809247,3.190178046191512,0.16261720847092578,59.88669953781823,Moderate
2026-01-02 10:57:00,Wind,1.2779493088690839,170.57166464249758,23.39258614159472,12.418050554096393,4.715430471276775,0.4337467818800421,100.0,Critical
2026-01-02 10:58:00,Normal,0.3156479435998125,127.59410188792978,30.908791515104806,3.9518926834408705,1.845933141772686,0.28813672842979643,44.01963740335222,Moderate
2026-01-02 10:59:00,Normal,0.350163485095893,133.53389598964952,31.910953519806643,0.5145678572698795,1.4357225380898562,0.07484834885874832,27.11261429813932,Low
2026-01-02 11:00:00,Corrosion,0.8507822899196691,149.29998652776786,41.07454599793166,5.182808175203315,2.494635203909235,0.23872242850142356,81.65198540530224,Critical
2026-01-02 11:01:00,Normal,0.3311117467282204,141.0695956126591,24.288494411830715,6.626278833036654,1.836575150834801,0.3337117405037574,57.61707775386265,Moderate
2026-01-02 11:02:00,Fatigue,0.9573004772074476,112.31980483623931,35.162716384969144,4.7638494177051145,2.822173746103551,0.2946257759444222,72.04812821506246,High
2026-01-02 11:03:00,Thermal,0.8570438052163627,138.71816312284034,30.08673009016777,3.651966284461933,4.955954065008587,0.2826738011639407,66.57293949428279,High
2026-01-02 11:04:00,Flood,0.9583069790320045,116.20383765386035,21.793179082097154,10.810504240801777,2.3776284469343993,0.3821545533328061,93.76377769402086,Critical
2026-01-02 11:05:00,Corrosion,0.7228878534061651,151.1175504401221,27.400064150828563,7.632352349459511,3.1229467231107773,0.16942706349612624,66.12579912389825,High
2026-01-02 11:06:00,Corrosion,0.7650687585468512,185.24825439634242,28.012323805498536,6.2126588311856095,1.383781586569126,0.20082420020564817,52.51473270526429,Moderate
2026-01-02 11:07:00,Thermal,0.8004424910903417,130.1478804513258,24.705549034423555,6.5158035580324,3.4965548612980646,0.24210407334266876,71.24339047769087,High
2026-01-02 11:08:00,Normal,0.18405606334259172,123.18130075743038,29.560868094257646,0.5875585614670413,1.9976162902428698,0.28436988958841997,26.108982451989764,Low
2026-01-02 11:09:00,Normal,0.280085882535664,138.91216787304097,32.78904627749291,6.453360291364836,1.6432096463604606,0.2695812278601838,56.00200896108747,Moderate
2026-01-02 11:10:00,Wind,1.0403409955996787,105.70692670583688,29.191003270310063,7.680369334947663,3.1072167339699464,0.3815813093749678,76.1368937205092,High
2026-01-02 11:11:00,Wind,1.0148321965107312,144.3472379463953,25.290779553100617,8.492743446248387,4.042461835587616,0.3128672041063385,86.09856335087278,Critical
2026-01-02 11:12:00,Normal,0.35979099473148607,129.11289148182126,27.25763965796517,6.040355409761534,1.4555391099857622,0.2783655790143755,46.734688247142884,Moderate
2026-01-02 11:13:00,Flood,1.0923040103521147,78.37513185856812,27.977283216032745,8.43011739363735,3.543132110633331,0.2877883815329352,77.73397912303568,High
2026-01-02 11:14:00,Normal,0.1660562531268954,95.57978767312572,29.086608137405243,2.886040071096992,3.9574300019179924,0.2342374409897926,42.43024924100506,Moderate
2026-01-02 11:15:00,Thermal,0.799760028522357,169.52144933453224,35.549153811200156,3.968315274171786,3.3721772158925694,0.3409631180315684,71.41685752454254,High
2026-01-02 11:16:00,Normal,0.3315605648161059,145.0749225112681,29.359698766930446,6.102277537603444,2.5328672079740326,0.32374560540085173,54.199703393252896,Moderate
2026-01-02 11:17:00,Normal,0.28353604866324844,129.35795568425252,20.98651685685145,5.236978902825205,1.535535224319505,0.18349403323345387,53.38754269565264,Moderate
2026-01-02 11:18:00,Normal,0.2618578476946783,142.05494099857944,25.188394640056543,3.4478376269498803,1.2155644903252378,0.1589911823242866,35.624655157628425,Moderate
2026-01-02 11:19:00,Normal,0.3376123265050078,125.37760586053659,28.830105254483183,1.8878026835994604,1.9770422865513522,0.2916060290230693,32.679359981116015,Moderate
2026-01-02 11:20:00,Normal,0.19154300198390237,133.88487268605786,33.62062242477057,5.038287435960575,4.503926004852224,0.29774820629460097,65.13119407500668,High
2026-01-02 11:21:00,Normal,0.2524942758931703,112.10865727898465,34.48923220768276,6.441415281577306,1.7125723051060395,0.14453004060877472,56.47138059526167,Moderate
2026-01-02 11:22:00,Normal,0.24857210893660867,122.89531707305233,36.87342670793728,5.293276643972912,2.3614378033648222,0.0995973014508588,59.206314102879674,Moderate
2026-01-02 11:23:00,Normal,0.2281790361863166,104.19074033960445,28.653071987896524,9.914196561476459,1.17160148490946,0.28552275729328896,57.943003254991964,Moderate
2026-01-02 11:24:00,Earthquake,1.75881555908634,213.18708360455784,31.816545877512468,15.514323507815085,4.11527203840175,0.28066181011237,100.0,Critical
2026-01-02 11:25:00,Earthquake,1.7958294590262793,219.63898523755503,20.727692327985153,13.078150730977875,4.570168668068344,0.2765758857166678,100.0,Critical
2026-01-02 11:26:00,Normal,0.2527525996788422,154.49782001742682,30.149407865807415,7.214836268289692,4.380709527353762,0.1665363908153032,65.3898710307507,High
2026-01-02 11:27:00,Normal,0.16612578859723792,109.79728095805345,22.623679492695693,5.145986835173235,2.595390294724766,0.18819517725833235,52.66766827157061,Moderate
2026-01-02 11:28:00,Normal,0.3141436727920358,96.15564901587281,27.68730402122625,5.135578263567962,3.6409242010534517,0.09520382669782404,48.47138269018979,Moderate
2026-01-02 11:29:00,Normal,0.17188918337869935,151.9243415187541,43.14919194436071,8.889091391933068,1.6522777650680243,0.19774914707017438,83.50426637721111,Critical
2026-01-02 11:30:00,Normal,0.23254132443622608,133.59768006478532,29.51777118095215,2.3058263655784437,0.35683110375666116,0.20131760709091842,24.257222351656115,Low
2026-01-02 11:31:00,Corrosion,0.831377562182396,152.41460853809104,23.680933904098357,8.369928944164876,2.2112909965375547,0.22956896847565766,75.01480345668116,High
2026-01-02 11:32:00,Thermal,0.8286482890127373,126.15919787637137,32.03894502978953,11.569130007948814,3.5970247610441684,0.4226771343334286,97.13425707860084,Critical
2026-01-02 11:33:00,Thermal,0.6304716847826134,152.64159531591912,27.414624067053225,8.926971674524673,3.437613860936451,0.2943808968005844,73.46160305285859,High
2026-01-02 11:34:00,Wind,1.2562727851943567,130.2680485084516,23.196279434212244,8.992841043893666,4.029576203421771,0.4062791229217428,97.99744554350094,Critical
2026-01-02 11:35:00,Wind,1.130840772191027,173.2515589019758,38.515697666952505,5.218479296122508,3.509750987563681,0.1995029609064542,86.51878271220367,Critical
2026-01-02 11:36:00,Normal,0.34759706358216436,154.47216749015524,33.334060131333764,1.8110408265811273,2.939715686803244,0.06281265500395633,42.778735952381226,Moderate
2026-01-02 11:37:00,Corrosion,0.8167468060387078,184.97613859769882,29.727683124978725,14.528543569282245,2.8186533259990387,0.30480500885191414,99.1803103198714,Critical
2026-01-02 11:38:00,Corrosion,0.8510925131412792,161.9131013527454,26.040883548762295,9.225535463752434,3.6278168701627003,0.41638861515362185,84.68855524195628,Critical
2026-01-02 11:39:00,Fatigue,1.228102883205474,118.44946125947196,26.446052585139004,7.747780582741214,3.9953281650326034,0.21920513768220945,82.25929266449864,Critical
2026-01-02 11:40:00,Fatigue,1.0528129432965065,157.93325327365054,35.71240933422075,10.548370667389523,3.4314975566377877,0.3114701317201025,100.0,Critical
2026-01-02 11:41:00,Earthquake,1.8891079907738768,235.09204360144284,29.532887688322838,10.55697758508995,4.478703948960437,0.30519230042429457,100.0,Critical
2026-01-02 11:42:00,Corrosion,0.858123606845165,122.4847102389429,12.585974285255933,7.306396167811203,2.8926699132770386,0.21051019206282778,95.95711883176298,Critical
2026-01-02 11:43:00,Fatigue,1.1082335064234792,151.52046067724456,40.104692578294184,6.677178821021105,5.673621782697747,0.31544890550465676,100.0,Critical
2026-01-02 11:44:00,Normal,0.25559668715290995,155.33810879502443,28.915311784861427,0.7601792463064871,3.112447863266178,0.14059110293097904,30.361046051100132,Moderate
2026-01-02 11:45:00,Thermal,0.8678281301040099,157.42834805183963,31.716845028674086,4.314954837513767,4.220388731281979,0.15555808774642593,67.05011525005409,High
2026-01-02 11:46:00,Normal,0.1951574709717559,182.00390811212762,33.43347406717398,0.20702782331349745,1.213536293225185,0.07376658475083314,25.87944424275278,Low
2026-01-02 11:47:00,Thermal,0.7212761181584653,123.67826541928528,32.327014136557935,11.06386329181238,1.7623107270331104,0.10911935204286084,78.89436231670196,High
2026-01-02 11:48:00,Corrosion,0.8039139047698384,119.45610535647945,31.734543088584047,5.339354116369906,4.416494215758621,0.3061267042571672,73.03991458034355,High
2026-01-02 11:49:00,Normal,0.25797683010592726,150.60313589587935,25.881382663175376,6.604676335408639,2.9047672604499444,0.22780648203449105,56.63473238218688,Moderate
2026-01-02 11:50:00,Flood,1.0023344971559736,120.9030342932116,21.851023380168066,12.06994216953564,3.817248976682552,0.3394042749237909,100.0,Critical
2026-01-02 11:51:00,Normal,0.3068219901176941,115.08080027956159,29.401163907365984,5.049739055622373,1.629460112416539,0.10726593617078062,40.67362167752881,Moderate
2026-01-02 11:52:00,Corrosion,0.9593785359857216,142.5588363785106,35.15807326137295,7.404298363036789,1.8560553457649684,0.3484761032459346,79.32105926470089,High
2026-01-02 11:53:00,Fatigue,0.9969329330211993,178.89973683464805,24.760987208084412,9.899068761582992,4.667400444378503,0.3565422934008686,96.99405219067654,Critical
2026-01-02 11:54:00,Flood,0.9612840966708854,166.15669920063118,24.35988002590112,7.950138900427658,4.86613511496591,0.29258355253159984,88.97190939599405,Critical
2026-01-02 11:55:00,Fatigue,0.9601008465349717,164.42662285442157,34.105096301899685,13.11172778616989,3.120907571508805,0.28745370053926006,100.0,Critical
2026-01-02 11:56:00,Normal,0.4124298392607283,109.93922805245833,25.713773974294543,10.629601622433478,1.237400399260377,0.1280707624771224,64.98577747367227,High
2026-01-02 11:57:00,Normal,0.27437355992974616,150.3751004770486,25.94720043082799,9.349435491112867,3.241061925008803,0.19537294671429792,68.87083965601917,High
2026-01-02 11:58:00,Earthquake,1.8283841856041263,282.2456010681816,26.13427863526879,9.854689704320702,4.718135537106518,0.5333798244254397,100.0,Critical
2026-01-02 11:59:00,Normal,0.14278332919751613,137.2820524730729,27.675095095047606,3.6889197234196582,3.779060207856382,0.2710285292493211,44.220480139423714,Moderate
2026-01-02 12:00:00,Earthquake,1.78990640087945,184.0918051886709,20.131809520489806,13.412477416343467,5.25094824213429,0.3835031661096737,100.0,Critical
2026-01-02 12:01:00,Normal,0.2907398387530468,87.55342572519598,25.30329943729187,6.38917388126763,1.6134382931333504,0.22308971694194876,49.84218178171698,Moderate
2026-01-02 12:02:00,Earthquake,1.769779384757246,165.66296376707118,29.15184009569861,8.581943613106143,5.405108001213396,0.31588559603825933,100.0,Critical
2026-01-02 12:03:00,Earthquake,1.8760564499861117,176.2572441513174,29.116189680874147,8.630330981106894,4.97336826563598,0.46240537419241606,100.0,Critical
2026-01-02 12:04:00,Fatigue,1.2599464900514263,139.6349939933217,33.78996526289794,13.420369248876177,4.926212386347681,0.233531428586771,100.0,Critical
2026-01-02 12:05:00,Normal,0.17423497383248385,119.5980541368288,37.19696111097402,3.322642044170662,2.885810139575387,0.23522044490221386,55.636503608195106,Moderate
2026-01-02 12:06:00,Fatigue,0.9932330203218643,197.4504019201822,35.562417233322016,5.037780984640303,4.888106292750831,0.5375257752379522,90.82425542359938,Critical
2026-01-02 12:07:00,Earthquake,1.719779514757714,212.77917293423084,32.573261920369674,10.089077576831116,5.544519740694063,0.35839900541382963,100.0,Critical
2026-01-02 12:08:00,Normal,0.37849593280131927,116.02918208829364,27.256327046163964,6.171423929936645,1.543645501691637,0.4138242647390425,50.241557969192634,Moderate
2026-01-02 12:09:00,Wind,1.268388425362375,127.19300138335348,24.8846546502156,7.63235694060951,4.030935992572267,0.35525083902263827,88.42977920869878,Critical
2026-01-02 12:10:00,Earthquake,1.7791577745765081,215.03419107256033,28.08939216254201,14.124876926552147,4.934303208429726,0.34402994933904396,100.0,Critical
2026-01-02 12:11:00,Normal,0.25292477315206996,118.77364316346589,30.92789384886449,2.0638179117604887,3.4665965131829597,0.11636350666124678,40.229156524267815,Moderate
2026-01-02 12:12:00,Wind,1.1196765099042623,114.23748935994112,32.10968899122834,5.3326003821520604,5.042273723798601,0.5051964486278713,86.06513619211528,Critical
2026-01-02 12:13:00,Normal,0.3212021726194547,137.8107529623259,31.115428667579252,9.273140489663973,1.90847693314279,0.2194390947762479,65.07794032597286,High
2026-01-02 12:14:00,Earthquake,1.7596078540713158,207.24216710583661,27.394122643119736,14.594569733866926,4.4335250432287285,0.3587077715067329,100.0,Critical
2026-01-02 12:15:00,Wind,1.1641938768436,96.75228987663327,31.934311199211308,9.09874741628565,5.580839688203818,0.29972315111656767,100.0,Critical
2026-01-02 12:16:00,Earthquake,1.8387031817223405,160.9861339466774,34.30436252541752,11.83591483495517,5.496684135544301,0.4384620622167162,100.0,Critical
2026-01-02 12:17:00,Fatigue,1.0599604049533424,150.23864971730717,32.400801920337706,13.894701107225705,3.6698325398032656,0.2993023459829574,100.0,Critical
2026-01-02 12:18:00,Normal,0.2312027205201723,138.36277278271544,27.839934724183006,6.774590136586175,3.5496527197189582,0.20767193170193354,55.55702834666026,Moderate
2026-01-02 12:19:00,Thermal,0.8008460164423261,129.10633538439572,25.830756537469966,11.440439094907276,2.690051186621932,0.40188887173234217,87.523641261862,Critical
2026-01-02 12:20:00,Corrosion,0.9186284331034462,123.3964524506516,23.71216285305946,6.5489219675324,3.0010730986704655,0.17776234683498593,71.73289784036652,High
2026-01-02 12:21:00,Thermal,0.9317194460387067,160.17923124200706,26.59391188203909,8.151999620538735,2.9692410516242354,0.31157042622111286,75.52882383923082,High
2026-01-02 12:22:00,Fatigue,1.1218388985796865,141.29194066714604,29.28537599337465,10.706596747989595,2.4834308283581588,0.2941681916254295,85.84567567619919,Critical
2026-01-02 12:23:00,Normal,0.31426513788994137,133.55136626371743,30.599018767778166,3.3497926720584763,2.3157353654259483,0.14007637231530276,40.757956827361284,Moderate
2026-01-02 12:24:00,Wind,1.1690116750319102,129.61210862563524,20.92733841027985,9.813403672989079,3.277655255321549,0.4017739334231954,100.0,Critical
2026-01-02 12:25:00,Normal,0.19337617094650264,86.19167451909004,25.480024458182246,3.24916898035025,1.4292782676888773,0.0630859492252232,31.350786647915584,Moderate
2026-01-02 12:26:00,Fatigue,1.1273188985788094,171.88172893925992,29.21642732652697,10.697177592506652,3.095564520598336,0.12,86.24499892139747,Critical
2026-01-02 12:27:00,Wind,1.1986992659680458,163.71299775793034,23.501600449511987,6.135817508448258,3.4529297966960564,0.333962641180972,81.33946640657442,Critical
2026-01-02 12:28:00,Normal,0.13618970810002007,143.06139333090516,30.169520765298024,6.7159100577411746,1.1610855359841854,0.16894562081016828,45.07565044182136,Moderate
2026-01-02 12:29:00,Thermal,0.7737544301259522,128.68517497696394,28.46285854541717,8.932139605228732,3.447214177619972,0.15177221996160334,72.86615925101047,High
2026-01-02 12:30:00,Normal,0.2433682381214757,100.12236743800636,24.382898641653718,4.390074414478034,1.8444069075142855,0.04315580030519728,40.97617021774036,Moderate
2026-01-02 12:31:00,Wind,1.1441633706377217,191.41797218852278,28.266027162244487,11.44855143695625,4.0880081382081155,0.4704506702135044,99.27487699807003,Critical
2026-01-02 12:32:00,Corrosion,0.9735388475633703,106.12603090013825,29.961401647895503,7.205178608801068,5.673788076462314,0.30504118783677436,86.03716730671195,Critical
2026-01-02 12:33:00,Normal,0.28838712295217733,151.28651772951562,23.757355428650364,2.98960777601814,1.8444388189008025,0.1815716578457424,40.84832971476968,Moderate
2026-01-02 12:34:00,Flood,1.1298539934310918,183.81261768705957,26.786938100929763,10.831178464366033,4.284947622236366,0.46761959271675524,99.23872743581475,Critical
2026-01-02 12:35:00,Fatigue,1.0960740209321729,174.50223785665187,30.33839188653554,11.261042015463117,4.518749599335979,0.38176499944524533,100.0,Critical
2026-01-02 12:36:00,Normal,0.25651102691400623,102.8048120747388,24.18954908341616,3.478189283572897,1.9371433756357261,0.3215421416432165,43.47481949701321,Moderate
2026-01-02 12:37:00,Wind,1.1100721745911801,136.98690408186602,19.71121579788049,8.320843123270825,4.313799131545038,0.2216036857506783,97.86586631467455,Critical
2026-01-02 12:38:00,Normal,0.25095436265572535,114.74860567504501,20.317130771551227,4.4510795487186305,2.0206981902624257,0.08260859279002523,51.34315570325852,Moderate
2026-01-02 12:39:00,Flood,1.0210443140540353,118.42400807921501,25.90974567971515,7.543983041557946,3.882558395711478,0.3413660188092813,80.42425092232445,Critical
2026-01-02 12:40:00,Normal,0.14063088927726136,95.95765003116009,21.40790861847431,9.575357329646806,1.4134832106518629,0.2131599374476631,66.64850071650744,High
2026-01-02 12:41:00,Thermal,0.7568378024183684,158.11835728772616,28.26139052411877,8.94942714258262,2.7057886904201762,0.35997296285279,72.79815727672883,High
2026-01-02 12:42:00,Fatigue,1.049137392118691,169.23372785560392,36.3247142558634,9.543800700641643,3.816922253283076,0.1695368899749872,98.89158675979584,Critical
2026-01-02 12:43:00,Normal,0.2830783635244577,93.7606293366261,21.10700806155659,2.201825078932913,0.028096356149006407,0.23628779327773156,33.77004812386218,Moderate
2026-01-02 12:44:00,Normal,0.2869080089588565,136.90304838250188,26.586975742611497,7.216968341109921,3.4960727897653245,0.2591414906736236,61.46743169231299,High
2026-01-02 12:45:00,Wind,1.1384945214427837,168.75758264349517,38.66152277135692,8.265185300166754,6.2008580179991295,0.390893765344911,100.0,Critical
2026-01-02 12:46:00,Corrosion,0.8925095682033508,181.9471563644276,30.04065041487855,6.34175806675688,3.490350259924714,0.23546444950339823,70.47866552968937,High
2026-01-02 12:47:00,Earthquake,1.7754336856521187,195.82841104668805,26.161383562622003,15.717843989229756,6.025469177251004,0.44548921372768613,100.0,Critical
2026-01-02 12:48:00,Normal,0.020430398011603457,146.46452634335947,27.215586827403808,6.161968162975693,3.0810576700504964,0.11794743264277177,46.74914977330687,Moderate
2026-01-02 12:49:00,Normal,0.21122383744387663,131.92693977325527,30.14681254196639,2.5103428274066726,0.675330260421731,0.15656431345222951,26.70651932771663,Low
2026-01-02 12:50:00,Thermal,0.8863190912113903,166.4982277424297,38.4788596531372,7.5266877087070725,4.128277945284424,0.17656509285616528,93.83474328010455,Critical
2026-01-02 12:51:00,Earthquake,1.6554555394697856,149.4220710858056,25.345731962613787,13.776558861642858,4.933560205565775,0.3433067416528998,100.0,Critical
2026-01-02 12:52:00,Fatigue,1.0840152960332432,149.95638857222718,24.211948585558588,8.48121153265652,6.090724229816844,0.2807230137296704,99.21907467862566,Critical
2026-01-02 12:53:00,Wind,1.311820897134823,156.42543079431175,21.105956336098863,10.581090997069413,3.851740430001305,0.27672506018897025,100.0,Critical
2026-01-02 12:54:00,Thermal,0.7391509637591616,135.90625132661793,30.51548016254902,3.429064008727032,4.10818222317166,0.19929668455554878,58.62649766940837,Moderate
2026-01-02 12:55:00,Normal,0.2501719264342149,131.09716575791813,20.971563150910434,3.4930617980221754,1.8215870696398668,0.07603223582574233,45.368480142788925,Moderate
2026-01-02 12:56:00,Normal,0.1456786994217663,135.85949136239378,25.681086875891026,2.0735952848891874,4.196692756330447,0.3368876630767209,45.04733653892279,Moderate
2026-01-02 12:57:00,Thermal,0.9301784913330858,151.8064269267787,25.456582794448238,8.846741365301451,2.6876497829610946,0.21995496454205926,77.34696667754943,High
2026-01-02 12:58:00,Thermal,0.7933333898402709,137.57640296946656,35.370617551170525,7.6748686855626715,4.365088787327389,0.2863972458824984,89.17768047768892,Critical
2026-01-02 12:59:00,Normal,0.25373014742352146,101.60674800387187,25.458018063165973,2.469361798281478,2.626677882451946,0.03928224350045184,35.19794497975491,Moderate
2026-01-02 13:00:00,Earthquake,1.8983440372404499,209.02965185390585,29.98465164002808,9.168282907598158,5.764309961664161,0.5126119306327532,100.0,Critical
2026-01-02 13:01:00,Earthquake,1.8429182715716386,190.34332041534586,19.979539991557186,12.672127482405955,5.589007401044773,0.4173728520389477,100.0,Critical
2026-01-02 13:02:00,Earthquake,1.719949701400261,156.13465354001477,28.657534772264228,19.273697773867546,4.692987482303137,0.3684900365659898,100.0,Critical
2026-01-02 13:03:00,Normal,0.19821776607301472,115.15781145875941,21.984198470696256,4.348472016007695,0.5860563104340772,0.14518871434688413,40.609929928624496,Moderate
2026-01-02 13:04:00,Fatigue,1.114594504361864,109.41750805731597,25.871757500350704,9.177491464007396,4.874392108461615,0.3695527886212844,94.0225778163646,Critical
2026-01-02 13:05:00,Normal,0.2000703155949648,120.88426535868608,39.05601287128112,7.517692822364697,1.5111608896557156,0.0,65.51578393746533,High
2026-01-02 13:06:00,Corrosion,0.6856205350303579,139.2405014350351,32.66087188620442,8.36391967343172,4.48960014368203,0.2020645329032739,83.71008343318186,Critical
2026-01-02 13:07:00,Normal,0.2457407361088738,105.63832624111656,27.357937085843467,4.355024689431982,2.351697767915665,0.1704732929919046,39.85605582177343,Moderate
2026-01-02 13:08:00,Normal,0.13158298711001526,159.61500474508824,43.99470954891598,7.779937772435012,3.2002567810201206,0.1695511135014987,87.40393798909145,Critical
2026-01-02 13:09:00,Flood,1.149302540285098,121.89614701144718,23.42412654813341,10.615661451535416,4.481892520109474,0.49242495709427314,100.0,Critical
2026-01-02 13:10:00,Normal,0.2641430110210522,137.65982379205838,33.82608191037681,5.865877284699358,0.4646951804792008,0.15299252236414945,47.425465291137726,Moderate
2026-01-02 13:11:00,Flood,0.9475859954605139,205.46770402329685,20.33662771576443,8.783659542297602,4.294895616247997,0.3712181593649323,99.3727542781789,Critical
2026-01-02 13:12:00,Normal,0.1941094068270037,146.9316975929172,26.780386211760263,3.9618058858188094,1.6563245143855159,0.3249325749228761,38.55559991985263,Moderate
2026-01-02 13:13:00,Thermal,0.6488481929700864,141.21153044755584,23.2610512490972,10.751512655694986,4.365011187268176,0.3136491268630744,94.17576336597932,Critical
2026-01-02 13:14:00,Corrosion,0.7670430490575598,115.84828401441682,29.286379575454372,7.290612140362482,3.9112074951368,0.21409471429749294,71.03699404069312,High
2026-01-02 13:15:00,Fatigue,1.156305856203256,118.94844558538861,28.279851267893783,13.193758638068038,4.402969037965606,0.19724099312104432,100.0,Critical
2026-01-02 13:16:00,Normal,0.4285428916393913,109.71120762606195,26.46167600408209,1.8585609011321527,1.7277572042917497,0.23963362261713636,33.15165661170979,Moderate
2026-01-02 13:17:00,Normal,0.30811172105591667,102.82498165215229,33.460285125631536,9.301351863517334,1.0873938078922087,0.31160201789251596,66.56864371560398,High
2026-01-02 13:18:00,Earthquake,1.7826365969103177,163.6113272760467,25.164505134986047,14.816120249265254,4.927113041029474,0.4476770476423296,100.0,Critical
2026-01-02 13:19:00,Wind,1.1504432499476867,149.2421636132189,29.63425873903662,7.194395230843981,2.2401077384690513,0.41467585231489207,74.10513987955878,High
2026-01-02 13:20:00,Normal,0.17348033491389103,117.44382267785782,32.102774701356694,6.526935903656919,1.4096562654533544,0.3873557638190469,53.570612930002156,Moderate
2026-01-02 13:21:00,Normal,0.4147812719471793,132.1302986911324,20.583893955519084,3.0490913050481603,0.5358409004605678,0.24698994275124952,43.99800905246941,Moderate
2026-01-02 13:22:00,Earthquake,1.77490010385085,150.65509451343928,24.257928291628083,13.500284163042425,3.922259196242189,0.31594937073648655,100.0,Critical
2026-01-02 13:23:00,Normal,0.41925038640500034,102.94390509667375,28.26930483657917,3.5401185885642463,2.1164788472262095,0.1840848612403564,37.994503012902925,Moderate
2026-01-02 13:24:00,Earthquake,1.901481560768805,177.60819792943795,31.150767097141593,13.001263507600763,5.894048939503961,0.513617215481692,100.0,Critical
2026-01-02 13:25:00,Normal,0.11073628549229811,115.11287016441827,35.10618882960767,7.824292381429601,1.9682065198247842,0.16009761672415895,62.297621686913416,High
2026-01-02 13:26:00,Normal,0.19672380833925665,165.9105926853356,26.9206010063604,6.555534956440059,1.5012095026615981,0.30045644758503665,47.82262060132075,Moderate
2026-01-02 13:27:00,Flood,0.9664763900660942,156.60616481809643,26.41764478675058,5.8239038246927635,2.732591837761074,0.2866450481609287,65.49838176888741,High
2026-01-02 13:28:00,Earthquake,1.7836122908715408,141.2602547010144,23.63701984893168,10.195710675024682,5.0428070076352896,0.4307477936757468,100.0,Critical
2026-01-02 13:29:00,Normal,0.24517485975089973,130.4545340396691,29.649920460885166,5.812326830796,1.1777769587722542,0.15194071677249205,41.9342950289507,Moderate
2026-01-02 13:30:00,Wind,1.4246991276318515,171.04159306859947,26.51441213150954,11.12956138068733,3.977169257878689,0.328762907225686,100.0,Critical
2026-01-02 13:31:00,Corrosion,0.7688217700420195,141.07179929388155,26.62983868587141,6.276665061838706,1.7984682259210945,0.2849957942215633,58.34733254925184,Moderate
2026-01-02 13:32:00,Earthquake,1.8083175948531514,151.26508313976996,27.530557470557458,18.17394644894611,6.061317578205728,0.2753166458866626,100.0,Critical
2026-01-02 13:33:00,Wind,1.2343206193974243,201.35136738283657,30.758140310451694,12.540484811808787,3.4729688779243078,0.280672536593514,100.0,Critical
2026-01-02 13:34:00,Thermal,0.7998742396424643,115.25290216046857,27.181347234103693,6.123270903845618,3.5762569002823383,0.16134335305172479,63.38814255597061,High
2026-01-02 13:35:00,Wind,1.1938144462225087,173.91930516039835,24.139209555455476,7.933234052552021,4.927221995631192,0.2834313114089313,93.81159820770617,Critical
2026-01-02 13:36:00,Thermal,0.7164152884554731,147.00126322659838,32.158620930670516,7.316560358860259,3.5278708819310003,0.19638689842678403,74.29929980839647,High
2026-01-02 13:37:00,Fatigue,1.0835188955682147,168.02026372574426,12.871375490587075,8.50443676677752,4.599126789598083,0.38094569409884604,100.0,Critical
2026-01-02 13:38:00,Normal,0.29091191969394975,162.67144810418324,24.981609131691574,8.768472481195332,0.06663926285407129,0.2618719949668409,54.322064505438064,Moderate
2026-01-02 13:39:00,Earthquake,1.8162080467416903,195.64097180352587,22.24345250296318,16.353568918984656,4.867143336296113,0.44882353234667816,100.0,Critical
2026-01-02 13:40:00,Corrosion,0.9006160723129675,130.23339432391168,34.016291115083945,8.405208540504171,4.423076666789084,0.16658806150281324,89.32267523264446,Critical
2026-01-02 13:41:00,Thermal,0.9130086320508985,169.64980687819903,27.795336187285518,10.033716682667645,3.7092295383162215,0.2521492178229166,83.11687986921692,Critical
2026-01-02 13:42:00,Earthquake,1.8649573233531473,165.822513748897,25.196419423663848,15.868925679033646,7.208463265551462,0.29622461505758996,100.0,Critical
2026-01-02 13:43:00,Normal,0.25570356907979497,124.08895028488169,27.756887573733632,5.174782184799603,3.7043804799670172,0.16821652912391227,49.57141886436083,Moderate
2026-01-02 13:44:00,Wind,1.0912593318493378,125.07290979960524,25.023137857675433,11.30785603810727,4.339592134450637,0.36779369337834167,100.0,Critical
2026-01-02 13:45:00,Normal,0.20199957802311044,94.16796931658119,25.986759209232325,6.782562662276845,1.7480213811151932,0.25936834583320834,49.8964852133309,Moderate
2026-01-02 13:46:00,Corrosion,0.8374295078466069,145.48466676090464,28.485552052115814,9.762817170946652,2.3615612869330107,0.3058275823887235,75.02753084861553,High
2026-01-02 13:47:00,Wind,1.2051876665073158,166.6021677145218,25.88979782746866,7.763588514572626,3.5641914344647527,0.4166777251211233,85.28813164385025,Critical
2026-01-02 13:48:00,Corrosion,0.8167333790800485,101.64023443272424,25.853912738639814,6.266870727961814,2.9117530915106338,0.2887805109549967,65.64719713254064,High
2026-01-02 13:49:00,Fatigue,1.000141344065252,165.4321842000166,22.949211631443458,8.634216014941849,3.206750807618285,0.2813151782391762,86.71619155205192,Critical
2026-01-02 13:50:00,Flood,0.924944104870373,130.31427558504254,22.231081297397346,7.080007162859333,2.7616622522589536,0.3618928407759529,79.17489930010204,High
2026-01-02 13:51:00,Flood,0.8879057792755576,182.79220039177915,28.303184487951402,4.7806982820930415,4.081576587522044,0.36451808801413393,65.97093426015167,High
2026-01-02 13:52:00,Corrosion,0.8362039436980346,135.4008892793873,29.53300254892911,10.327855882847123,5.016639678142234,0.2260662641341029,91.01870676796533,Critical
2026-01-02 13:53:00,Fatigue,0.9574267646343757,124.90944326125036,20.85921678108025,10.539224380607005,4.733256768230259,0.3303185806856055,100.0,Critical
2026-01-02 13:54:00,Fatigue,0.9949579452674087,154.8951139489813,31.799707076904237,5.4819002711223614,3.4775799417296764,0.27645493005306976,72.58845875379657,High
2026-01-02 13:55:00,Normal,0.2184878501724558,97.09412497303187,31.820238199123736,4.2772498648173904,3.0140288476007093,0.019312415823967616,45.84771913297078,Moderate
2026-01-02 13:56:00,Wind,1.0781266152486855,189.12362853582815,32.873445691393115,9.547142548242117,4.386650866838882,0.35120851936906555,99.00097364671355,Critical
2026-01-02 13:57:00,Normal,0.28038017507989577,120.01325518832749,29.499445423702987,5.5458332855298185,1.9592956490631575,0.07643822545675874,43.56167203789071,Moderate
2026-01-02 13:58:00,Fatigue,1.134217845088455,149.2080844226678,31.18541050144498,6.254232654057024,3.6968772743525955,0.32625793674670084,78.84644758352186,High
2026-01-02 13:59:00,Flood,0.9760458384179681,165.5950254732752,38.92512922289161,5.1380172920167615,3.480059862011736,0.16917549582710345,83.39732139883921,Critical
2026-01-02 14:00:00,Earthquake,1.7550378153911999,156.47631401999269,26.492391995613534,14.95917348810173,6.011066122737271,0.3464266338383407,100.0,Critical
2026-01-02 14:01:00,Normal,0.2929943816111262,87.77115861678715,22.771542495552218,0.39811396319413106,2.1396700822764214,0.14531209586114535,32.21711872265725,Moderate
2026-01-02 14:02:00,Normal,0.19288039222122566,130.20878948604093,20.32970058389269,4.30200952083601,1.27157720242301,0.27613798162490766,49.69261186765284,Moderate
2026-01-02 14:03:00,Corrosion,0.7923812870722164,116.70823229977978,36.77836965116158,7.32176844272532,2.5431478908996485,0.22531879520112585,79.9789021900389,High
2026-01-02 14:04:00,Normal,0.34571987825490325,92.49974615626358,36.843936293493286,4.630147045319644,2.305903981281668,0.09400232371130342,57.317975740877955,Moderate
2026-01-02 14:05:00,Normal,0.32073501909702296,140.9189007805222,23.37700129032885,5.758152863533556,2.428651215683275,0.2091476065594875,56.49629242775949,Moderate
2026-01-02 14:06:00,Fatigue,1.1231240001875136,166.1266027495985,24.363395936607215,14.29571185343422,3.4868673556832155,0.2826421129012916,100.0,Critical
2026-01-02 14:07:00,Corrosion,0.9290515697115276,112.85426143867723,26.38004481234414,3.5015233982272993,2.187994377253756,0.3312448448519471,52.90268802252843,Moderate
2026-01-02 14:08:00,Normal,0.09181770197061095,104.5215989264666,34.121284360729916,7.629744748198247,3.250965117085132,0.09904960406683722,64.33337358902894,High
2026-01-02 14:09:00,Normal,0.35830684374344857,97.406711101342,21.56348900759845,2.5364737183941317,3.0386046095271007,0.19686831057118226,49.95841348350264,Moderate
2026-01-02 14:10:00,Thermal,0.8313649693266993,186.4079824510145,20.166902375555622,12.181133446451955,1.212623499026502,0.4575653437381749,97.00993584911508,Critical
2026-01-02 14:11:00,Corrosion,0.9358625107204589,166.8502606892652,38.837572382810805,4.4286080216114705,4.65958292331353,0.24885768327725255,87.01575965300071,Critical
2026-01-02 14:12:00,Flood,1.050972942329309,140.27887884986814,29.561866434600375,16.509183914104373,3.471024202666986,0.30693843277605026,100.0,Critical
2026-01-02 14:13:00,Normal,0.2539139859744125,134.4048672335873,30.272066529592802,3.8306965115685356,2.1899870800271426,0.047116779356990296,38.654695891765286,Moderate
2026-01-02 14:14:00,Normal,0.22797526301103563,86.09534535172926,26.974469974000034,8.871149182319105,3.138223060052627,0.11176165696062772,60.89175285736055,High
2026-01-02 14:15:00,Normal,0.27937155015089643,103.18384622026268,30.32892461859012,8.252468070232593,3.6525387866290533,0.21677765616342157,66.71841039687833,High
2026-01-02 14:16:00,Corrosion,0.830060167287636,146.82158164854715,20.42897058329507,6.990532726086775,4.3228652850455305,0.24160818059982248,86.65133489463273,Critical
2026-01-02 14:17:00,Normal,0.319430088005209,131.30576872864782,23.79539716569885,3.9207523454371964,2.241030498950559,0.22915463684806234,47.53539642957843,Moderate
2026-01-02 14:18:00,Normal,0.12308346843582396,117.5635218621639,28.525789422613027,2.4885231106031718,0.6243593136970016,0.21399509486372742,22.311025389034622,Low
2026-01-02 14:19:00,Corrosion,0.8116739310564579,150.40033776785566,16.64554553549879,10.662110499332867,1.3462318239847384,0.16255764512977916,92.33188449743125,Critical
2026-01-02 14:20:00,Thermal,0.9635858598781317,143.95841149882816,28.487411930928854,6.729595687344596,4.078158939024504,0.34122450260998544,74.36183923812362,High
2026-01-02 14:21:00,Corrosion,0.8049135629142087,140.11056494944205,26.179178148327964,5.843049415847798,4.662030345744477,0.168585204526208,70.36896107847511,High
2026-01-02 14:22:00,Wind,1.1659053021549217,149.99636019522765,26.486548840248194,11.711828035868457,3.225355139161952,0.2548062475354058,94.27373253672718,Critical
2026-01-02 14:23:00,Wind,1.1143935253319939,146.7433781830554,25.244590960895096,7.408470675782753,3.7702200352612705,0.33435879324273704,82.71472349928733,Critical
2026-01-02 14:24:00,Earthquake,1.816867653830866,187.3984377157147,23.020540370627515,12.413053124743989,4.802734111614545,0.5293618406405263,100.0,Critical
2026-01-02 14:25:00,Normal,0.1910988087886244,130.2703897299864,18.8898407486454,5.3213175946165805,1.4160999265109966,0.09968989182980077,54.165152140001915,Moderate
2026-01-02 14:26:00,Wind,1.170151125215436,162.35897918297084,28.72373523583706,8.172711532216194,5.114961183891966,0.32781475627356416,89.59897001209421,Critical
2026-01-02 14:27:00,Earthquake,1.8579093228828056,152.13507374997351,26.499380066018784,11.925353957240192,5.578373132753642,0.41648163750642725,100.0,Critical
2026-01-02 14:28:00,Flood,0.9640989264948148,125.8268037214203,21.12359226715661,13.804949603418372,3.450821688604331,0.344588798221795,100.0,Critical
2026-01-02 14:29:00,Fatigue,1.1380888895412178,162.97204514870168,28.312667064168853,8.887294399144562,6.457520020510372,0.3947224439743271,98.98621264342424,Critical
2026-01-02 14:30:00,Thermal,0.8657783452448286,178.79183251677193,28.52524902463647,6.921119120649163,1.7655791009924398,0.2276739788798448,60.4632648563778,High
2026-01-02 14:31:00,Normal,0.3343964875775435,123.81038653896888,25.694880241689425,4.474624585793834,2.5479110814957853,0.260947939301036,48.19307990879128,Moderate
2026-01-02 14:32:00,Earthquake,1.8012432795934432,171.30828968807515,17.21552556596275,14.7633649654972,4.311021714827805,0.5104257375061103,100.0,Critical
2026-01-02 14:33:00,Normal,0.5093007261581428,125.6085113860694,31.413837561539466,1.8984089519784098,1.8425631280057586,0.32271673430972586,40.87139406439225,Moderate
2026-01-02 14:34:00,Earthquake,1.8743626957233666,153.17946443716428,21.83474479945435,14.681646201375157,5.508638384462673,0.4441538639777296,100.0,Critical
2026-01-02 14:35:00,Normal,0.27599020995254614,152.7235789134116,28.31635127420621,5.767460570177722,2.844595719635092,0.19259495282821068,49.10908077779379,Moderate
2026-01-02 14:36:00,Normal,0.1799260468734612,124.66485361270071,23.958657782836536,0.3659661522223523,1.7388181048389777,0.14203324211081045,26.279874134156728,Low
2026-01-02 14:37:00,Corrosion,0.8472352699300688,127.46356966973629,26.056367412260073,13.682766810226287,2.953051902203158,0.15128106142803138,93.65123014590183,Critical
2026-01-02 14:38:00,Wind,1.2991061581520027,153.23011334767813,33.761462458749556,14.482440682289619,3.7609149021864923,0.29376371738732016,100.0,Critical
2026-01-02 14:39:00,Thermal,0.9367627692501015,128.82409419840963,32.65809100401687,5.598311201765488,2.1200473136988243,0.26898701889812066,66.33199326582918,High
2026-01-02 14:40:00,Normal,0.36826632803521836,152.79174942042084,33.65019973144735,1.63272038690815,2.6323098020916866,0.17124061580536745,43.454206499683856,Moderate
2026-01-02 14:41:00,Normal,0.31281538453836955,114.94399776382352,29.651927473107868,5.684154491075728,2.2813343707819085,0.22781743942518623,49.24752755552102,Moderate
2026-01-02 14:42:00,Earthquake,1.6895471834963542,185.48414365288983,29.980717921703903,9.122410136506135,5.79516867131505,0.2876661380474778,100.0,Critical
2026-01-02 14:43:00,Normal,0.2889729454260536,134.3431614162823,19.094304998869113,9.092848861106766,1.9304569974669192,0.16544205837681558,74.43271740796817,High
2026-01-02 14:44:00,Normal,0.15068780975576018,101.48083490588645,26.412375030667228,3.594638792742822,1.8071220401099068,0.3395815607304248,37.240919007243654,Moderate
2026-01-02 14:45:00,Thermal,0.6810023045295394,146.84273665337892,28.875455340756957,12.86542078492645,4.375600338230852,0.33964790076017787,96.10546846734971,Critical
2026-01-02 14:46:00,Normal,0.26913269476617907,126.86088923485525,34.118324101759875,2.526789888841199,3.021786470157016,0.2292952103370177,48.70793840775456,Moderate
2026-01-02 14:47:00,Normal,0.29185595578158,81.14802947448447,25.46885336046536,4.663393743299839,3.4148005861843878,0.2112545900017992,51.306525537832115,Moderate
2026-01-02 14:48:00,Wind,1.2572701678784646,163.71741221944023,29.32429754528061,13.901637819732096,4.412594351495871,0.28676545140810666,100.0,Critical
2026-01-02 14:49:00,Wind,1.2247708992308874,156.25594837642151,29.12878671542376,9.13028156108351,5.392664094655419,0.17567437985946294,93.76264224286055,Critical
2026-01-02 14:50:00,Wind,1.22752687885942,160.6491573028999,33.78837580140364,10.916275229527223,3.623917360279586,0.3525702872329599,100.0,Critical
2026-01-02 14:51:00,Earthquake,1.71122779320061,182.49074283726418,27.331279588469332,16.677976266914037,5.159148213858669,0.22399999999999998,100.0,Critical
2026-01-02 14:52:00,Fatigue,1.0666018652252267,159.47924682375205,32.13893474346573,7.8318576474975,4.995100753681961,0.27395553099097786,91.5814634200505,Critical
2026-01-02 14:53:00,Normal,0.12943065714924096,153.43358064190394,19.475674329312376,1.2147827283569272,2.843421538260239,0.1797072648398135,44.4511769934614,Moderate
2026-01-02 14:54:00,Earthquake,1.6297304696479844,152.11231469787225,19.92990283528029,9.023868211077264,5.069549593085103,0.36822476516743885,100.0,Critical
2026-01-02 14:55:00,Flood,1.079251416787446,142.2461916124895,16.583278276877365,10.950298248313624,2.6337417639802894,0.4657106448108185,100.0,Critical
2026-01-02 14:56:00,Fatigue,1.0147500484967233,169.6654657240709,31.929924875666668,10.666335160992855,3.596035793007527,0.4459474228080049,97.85190222686077,Critical
2026-01-02 14:57:00,Earthquake,1.8597998801714444,193.62314669319778,31.36833468894368,16.584989519243273,4.675131558722965,0.4866249386941411,100.0,Critical
2026-01-02 14:58:00,Wind,1.2736678062304032,168.8851388335521,32.48413786949641,9.27786584305223,5.764503482488674,0.24197385871420982,100.0,Critical
2026-01-02 14:59:00,Normal,0.2004546140301442,188.83943039183345,24.613190821469036,0.707788227198372,2.760040643519751,0.33371322615723636,36.41910535388002,Moderate
2026-01-02 15:00:00,Normal,0.29722488756442395,135.35338810291765,25.18226171232667,2.0582569188447284,1.2340774226132343,0.22951753110589607,31.956615885710022,Moderate
2026-01-02 15:01:00,Normal,0.19710746171090868,148.27344490637563,27.394761786688445,13.603887603055103,0.9550090393349875,0.10464162721975909,68.50147764458524,High
2026-01-02 15:02:00,Corrosion,0.7073296900298541,136.5231985286873,35.21849651473828,9.88076905561251,2.5416867262154446,0.27061735290369937,86.72896722932416,Critical
2026-01-02 15:03:00,Normal,0.2598647523553967,95.17719065256794,36.469140638110254,5.410375268246882,1.441174761533666,0.2566859882830506,56.79675892011464,Moderate
2026-01-02 15:04:00,Corrosion,0.8173300896227392,136.34206426915915,31.969042449206814,9.13591928094145,3.153299606202806,0.22008969274861534,81.3759732927227,Critical
2026-01-02 15:05:00,Normal,0.21479287915302947,137.7990042835851,29.655098624017505,0.7059831553026914,3.1145464908808873,0.19124260437382332,31.495883104238093,Moderate
2026-01-02 15:06:00,Fatigue,1.233027449427642,163.1706963707294,34.67691348850063,7.11538402711086,2.8334831086469965,0.3253181101744127,86.9700712361898,Critical
2026-01-02 15:07:00,Fatigue,0.9529314413813863,163.081284264972,26.720787714252207,14.729990383973727,6.089537244846549,0.21193166387680004,100.0,Critical
2026-01-02 15:08:00,Normal,0.28062969082971767,114.6413903300718,26.045292347588525,6.975041857556656,1.0566997631713453,0.15839257217936786,47.05902731101113,Moderate
2026-01-02 15:09:00,Normal,0.1704154210284199,110.65493452967561,27.354889396930943,2.709207027116191,0.590952268905401,0.0979629939965449,21.90441095111341,Low
2026-01-02 15:10:00,Normal,0.322660912741386,115.50356889266806,23.10642815290211,1.319554015750283,3.688304825323471,0.2494934412565375,45.88472649584491,Moderate
2026-01-02 15:11:00,Fatigue,1.0988744988940053,171.11188625413033,27.124953178141936,7.952917673166301,5.121255599836956,0.22735556595382278,86.12019745540135,Critical
2026-01-02 15:12:00,Normal,0.2803475479344491,141.01818570426045,22.4129597810803,4.053708058331365,1.8176512022437148,0.20334429633051118,47.721949221829405,Moderate
2026-01-02 15:13:00,Wind,1.1094088305918193,132.24395875821932,33.12503909449789,16.24743810754011,4.421332315124527,0.20478753452851217,100.0,Critical
2026-01-02 15:14:00,Earthquake,1.7287529669369341,200.65856398578623,30.71843695516509,12.835197872102134,5.766569119102014,0.31332504934869515,100.0,Critical
2026-01-02 15:15:00,Fatigue,1.1491800405876709,136.73196923109424,35.147811987739125,5.931344647600962,3.9367124287435584,0.20544950326634545,84.54907194513189,Critical
2026-01-02 15:16:00,Wind,1.326663817738205,169.12304129602634,19.853585985429053,9.924192909169745,2.7435204615295268,0.29283398768959357,100.0,Critical
2026-01-02 15:17:00,Wind,1.223424625377935,152.6008564384378,37.50848473461036,10.893015405134003,2.5219671826662524,0.33043052959763686,100.0,Critical
2026-01-02 15:18:00,Thermal,0.7282063423382854,181.14471373097462,22.137622931032798,4.158360267237885,2.355273817676583,0.2891804236153305,61.70813092959148,High
2026-01-02 15:19:00,Normal,0.2771150817969655,109.54813427547136,22.00845962458397,6.206496603357843,3.8161544113709476,0.03822118946317646,63.537758520759205,High
2026-01-02 15:20:00,Fatigue,1.2691977635470089,157.46529602236959,24.895892265684548,13.12674785681471,5.655413502726656,0.28650884927762665,100.0,Critical
2026-01-02 15:21:00,Normal,0.2581938248575129,135.1648289389857,34.53860345984933,5.416013849752289,1.7381630355076911,0.11995423122319182,52.67170942660069,Moderate
2026-01-02 15:22:00,Wind,1.301947268751488,135.55102874692795,29.12786748614287,7.7088045444509605,3.0820357774763285,0.3587342794216206,80.83331842203188,Critical
2026-01-02 15:23:00,Fatigue,1.0157736507329032,151.17857361432635,26.78085374739214,7.91338868728955,4.07812121972938,0.278589093513659,80.50219707451683,Critical
2026-01-02 15:24:00,Flood,1.016633115869089,144.1353778844216,24.036862826774197,4.223492070014413,4.1189811954670255,0.2855335195505211,71.44858484331695,High
2026-01-02 15:25:00,Flood,1.0695652164900435,137.95466291485067,21.1203242466965,8.798494297692393,4.280719519294058,0.2324040849197552,96.27555765169055,Critical
2026-01-02 15:26:00,Normal,0.28178626466102913,109.00692496291902,33.66313661846505,5.93233987048974,0.5270286828375976,0.31797181676723996,50.44854624811844,Moderate
2026-01-02 15:27:00,Earthquake,1.7286889055911072,209.40036495341985,31.9931963052432,10.710102245403565,8.517756183825162,0.3013136461413438,100.0,Critical
2026-01-02 15:28:00,Earthquake,1.7252386034295522,166.63623163099166,34.76225188546175,19.219100453082884,6.4924746680436325,0.3720212807688883,100.0,Critical
2026-01-02 15:29:00,Wind,1.2640627522482126,171.56019706679015,29.98409063490562,12.476838486353444,3.8421362962603336,0.32460787626183746,100.0,Critical
2026-01-02 15:30:00,Earthquake,1.8853240650120116,189.4648750507786,14.789487707222326,8.778332016845326,4.641522369839146,0.38389116302278153,100.0,Critical
2026-01-02 15:31:00,Normal,0.3709714846497536,85.0754971056206,21.77708533659274,0.31678767552267306,2.9873056940796046,0.11888512138345023,38.99828635580208,Moderate
2026-01-02 15:32:00,Normal,0.3943144386602294,132.97923596066104,30.324356529233544,2.0479285918885446,2.495394615034541,0.035065317087087405,35.43986235193757,Moderate
2026-01-02 15:33:00,Normal,0.2607695549058077,84.66216975605764,26.1514148738199,9.719556220277818,2.0921474880345112,0.12467928392865935,61.49813072827348,High
2026-01-02 15:34:00,Earthquake,1.7651040604614725,197.302295704129,25.205790165359367,16.072765131657086,5.818334633640811,0.3272492126799042,100.0,Critical
2026-01-02 15:35:00,Normal,0.3580792751022775,107.32020892172879,22.483866175552357,9.871136586674861,1.8872803957753856,0.3143379674170428,73.98849010041054,High
2026-01-02 15:36:00,Fatigue,1.132045542548127,153.2091813314113,32.7379478370727,9.530627859688265,4.201862265717302,0.48117567428784425,100.0,Critical
2026-01-02 15:37:00,Flood,0.9414035793065927,118.44300125934153,30.28096318707154,8.571532016113165,4.406362850953504,0.2879366657603517,85.13996712723642,Critical
2026-01-02 15:38:00,Normal,0.16730914675848707,123.0595580901204,30.505956114540613,1.257471541818128,2.343316874082027,0.06761947677607016,28.20217003600807,Low
2026-01-02 15:39:00,Corrosion,0.8943544161085049,167.3737604492655,24.831988756074715,9.349051774750388,3.6109218983219193,0.3270435284569898,86.7847297687274,Critical
2026-01-02 15:40:00,Fatigue,1.0608180270812801,132.82586429943447,28.881438794499047,8.911495499248938,5.192860133211181,0.22151388069456812,88.84600014940484,Critical
2026-01-02 15:41:00,Normal,0.2478856036207442,104.82082284639972,21.311175369017594,4.295983428554414,0.4028928805815437,0.1360663157124267,41.37395673832246,Moderate
2026-01-02 15:42:00,Normal,0.33580266917681556,131.36552558918723,27.350860095769033,9.854152523158515,1.2021177214415695,0.12969203510533683,57.46896264598795,Moderate
2026-01-02 15:43:00,Normal,0.31072297159880286,131.99045809117348,15.360352107034455,4.620963191406319,2.0265606859810226,0.13995954718368328,64.38406556518736,High
2026-01-02 15:44:00,Normal,0.35638985987347455,59.145517539787335,20.159419304327223,8.992944332143054,1.270132417070759,0.15162237988073995,68.21244043656361,High
2026-01-02 15:45:00,Corrosion,0.7004771114901308,194.58515909456935,26.388440778739945,3.5357760165721603,2.9239674617560594,0.16291984405365878,51.02973788107951,Moderate
2026-01-02 15:46:00,Thermal,0.8202718333776962,155.2138370887083,41.87559073137466,16.064336698588768,4.487741782890044,0.2038389070672192,100.0,Critical
2026-01-02 15:47:00,Normal,0.30557508179177656,137.42296656132405,18.99628463287568,3.8801886147338918,1.851029026042275,0.2615955398290748,55.466014910674744,Moderate
2026-01-02 15:48:00,Corrosion,0.7328731314649853,140.61148883344958,21.782097037300687,10.421552069822079,1.4907889722860261,0.2653154447700676,82.0743602373501,Critical
2026-01-02 15:49:00,Normal,0.19760834869520222,73.61616228619388,29.083873983464052,7.5988187358395365,1.576658270665721,0.19002510731910166,48.74880739302381,Moderate
2026-01-02 15:50:00,Flood,0.9527611870136865,167.66805153125603,36.847114530073014,7.7079298088736925,3.738113174133872,0.11342014957189625,89.42580315241325,Critical
2026-01-02 15:51:00,Corrosion,0.8567358536847933,130.07029929422785,29.01086248494037,10.757090270177162,3.3596895324563265,0.3438226926819074,85.79985293476773,Critical
2026-01-02 15:52:00,Earthquake,1.9202283174955252,195.1982923545835,31.51070926152078,16.013009529743712,5.916037441346415,0.3491584087869505,100.0,Critical
2026-01-02 15:53:00,Normal,0.4118071523731921,114.52997324343178,26.311981246617613,2.8605664968626963,2.4743885747554737,0.2699174843494156,41.522829347381645,Moderate
2026-01-02 15:54:00,Flood,0.9548569957541374,156.7509844779094,25.446892055303117,7.09609932745432,3.5411739014740142,0.3043419843358157,76.68358206880264,High
2026-01-02 15:55:00,Thermal,0.842124580039486,122.62509046476889,30.41092176033878,8.135920470454227,2.006960241754567,0.21503572567637397,68.63646374251863,High
2026-01-02 15:56:00,Normal,0.2947038281713852,141.6097235669733,24.70855304686948,4.653518156943994,1.5588607483624375,0.04577683235590557,41.66889718954596,Moderate
2026-01-02 15:57:00,Normal,0.2810100617211798,90.29052401355821,31.621346693588727,9.179390287548603,1.3772234433782018,0.35398767659424607,63.90156047618459,High
2026-01-02 15:58:00,Normal,0.2819183707791387,176.13923563347976,19.96864050527208,7.108004554835237,1.714896197313744,0.2442597818437907,65.71093118398088,High
2026-01-02 15:59:00,Wind,1.2092994001961064,213.34871587467532,32.449935162834166,9.888729291610726,4.731168535257887,0.3850459519751203,100.0,Critical
2026-01-02 16:00:00,Flood,1.1550056096645136,191.61748963666275,28.19656506151376,11.01823387612302,4.084102749563752,0.43750621643621,97.0009070586113,Critical
2026-01-02 16:01:00,Fatigue,1.1631973211494446,184.88697464436274,26.926395656995684,5.6399592333900745,4.624005713741686,0.31792696097830886,77.81527681017545,High
2026-01-02 16:02:00,Corrosion,0.7701876881921388,142.086291044159,19.785077199067892,6.4540670791047745,2.935916796397206,0.37619200411054027,80.11808560051243,Critical
2026-01-02 16:03:00,Fatigue,1.138657686470444,182.1636676436802,23.10105664001065,10.363463024956664,5.308360768284733,0.2617139793802537,100.0,Critical
2026-01-02 16:04:00,Fatigue,1.1463898699609163,150.59558754309683,33.99325736566589,12.846096505677352,4.47283851259672,0.35900628262665657,100.0,Critical
2026-01-02 16:05:00,Normal,0.27519738297214313,81.16206144386733,26.957005009833175,5.599308003967381,2.112234681841957,0.1295922634060235,43.79152614620957,Moderate
2026-01-02 16:06:00,Wind,1.2755139496402184,194.9800353507672,29.391992329364104,14.47471699993297,4.643346584377969,0.27569129636125494,100.0,Critical
2026-01-02 16:07:00,Normal,0.26504592274392297,148.22061157306263,23.602339933423266,7.603819574075791,1.3242395853689684,0.18776004603634208,56.65027480266137,Moderate
2026-01-02 16:08:00,Normal,0.26603741768610006,119.21652230861412,27.854726818872745,3.535011727785967,0.10875421596042134,0.0786080872032221,23.323880842763337,Low
2026-01-02 16:09:00,Thermal,0.8096992435741635,111.37039356672125,23.139239759400105,7.579908062138692,2.5933036309302215,0.2863539377899745,74.74129523316114,High
2026-01-02 16:10:00,Flood,0.8585404731360264,136.14498308552567,28.499411271439435,10.425265058715713,4.4274569572421685,0.26704334321005846,87.54828595372155,Critical
2026-01-02 16:11:00,Thermal,0.7935681284875301,96.47136037781226,31.853204486351025,6.654093341430908,3.2802160396889635,0.10099514937698555,68.5624860252324,High
2026-01-02 16:12:00,Earthquake,1.7365399540436344,205.22702131544943,29.60307363592509,17.993870533749778,5.223165527322126,0.3673870491392861,100.0,Critical
2026-01-02 16:13:00,Wind,1.0900841617445955,117.31727582839551,23.48207584754919,6.773821597123132,3.192159929222272,0.2883956237477286,79.01628144327846,High
2026-01-02 16:14:00,Wind,1.299721462779162,164.57077175366692,26.289745079497493,11.048319351273157,2.084174174083464,0.38422691718705937,91.30800284747295,Critical
2026-01-02 16:15:00,Normal,0.29033660148275664,98.9076663055078,30.685970729908156,7.206340440815172,3.42484562081479,0.2028158361995022,61.97861319893075,High
2026-01-02 16:16:00,Normal,0.24761351352443617,84.33241387501309,26.94281202360951,4.059659031616693,1.7921052581883927,0.29579778936185175,38.61292527189314,Moderate
2026-01-02 16:17:00,Wind,1.1398157319118059,163.3588773319643,26.56347308829945,8.483602002052255,3.610462018102809,0.35760876764998617,84.75387270621178,Critical
2026-01-02 16:18:00,Normal,0.2736935667702992,111.65501536719921,37.51733804312778,4.771756110650004,1.3283537329081279,0.1356831143812571,54.14203973073381,Moderate
2026-01-02 16:19:00,Thermal,0.8793148874654011,162.95472763563419,25.24505440566938,10.435995538355524,4.454522477626629,0.2553312511618776,92.88330132294892,Critical
2026-01-02 16:20:00,Normal,0.18384273251624472,88.30986828178233,33.40209234044491,3.500456007416439,2.8813508123793845,0.1521561570470766,46.850320413664356,Moderate
2026-01-02 16:21:00,Normal,0.2496137302178712,101.06713386315445,22.226596682475346,1.793236439272123,1.0327605357890461,0.2190378284890535,34.13849153734446,Moderate
2026-01-02 16:22:00,Corrosion,0.9244453199080939,84.50894478772773,31.273905428857073,11.751754330979079,4.484542965043535,0.2727857717970582,99.04886366371997,Critical
2026-01-02 16:23:00,Normal,0.09511990967326961,65.39133294180193,31.540762790619866,6.197889418806763,1.8549295810787327,0.12971522928328622,46.37180765603088,Moderate
2026-01-02 16:24:00,Thermal,0.7953944190075677,186.9548102494628,27.448174224714773,11.023572291468552,2.589457812012773,0.26068803768500115,80.5199005814651,Critical
2026-01-02 16:25:00,Corrosion,0.820656690356197,196.28995610249171,21.91261573568947,10.577995193802321,3.0263876132024494,0.3048944532443807,93.41182716449784,Critical
2026-01-02 16:26:00,Normal,0.2392936113795973,122.31815513059883,18.147833980982913,11.539667924845896,1.216702749485103,0.09948627693585768,80.24628226687224,Critical
2026-01-02 16:27:00,Corrosion,0.8148697154902479,123.60428085233721,24.92443245537332,11.644916106819638,1.9991228972512098,0.2933607009315764,84.89943855372286,Critical
2026-01-02 16:28:00,Flood,1.0310099684165837,143.33877686274732,30.63109323976162,7.027761314375537,4.4561309655085894,0.165705352307854,79.77486032113765,High
2026-01-02 16:29:00,Corrosion,1.0088901776338175,166.03935506215907,22.611859214502108,9.71080390169475,3.099295140968532,0.3564457074513287,92.68072720526894,Critical
2026-01-02 16:30:00,Fatigue,1.049086202085716,140.14027450444885,28.48474290461864,7.827533836869363,4.41720953364527,0.3421744648617579,81.93088577107568,Critical
2026-01-02 16:31:00,Corrosion,0.8783368807275287,150.14084667604223,20.617851010445772,6.937621508486499,3.6072133311295467,0.3983426428497439,86.23361733326186,Critical
2026-01-02 16:32:00,Wind,1.344579713472729,157.08109873796874,26.83055903948018,5.862498798154103,4.58854111135324,0.22667228481796592,79.8415784169382,High
2026-01-02 16:33:00,Normal,0.20599875373019558,105.77968324792855,22.264780479006347,4.141660454400384,0.045986805407086884,0.2706761383053168,38.75119724172621,Moderate
2026-01-02 16:34:00,Corrosion,1.0001740279143176,131.04518135020322,27.610097490527863,9.9351028656041,2.4532397506429833,0.34286240508545046,79.31988429287506,High
2026-01-02 16:35:00,Thermal,0.8004258405301686,149.33302179213769,27.49460265196234,7.801934884598778,3.769364755401848,0.24542143622336882,72.57860338530182,High
2026-01-02 16:36:00,Wind,1.3275516980691942,132.97779659031397,22.048169318812,6.801894790253925,2.765169305864032,0.28586853175560745,84.37225152818394,Critical
2026-01-02 16:37:00,Flood,1.0800160899957056,162.09323364058793,24.7056326105553,4.630942002595055,4.053065083812231,0.20518831548079708,71.42918571243841,High
2026-01-02 16:38:00,Earthquake,1.8145686690065936,169.81052600877044,23.329215688790036,19.735537806441698,3.969295419981425,0.29633522418220054,100.0,Critical
2026-01-02 16:39:00,Corrosion,0.8497495454490731,147.38418261620575,21.430376498812937,9.2754822591245,3.3364439834946946,0.20790125444215762,88.61402564147946,Critical
2026-01-02 16:40:00,Thermal,0.7500766848096632,176.59906415421398,35.41372912644709,5.527792491200341,4.809990393936057,0.1595379486077635,80.54042674366535,Critical
2026-01-02 16:41:00,Normal,0.2560633239971482,115.79519886932619,26.199125677745375,6.385350379108629,2.7746001153316247,0.3076577986872494,55.247444525568916,Moderate
2026-01-02 16:42:00,Normal,0.3217889167216019,142.99510850479982,16.98887275463167,11.56755823341826,0.14925905255926564,0.059835846138484666,78.48194037177399,High
2026-01-02 16:43:00,Wind,1.1839510855202664,112.59917860290429,24.883595962026572,11.961387078937685,4.888371404316185,0.32791163824848757,100.0,Critical
2026-01-02 16:44:00,Wind,1.1596701755950514,145.64092465898514,32.57355856909132,8.461203607085597,5.862238226729583,0.35085641015080843,100.0,Critical
2026-01-02 16:45:00,Wind,1.1649373972657782,158.0922155269018,24.19320683371312,18.05687506396083,6.837016010161739,0.34459993855583615,100.0,Critical
2026-01-02 16:46:00,Normal,0.32939812908664423,168.08326698016148,35.488719390668145,0.5477394408711334,2.475075737468689,0.21562308883191839,42.3796559603413,Moderate
2026-01-02 16:47:00,Earthquake,1.8880129164079884,132.60119791850275,23.716689725192055,12.781964163869503,3.9955800761146447,0.47971202539597396,100.0,Critical
2026-01-02 16:48:00,Wind,1.1316279588985303,154.99475345268058,30.517040279082273,6.699787099901449,4.474677978024429,0.2803262270050664,82.41169975630547,Critical
2026-01-02 16:49:00,Wind,1.131512971404201,193.81722127290658,33.18319292295506,7.87999367008036,5.636033598341465,0.32300405165521695,99.73654491592072,Critical
2026-01-02 16:50:00,Flood,1.050348713573369,131.17448986832818,30.250969861557166,10.053229054947911,3.492911820249696,0.26851507896274157,88.28010412743434,Critical
2026-01-02 16:51:00,Corrosion,0.9772025651805805,138.87902973935826,21.12753012679485,4.513070526395829,4.363108922882558,0.37220204730001455,80.40187202636557,Critical
2026-01-02 16:52:00,Flood,1.111679224665005,159.0934746263885,23.28765711539218,8.929263243531231,2.8403970011223123,0.45998927387799005,90.49743926600104,Critical
2026-01-02 16:53:00,Fatigue,0.9748518230256071,157.6127138430695,33.85035495193291,12.942027268224082,4.17235325312685,0.20448529918708996,100.0,Critical
2026-01-02 16:54:00,Flood,0.9988739224006511,189.94426188636038,23.976942718340112,6.670279026237347,2.1695795151701276,0.12951193259165403,69.30507034793578,High
2026-01-02 16:55:00,Wind,1.110551715624839,168.6118452518308,32.878382569511025,5.929144820173533,3.089664618163282,0.3615305255215217,78.45416106570003,High
2026-01-02 16:56:00,Flood,0.9985989982467793,183.9943223878555,25.84857639092528,8.782084693532774,3.673879352718144,0.3776298307388567,85.88459948059409,Critical
2026-01-02 16:57:00,Normal,0.37835279968282837,110.99979106725222,28.707186596095756,3.9849755298458724,1.6366432694235642,0.3365581850598764,40.403885623272046,Moderate
2026-01-02 16:58:00,Normal,0.13619194809735863,101.48686471874258,21.06946361489524,3.2143169889965932,0.6993825057242535,0.23903122809733246,38.796033991258966,Moderate
2026-01-02 16:59:00,Wind,1.0554907765375847,151.7569201745091,24.95866212643751,6.534961771647159,3.540343801915044,0.42766247669497653,79.35262496461611,High
2026-01-02 17:00:00,Fatigue,1.008715667725312,124.02242266580996,23.623468097801393,11.057553743558366,4.129655048467996,0.4328048586301048,100.0,Critical
2026-01-02 17:01:00,Flood,1.0429848482060795,162.88779240525236,29.127998252790867,10.98579053432519,3.5937724128897814,0.40918222173046936,93.23900822948383,Critical
2026-01-02 17:02:00,Normal,0.2996603856512605,110.35304718111885,28.465987898579414,1.8030597966305377,2.0609375698708687,0.2504928408130519,30.338015758653086,Moderate
2026-01-02 17:03:00,Flood,1.0549958747889225,134.00527750056312,30.313249481228173,6.41823906618872,4.411968803085738,0.1894232349645182,77.170938213212,High
2026-01-02 17:04:00,Normal,0.3440548322584813,132.46646024052504,25.547387484536635,5.4094759820171765,1.6568372992667535,0.17933105153293144,46.63265764790408,Moderate
2026-01-02 17:05:00,Corrosion,0.7139531524612858,115.60710555064279,23.34884964352711,5.405085025737,4.679177883051914,0.2920030895247334,74.50667048681326,High
2026-01-02 17:06:00,Fatigue,1.170066923068715,172.26255534639486,28.913645427721537,10.035985948090365,2.810728933898587,0.29201522934451035,85.44308405697063,Critical
2026-01-02 17:07:00,Flood,0.9950323743962967,138.84156528771598,22.85205548496483,13.604139585848188,5.608002553059519,0.28895152337209506,100.0,Critical
2026-01-02 17:08:00,Flood,1.0785195447843894,179.77741110235462,33.39211263211294,9.020531956315057,4.793038630494262,0.4173782450950323,100.0,Critical
2026-01-02 17:09:00,Normal,0.14412596585894366,110.18156054426082,27.427388067054437,1.3591508976822757,1.6440022194877781,0.1194534653049309,21.529536404805555,Low
2026-01-02 17:10:00,Earthquake,1.7903965357607257,197.3977416639481,26.36932445147522,14.576310491965245,5.070681295768919,0.4679241890293322,100.0,Critical
2026-01-02 17:11:00,Fatigue,1.093901661647121,157.48905934432264,30.310878113751055,8.967035811441153,4.0067355916117355,0.32531532999033846,88.90428634899749,Critical
2026-01-02 17:12:00,Corrosion,0.9474600829998736,162.79754684286218,27.61817750284142,7.849528887526059,3.9186709298719773,0.19939740886093366,75.32890589044734,High
2026-01-02 17:13:00,Wind,1.0581796301913788,160.1486723036907,19.70974141582402,11.525968618636366,5.134548275233457,0.2298718801397137,100.0,Critical
2026-01-02 17:14:00,Earthquake,1.7924602038827924,140.0150646914189,22.69285050305283,15.473112208334976,4.019408751984916,0.2678947941215868,100.0,Critical
2026-01-02 17:15:00,Normal,0.16318117670862856,145.2198384810533,33.28854351932307,5.106506496419914,2.437442622061247,0.21884616239590182,52.68077533117254,Moderate
2026-01-02 17:16:00,Normal,0.290439683536662,117.80792693855231,28.419421739222912,4.817959049872149,0.11651425246271518,0.1749404149279169,31.190635397504355,Moderate
2026-01-02 17:17:00,Normal,0.3121773229164901,139.73790193387032,19.592160988182794,11.190624471420172,1.8226995141645166,0.11393780560185801,80.8770280282776,Critical
2026-01-02 17:18:00,Earthquake,1.892973619400647,198.8561619217214,29.76056033357583,17.001661996721893,6.813912503787458,0.25391159004511554,100.0,Critical
2026-01-02 17:19:00,Thermal,0.75719764365533,122.66758797471645,27.203705900651258,10.500638354195505,1.7823909677815015,0.29461687214791127,73.64777432239025,High
2026-01-02 17:20:00,Wind,1.2591781188551032,134.53011487061758,23.62750023745609,10.493617837640588,2.4407622139683376,0.3021018165119747,93.44786284977037,Critical
2026-01-02 17:21:00,Normal,0.3588721269981643,136.3838775362251,22.27563637183077,1.9827702923150783,2.220795099547976,0.12290452225194559,41.610673405492676,Moderate
2026-01-02 17:22:00,Normal,0.11854024241156266,112.41877426473715,32.999647356593435,8.382159157801983,3.3874291641726018,0.10287680602793374,66.47412197393402,High
2026-01-02 17:23:00,Normal,0.298987593607876,143.41073198666243,18.17250813997325,5.432882440154064,2.325395451085322,0.16091398692613873,63.87311236146855,High
2026-01-02 17:24:00,Fatigue,1.1516809003024084,148.54497642842443,23.81233962780255,7.768492958530599,1.8953821031184486,0.33759971885914075,78.40706381472906,High
2026-01-02 17:25:00,Earthquake,1.769301889089005,207.1852444362072,28.600633829556212,12.670578639236915,3.676871586953726,0.377601361246292,100.0,Critical
2026-01-02 17:26:00,Corrosion,0.7581381137979915,154.78261210522754,35.89181534451748,5.4014523012855555,3.4177464329294196,0.17291789381628195,74.02326721377531,High
2026-01-02 17:27:00,Fatigue,1.1504364604887731,160.19937484285373,30.769290981751595,12.671987128957586,2.6207575807042325,0.29535000359716096,98.23806348357289,Critical
2026-01-02 17:28:00,Normal,0.15403929379537945,110.64972003149315,23.76987692233599,7.049111249365358,2.1366862939056563,0.2636437973802094,56.85011322404521,Moderate
2026-01-02 17:29:00,Flood,1.0057318852391277,156.61069035153793,35.64676727053407,9.744897384585052,3.8759951132669395,0.29522140729953683,99.88925133776668,Critical
2026-01-02 17:30:00,Thermal,0.7967900753757338,171.82131787381775,23.22438300147514,7.87164327912419,2.7102424893422894,0.26547388338354305,76.80255453965363,High
2026-01-02 17:31:00,Earthquake,1.8472430441363201,180.244613533417,29.32668082677577,11.35799336825047,7.174754293948813,0.377946483457746,100.0,Critical
2026-01-02 17:32:00,Normal,0.1998694752389974,133.2793610920964,30.438923228761073,1.3902179312755614,2.590467204934292,0.10882689515483164,31.34661737404251,Moderate
2026-01-02 17:33:00,Thermal,0.7452333048937716,143.15900190624265,25.594422083997795,3.7612193100197997,4.411590878794176,0.18616820669170273,61.2560767089054,High
2026-01-02 17:34:00,Fatigue,1.082913238301049,156.11510106863557,31.487965259441268,7.27206398144213,4.7205817582716225,0.16705167465984677,84.97653548854072,Critical
2026-01-02 17:35:00,Wind,1.2655112382095801,200.48526892345748,25.430549355295202,7.421100853958441,3.889926438050132,0.4104980669109721,88.0498392282862,Critical
2026-01-02 17:36:00,Wind,1.3679960000522517,187.4432507759888,31.475712137589824,10.968081873848195,3.845552748660652,0.35299633408382797,100.0,Critical
2026-01-02 17:37:00,Normal,0.12940150401769804,121.98509537989295,18.802022537068957,7.4344812259199635,1.7023799631712295,0.18659894714023173,64.5295194830789,High
2026-01-02 17:38:00,Fatigue,1.1002273614229263,158.36135219840085,29.67488045114437,9.114682343296893,4.481102252500244,0.32364662134219113,90.69423756732087,Critical
2026-01-02 17:39:00,Wind,1.0980771979012567,139.8532374112258,25.939466636531975,14.326750805364304,3.3896348226281363,0.34316235169799125,100.0,Critical
2026-01-02 17:40:00,Normal,0.3315048994565394,115.67571134337616,33.74851891483911,2.6513068412401086,3.725032942034568,0.1212362967796062,50.958934241242886,Moderate
2026-01-02 17:41:00,Flood,0.9449164362152613,158.53494468871537,27.780096351145247,8.793388619755167,2.934130696327607,0.26597901365653576,74.93376236045744,High
2026-01-02 17:42:00,Thermal,0.7460281425454142,163.2653397392282,36.2461476686006,7.8470384621672125,3.4144750722970283,0.2220633058093907,85.31724673304778,Critical
2026-01-02 17:43:00,Fatigue,1.0278583312748804,171.73052242277296,30.53806382516526,12.776558986503256,3.5709191879540514,0.5009139213500003,100.0,Critical
2026-01-02 17:44:00,Normal,0.2439040849024157,92.26852360238723,27.362457704759212,5.317661246246535,1.5492066856134734,0.2616161633164868,41.0519608963183,Moderate
2026-01-02 17:45:00,Normal,0.2758558077486966,144.4245682669658,31.938346548071475,5.400706743674386,4.172346852463613,0.19343058278603137,61.38805159158905,High
2026-01-02 17:46:00,Thermal,0.8386961114886811,139.7806580155612,33.97029232263561,3.035470654976235,2.760945658587537,0.3692787420103748,62.146794765376946,High
2026-01-02 17:47:00,Thermal,0.7995385963053774,117.32521610806155,32.35955002245607,5.300279872367735,2.895278819007573,0.35917505956067336,67.36531332495497,High
2026-01-02 17:48:00,Wind,1.0786087182047535,190.80961843579806,16.538493126874084,13.387856821092749,3.37586640154411,0.2055580553947997,100.0,Critical
2026-01-02 17:49:00,Flood,1.0782228920248151,187.3819749184488,23.08719754617801,5.42602679079155,3.7210406156889224,0.27417173751400337,77.8508940294856,High
2026-01-02 17:50:00,Earthquake,1.7857633069069578,188.1936745585165,34.92052923252962,17.42897795729188,5.258693632657306,0.40269404825531313,100.0,Critical
2026-01-02 17:51:00,Earthquake,1.882938783201176,199.31984004763086,21.72027072282367,14.89899346686269,4.2407468692956956,0.4529222359185653,100.0,Critical
2026-01-02 17:52:00,Normal,0.19338089764160507,139.1862302186108,32.41230575032903,2.757436014908734,1.5756301356523437,0.16208058037660533,36.636164986817505,Moderate
2026-01-02 17:53:00,Normal,0.12181802181192045,154.89430382030628,31.532263283898345,2.5038530707781375,2.6096865427839617,0.1721175107929699,38.20730862048259,Moderate
2026-01-02 17:54:00,Normal,0.247277919785354,138.2017131357931,24.371238192089855,10.68786589954492,3.026986849421954,0.1430920938166928,74.65821254239087,High
2026-01-02 17:55:00,Fatigue,1.1786762150627412,119.80779306403578,18.023841864416376,13.734217419438263,3.82400061296548,0.38391481300680863,100.0,Critical
2026-01-02 17:56:00,Normal,0.2628753709292841,170.24519372427818,25.155437010260368,4.641677685369507,2.0589947906532093,0.06453276458175558,43.50857060045906,Moderate
2026-01-02 17:57:00,Normal,0.23402641606617147,146.64142223700108,38.39007521816505,5.403775188357137,1.6390049282347234,0.14581161827461292,60.06690604933241,High
2026-01-02 17:58:00,Wind,1.1153722385874054,144.6618948681809,23.683613538953228,8.161455917269183,3.537558298042117,0.1685059204483118,84.68010905165102,Critical
2026-01-02 17:59:00,Normal,0.3906213173344658,94.25937319106475,24.028713277003646,5.404351933478315,1.0804269701176974,0.0976288445481396,45.44728766182052,Moderate
2026-01-02 18:00:00,Normal,0.16763179240921766,132.62033576010208,23.012087948450866,2.978288934292114,0.4433505457610487,0.2053741973097522,33.20700642769526,Moderate
2026-01-02 18:01:00,Wind,1.1269684593897409,150.4434990408105,34.0739223827476,9.86437092747746,3.337553325893463,0.3428923431968518,97.45857253416561,Critical
2026-01-02 18:02:00,Earthquake,1.835602735686722,189.84988384997396,26.78542144187447,18.830988139294224,6.264052867340514,0.37894466463674753,100.0,Critical
2026-01-02 18:03:00,Flood,0.8715183448090569,169.3851710319566,24.870468855254305,8.913157860348722,3.2555830573028226,0.3819188116910222,83.80041091297704,Critical
2026-01-02 18:04:00,Thermal,0.9019672532305072,127.83895280008011,37.067370085976755,4.8559343561791195,2.853981316305958,0.36832343098394316,76.99471764446133,High
2026-01-02 18:05:00,Normal,0.29993544913738845,92.09730018289156,30.897470439677683,0.9008838560450778,1.634514800285353,0.17446181317760215,27.767952429924318,Low
2026-01-02 18:06:00,Thermal,0.8719384857448889,151.64546169679946,25.403548791448703,8.38135327209344,4.444707665832734,0.2800346285115368,84.40698820179807,Critical
2026-01-02 18:07:00,Thermal,0.8446493609559724,128.66530361807565,23.8820804446911,5.717314536521629,2.2716174294686624,0.22379644462212805,64.0111843695788,High
2026-01-02 18:08:00,Fatigue,1.0621101186034905,156.65239464330995,33.790849824399864,10.239809425947609,4.077053338389993,0.35015101771612206,100.0,Critical
2026-01-02 18:09:00,Flood,0.9349481031875662,117.21683907594338,28.08394081870858,4.3414907206143605,3.611533866429836,0.19647516159802822,58.06703572153146,Moderate
2026-01-02 18:10:00,Flood,1.0087939647020032,144.49543188813408,20.254679900719438,11.270750403727646,3.747926825094769,0.43566678475034193,100.0,Critical
2026-01-02 18:11:00,Flood,0.9419810950597892,168.6737972759999,19.084421565532253,6.019505384620984,3.9243504071164503,0.38319882101825803,88.42029728337454,Critical
2026-01-02 18:12:00,Corrosion,0.8938924248061108,159.34831269116995,22.41980642400121,8.438891777832017,3.37716494026807,0.17208589168471178,83.85765828994187,Critical
2026-01-02 18:13:00,Normal,0.31454238644384813,100.29105072816829,21.80257705948485,3.985090347680085,2.7930218866509193,0.11687852195994541,51.87113196938055,Moderate
2026-01-02 18:14:00,Thermal,0.9181446904958567,112.7933907670487,19.769615145492818,13.155166886836609,3.170742672037071,0.29369990112358607,100.0,Critical
2026-01-02 18:15:00,Wind,1.2147414112442292,157.7940922437948,22.50246506675752,10.614467520288581,5.784376393425697,0.2889399117053103,100.0,Critical
2026-01-02 18:16:00,Corrosion,0.928966028527615,158.2258199254852,23.40459719178073,14.136415844343784,3.364479938966846,0.31156796389773195,100.0,Critical
2026-01-02 18:17:00,Earthquake,1.7662284210215886,191.72937850481378,25.68659355807715,15.082227200187258,3.6565331173997304,0.3752482922387115,100.0,Critical
2026-01-02 18:18:00,Normal,0.21173782895934443,107.19600389096725,36.46455022563856,9.276217766937437,2.6383103581437317,0.3019849406496047,78.40206123274402,High
2026-01-02 18:19:00,Wind,1.2228937512653442,164.8456110621651,26.665783639508632,9.473605380731238,4.432096805259782,0.3166645594161043,93.40260886159164,Critical
2026-01-02 18:20:00,Wind,1.1540821701826474,194.95888678189988,27.162125811278926,11.136509148470967,4.0725450317619245,0.5096444104806997,100.0,Critical
2026-01-02 18:21:00,Earthquake,1.8115348631062127,186.72861718272569,30.546276818994713,17.055930767056864,5.100428684378855,0.45221402376902636,100.0,Critical
2026-01-02 18:22:00,Normal,0.16510462485316632,79.1713016045345,26.8134096446672,7.7148798457521455,0.11461906645978592,0.07204765294014931,39.49961985513441,Moderate
2026-01-02 18:23:00,Normal,0.1794697854018959,125.08000845251605,30.00076481943354,6.592979834553707,0.0531559377343247,0.34691972667785975,42.36568003533442,Moderate
2026-01-02 18:24:00,Wind,1.2358327440814634,208.49892428031524,29.403074384758668,9.116195501636815,5.687519220497482,0.4038943163896413,100.0,Critical
2026-01-02 18:25:00,Earthquake,1.8609352060324877,149.41522967211012,28.612942827996218,12.923670518579836,4.774497396900613,0.4344118100064783,100.0,Critical
2026-01-02 18:26:00,Thermal,0.7211475064826656,142.74311654572557,43.83233042209479,11.41298585481007,4.165620427552208,0.3117306764958742,100.0,Critical
2026-01-02 18:27:00,Normal,0.30364914484051364,114.34161417419664,32.55562922022176,9.03773374619642,0.39696672675953826,0.08487625883062497,56.298633380242926,Moderate
2026-01-02 18:28:00,Normal,0.207381146157178,122.3970739818766,22.591390076466347,3.221411812160981,0.9531417046317343,0.035649911173098875,35.046281982488665,Moderate
2026-01-02 18:29:00,Normal,0.2513204140960248,124.85630382884429,29.85111093094582,2.7687230769350903,2.678640946881716,0.1766600233998915,38.12138024788627,Moderate
2026-01-02 18:30:00,Wind,1.2983555532632518,185.8992996515731,24.041315966701397,7.38759863518935,3.9374989643013674,0.4263016271319334,91.54527406970308,Critical
2026-01-02 18:31:00,Wind,1.249598978721836,159.51958216002026,30.23125382029927,12.589101847190467,4.577667171989379,0.34765670746148847,100.0,Critical
2026-01-02 18:32:00,Flood,1.0836697590417754,182.73148893030117,21.12406291445865,6.411574933812442,3.6663674340701924,0.42873371979273156,88.24244049644997,Critical
2026-01-02 18:33:00,Thermal,0.9527032286765573,139.05860853033795,24.461102759580108,10.452810218065242,2.992328035993391,0.3656976626553752,90.08494653058858,Critical
2026-01-02 18:34:00,Normal,0.19368965271601618,111.24658065063417,29.719537812450636,6.637071029363039,1.3199561718251096,0.18164869654283622,45.345669339849735,Moderate
2026-01-02 18:35:00,Corrosion,0.7761300020005965,127.47042542403486,32.98834556799012,6.664724466902658,2.125997344069999,0.36270055370617804,70.05899338429545,High
2026-01-02 18:36:00,Normal,0.19223021838171275,74.57282427199618,30.513221743765065,9.691577941553799,3.402701289732499,0.30180763086837836,71.0412538258054,High
2026-01-02 18:37:00,Normal,0.2296399157274708,126.894535298146,32.27058667267609,0.6132232756963196,3.567309106129881,0.17358544231336984,38.37277005888862,Moderate
2026-01-02 18:38:00,Earthquake,1.6016359508566484,232.95000721179608,29.86909279381923,18.37859779927568,4.321297045255816,0.38689795515641423,100.0,Critical
2026-01-02 18:39:00,Normal,0.23340574106425516,131.45588693214654,28.86248049516166,5.956657592736489,0.8959208979930517,0.19123603898665936,40.04095385692963,Moderate
2026-01-02 18:40:00,Flood,0.9764343414484071,167.968683854042,25.481533628707815,5.4203990699760745,3.3322268575779077,0.11199999999999999,65.9949177658223,High
2026-01-02 18:41:00,Flood,1.082700781391824,140.4742168746386,32.065009043583984,13.97563890746484,4.020435014863152,0.3144345521260674,100.0,Critical
2026-01-02 18:42:00,Corrosion,0.8831935503208033,138.09166521815825,33.12439616413321,11.216637512659966,3.138181792043331,0.3256350386467851,95.05081591446638,Critical
2026-01-02 18:43:00,Wind,1.136944269778453,182.01603720833157,27.684421543351124,8.815364949760886,4.5395200652477214,0.3275608873132401,88.22759853598035,Critical
2026-01-02 18:44:00,Flood,1.0671968676290322,201.01734100724553,27.41536979110671,6.3058383042758095,3.6307510523886344,0.3195739536289099,73.12655581760637,High
2026-01-02 18:45:00,Earthquake,1.8478610447859016,218.79869839492048,35.957029058611184,8.692799768484843,5.2453688585507665,0.4005218899520397,100.0,Critical
2026-01-02 18:46:00,Normal,0.18851633681668714,140.13111574320055,27.897891100918887,12.246338485431174,4.413078736769869,0.02023824880365549,77.53490804828004,High
2026-01-02 18:47:00,Normal,0.2105580595694065,120.87876448476273,28.378429351829844,2.229854377514468,1.474796748404693,0.3130075808722692,28.650259244416922,Low
2026-01-02 18:48:00,Flood,0.8419709450321614,156.0429728566831,30.421129538764475,5.4092343139972225,5.319946892824547,0.26257369220786253,75.7695077793813,High
2026-01-02 18:49:00,Thermal,0.7127472020504573,123.16231701429365,29.510968720229233,8.803757373050448,4.646863067680864,0.21057838979758614,80.30806463058664,Critical
2026-01-02 18:50:00,Normal,0.19060243516611372,83.79581196743356,23.898298386284523,0.0863195997166546,2.504093506584649,0.28863862227614623,31.203812808595302,Moderate
2026-01-02 18:51:00,Wind,1.1909332941284818,129.23004105600148,29.88982787761761,7.155354804666331,2.1138681635504746,0.3942960374768972,73.83068449955775,High
2026-01-02 18:52:00,Corrosion,0.7793693856512149,145.44500086304845,27.806224949888392,11.284907582481406,3.3510574903629617,0.2898452684780622,84.14634167182552,Critical
2026-01-02 18:53:00,Fatigue,1.0339238410360714,145.70019346433307,37.21124878237248,10.892631784458139,3.285305242604453,0.3615495778479676,100.0,Critical
2026-01-02 18:54:00,Wind,1.0869735454733922,120.66395738200788,31.94224275146188,8.940890120781853,4.0600906914404735,0.22360093314476143,89.71079129125644,Critical
2026-01-02 18:55:00,Flood,1.0336891118825018,149.86691552375657,25.022588567784993,9.254920018794138,2.617033207612118,0.28552845007843614,82.50318957239166,Critical
2026-01-02 18:56:00,Corrosion,0.8890571675667926,136.2392418883514,31.64530109595188,6.9725884093999895,4.076257949050053,0.37158272875658,80.70607006256502,Critical
2026-01-02 18:57:00,Fatigue,1.1071892278735858,123.67877861789799,29.5393291736549,9.314006571892882,4.784985027111066,0.2458286544695864,90.84014966773591,Critical
2026-01-02 18:58:00,Normal,0.25098889055242074,110.74552473449823,34.54713150972756,2.7145658523210434,3.1700243020669414,0.10013333560049989,48.11626745504755,Moderate
2026-01-02 18:59:00,Thermal,0.6767141602798885,133.97617498209138,27.377728935854805,6.259282041417718,2.8178212836154657,0.2662883162269352,59.75639243883906,Moderate
2026-01-02 19:00:00,Normal,0.20040370688857193,104.58407150188833,28.943380741797622,3.1679655873637014,0.9405748979532267,0.18816456088782352,28.13824042982529,Low
2026-01-02 19:01:00,Fatigue,1.0424154662145213,176.1667541193985,27.50453175453754,7.322417444432736,4.151681416470785,0.3518057679872014,79.30599714078997,High
2026-01-02 19:02:00,Normal,0.21773637496634998,72.4274609476672,28.292397115291497,8.131732989249445,3.7560743221487414,0.06974780502082845,58.3705073351517,Moderate
2026-01-02 19:03:00,Normal,0.2559984974391869,70.35502523222573,23.574005254980253,7.310352176039158,2.069389634613534,0.0,54.31470977534922,Moderate
2026-01-02 19:04:00,Normal,0.3640433097896815,120.08214461122729,30.879558339565882,2.202910194827152,2.4522970861121,0.25369855419510956,40.113075043729204,Moderate
2026-01-02 19:05:00,Earthquake,1.854967697014768,184.00317973480765,30.089821379247486,9.816818622372285,5.125076554118002,0.31736144214362005,100.0,Critical
2026-01-02 19:06:00,Normal,0.17099857761210444,130.10537840047434,34.42611808460897,4.5281700706081525,1.496529794104237,0.1312007711055049,46.22905051029725,Moderate
2026-01-02 19:07:00,Normal,0.3042722300237307,106.52566229302265,27.949870740066096,11.465862794868638,2.6582759386044987,0.00534116144368349,66.74559236005271,High
2026-01-02 19:08:00,Earthquake,1.8412241894132588,158.65190487269172,25.940802458759325,10.316884388910356,5.253933232661134,0.4858330145620446,100.0,Critical
2026-01-02 19:09:00,Earthquake,1.7255146021638748,181.41709668262632,31.946471889720186,12.916326830887877,5.76352291152933,0.4320270579258024,100.0,Critical
2026-01-02 19:10:00,Corrosion,0.9229092738108352,133.1605466163001,24.02897809200158,8.566161241152987,3.8275068572770277,0.29281556352407584,85.62415997811573,Critical
2026-01-02 19:11:00,Fatigue,1.062169869124379,191.77678511639238,33.42492267541979,9.17407347786455,4.147516839138908,0.3242764067351629,96.69173855555914,Critical
2026-01-02 19:12:00,Flood,0.9072037207988444,142.69431875187018,33.41420998706852,7.8253703773415335,4.23785531938774,0.12718702767748113,84.5067092905494,Critical
2026-01-02 19:13:00,Normal,0.28641621797097133,118.67037120707305,34.28639450567204,8.465239916595662,1.1469942672399085,0.10118672092736755,61.28163959582369,High
2026-01-02 19:14:00,Normal,0.2673569458891619,181.88545348994856,29.883114923397468,6.363375868830363,1.0859706436531686,0.14386183116430434,45.32546269016369,Moderate
2026-01-02 19:15:00,Thermal,0.7817857896651338,137.13099433173284,27.56751808701117,10.537415971235227,3.1573783933927437,0.20010057830909322,78.94383219938956,High
2026-01-02 19:16:00,Normal,0.24700375320133605,133.90392162997728,28.545938631526813,6.768139848998992,1.9814386797387524,0.15827907602830357,47.776991573216456,Moderate
2026-01-02 19:17:00,Earthquake,1.732473161688923,197.75773583465883,29.900344475396032,16.081844965417957,4.837677173280371,0.42369597621430355,100.0,Critical
2026-01-02 19:18:00,Thermal,0.8488104403037688,160.28504109295537,27.19929177406062,12.753217498922188,3.4410002964146758,0.3405150653004153,94.11227777018942,Critical
2026-01-02 19:19:00,Thermal,0.7965239492392859,149.2371816352813,36.66558144462608,11.993131900365004,4.108217430834039,0.14158367783674397,100.0,Critical
2026-01-02 19:20:00,Earthquake,1.8033159075158582,186.44601986026274,30.900420837842717,20.37441187878774,6.547511874153486,0.4032931690561218,100.0,Critical
2026-01-02 19:21:00,Flood,1.0485713539543098,153.30835724592788,23.538885223389975,12.852023844221574,5.092261872647156,0.3489234943139021,100.0,Critical
2026-01-02 19:22:00,Earthquake,1.6976331508458942,167.20015244415566,37.41436838232889,11.391659670417479,4.045198336942815,0.3300733464022544,100.0,Critical
2026-01-02 19:23:00,Corrosion,0.783457358249436,152.33797007098173,28.486946375850884,10.841936125417487,2.1570014262915747,0.2525733780985697,76.51728110037136,High
2026-01-02 19:24:00,Normal,0.07320444323070327,170.7161459356148,22.529484785750068,7.131305536953786,1.7103546065583537,0.21732416923898795,56.32043126040229,Moderate
2026-01-02 19:25:00,Normal,0.29517938067923255,150.26704772408894,23.848729386263628,10.760884715696566,2.0802865410073763,0.18089670875836125,73.02168926420617,High
2026-01-02 19:26:00,Flood,0.9230231981002587,158.39795055561592,35.43891798582672,6.298524449971132,3.441581996143011,0.34593582084528507,82.9722692032739,Critical
2026-01-02 19:27:00,Normal,0.2606055767916522,141.39574495264975,37.12492458108411,6.67385324417881,1.4473606698174506,0.1875758517639677,62.79445461111956,High
2026-01-02 19:28:00,Flood,1.0496790579951643,129.07060228173367,33.04742526740459,7.156788965699127,3.3755817598026274,0.2670509968268604,81.62432702448648,Critical
2026-01-02 19:29:00,Earthquake,1.8381882271114016,175.08719614500703,34.59654324293568,14.937635312300403,5.843313822432503,0.31018321961089,100.0,Critical
2026-01-02 19:30:00,Fatigue,0.9786786468931153,176.69624610460139,34.08307729399306,8.855760006200843,2.4703775532079675,0.31977348451309306,86.4937531740239,Critical
2026-01-02 19:31:00,Fatigue,1.069787070548745,190.1791798364548,30.78458076382033,10.938406412572665,6.143357172587103,0.30799782219938965,100.0,Critical
2026-01-02 19:32:00,Wind,1.3186224336630201,138.12834569761554,29.64520893905463,5.8689854417557275,4.060993543384299,0.236573437775552,77.55116327050504,High
2026-01-02 19:33:00,Corrosion,0.9921451743987454,132.11029226442108,30.69931597238304,10.679679444667693,4.370847394228726,0.3145644659876211,95.87034548229465,Critical
2026-01-02 19:34:00,Normal,0.3289858475221561,174.5343948469634,31.680077215716473,5.6181785455583,1.4199951050354924,0.2814338805072016,51.062018350617386,Moderate
2026-01-02 19:35:00,Wind,1.2119994511055072,159.80653124422432,24.29200996736801,10.556578645315714,4.614349592524769,0.26319255456287916,100.0,Critical
2026-01-02 19:36:00,Normal,0.1695914888923698,165.58404931750948,31.65979364656055,10.850684899541989,2.1000910728285755,0.12178942845776328,69.4481516554495,High
2026-01-02 19:37:00,Fatigue,1.1324897300312844,158.1714329318948,35.293084236485086,8.35254980519653,4.6568083938882925,0.23886811544629452,98.81193667456827,Critical
2026-01-02 19:38:00,Fatigue,1.062358301700253,159.1545070581359,26.968137858354844,10.526796274315945,3.6013530821762476,0.16570707582501923,87.14763271393669,Critical
2026-01-02 19:39:00,Thermal,0.8448422620218277,134.36272780850257,28.433761073391015,8.300812097117765,4.751563567089678,0.4203585349500076,83.02073181674757,Critical
2026-01-02 19:40:00,Fatigue,1.0243725236118308,176.56387853775573,30.38273154619333,10.094117480722197,2.307944152512956,0.26408916955873846,83.05211406859007,Critical
2026-01-02 19:41:00,Thermal,0.7861653509728057,175.94443875759998,26.75171224795932,14.665411713928336,4.149373830198023,0.191323665806861,100.0,Critical
2026-01-02 19:42:00,Normal,0.263131788806114,94.12494424647832,21.41590691686247,5.191421277241246,2.118719755533048,0.0898579962408526,52.5755351801873,Moderate
2026-01-02 19:43:00,Thermal,0.8197022473195087,133.18873619448908,35.73859520052589,6.298160601535211,2.1816733016270566,0.2289626026884815,72.85156386697254,High
2026-01-02 19:44:00,Wind,1.22449781715682,180.2769631093555,25.745243699882835,15.712708386341664,5.99206587004711,0.2603832506669347,100.0,Critical
2026-01-02 19:45:00,Earthquake,1.743664401238008,178.3612840553918,28.092242893601046,12.476933703683112,7.2086977265675785,0.5190458549408443,100.0,Critical
2026-01-02 19:46:00,Wind,1.0775372438311839,145.06536328666974,24.949374794959674,5.284465558372834,2.1138707448234553,0.2161009747148956,63.705130840678756,High
2026-01-02 19:47:00,Normal,0.3799828031919836,145.23855384673504,34.383774074565,2.777468880713447,2.176784387345825,0.05691726149693299,45.23984074235464,Moderate
2026-01-02 19:48:00,Normal,0.44914033352186866,147.58633011781276,32.265880791420074,1.2602375178714325,2.7056625547307367,0.22414272658299295,41.8766734519877,Moderate
2026-01-02 19:49:00,Normal,0.2857936568961903,108.75894773319654,26.7963022942315,0.39989639894335394,2.441704808317815,0.1714234802952553,26.40307457754305,Low
2026-01-02 19:50:00,Normal,0.14408063242159116,125.30916319969865,22.10051317618624,3.9109549868955966,3.515529608278433,0.16216441309767074,52.78841739354336,Moderate
2026-01-02 19:51:00,Wind,1.12314439065257,127.18813010239418,26.265350975708998,9.889352104179704,5.347632707514615,0.3607708997043571,98.76473157114168,Critical
2026-01-02 19:52:00,Fatigue,1.1157294055240776,130.61297723803253,30.850763499748567,13.04158374538672,4.065187356317182,0.3109369309835627,100.0,Critical
2026-01-02 19:53:00,Flood,1.127289248934503,153.9041308033345,28.943178520398828,11.088204836186195,5.957103612411636,0.2882545930511772,100.0,Critical
2026-01-02 19:54:00,Wind,1.0879687492366514,158.1851696894961,28.545490222259936,11.851502924386,4.976846522707577,0.20354831184610878,99.47586490950236,Critical
2026-01-02 19:55:00,Earthquake,1.7800533743320879,157.42809770673415,29.05849379734906,10.72036998440684,5.0085855048220775,0.2705523880262536,100.0,Critical
2026-01-02 19:56:00,Earthquake,1.8056745651555175,163.7006518818606,31.793981157490798,16.054799785892342,4.807652405171648,0.3479657294967562,100.0,Critical
2026-01-02 19:57:00,Normal,0.31916627610286996,93.37389075111102,27.790703979674777,9.173698509196205,3.2433415029736077,0.09325080472808561,62.4343310807805,High
2026-01-02 19:58:00,Fatigue,1.0475119124479697,164.37649642283026,30.250067252297512,10.683712674638482,3.007045773469558,0.321536463881855,89.87186178004454,Critical
2026-01-02 19:59:00,Normal,0.12489482469424604,70.8090200827025,23.06540396127451,6.267552608893775,1.5902617205415228,0.03610280714321895,47.06323085029671,Moderate
2026-01-02 20:00:00,Corrosion,0.9046958047562323,118.9105692609951,40.769253884876626,4.505923100900064,3.080428108545152,0.23222719256518132,81.56934491456263,Critical
2026-01-02 20:01:00,Corrosion,0.9449836772136991,97.62646130419198,26.580703403418728,11.463307422815983,3.675653393276151,0.25415401133345794,90.41184454813151,Critical
2026-01-02 20:02:00,Wind,1.1783926830603872,167.87551509644953,29.017965039419888,15.442491646284257,3.8465416370384182,0.31282757763747043,100.0,Critical
2026-01-02 20:03:00,Fatigue,1.1074192073045146,107.93166124863247,30.832327623931054,10.468857197140512,2.4830291035198613,0.33191714101676323,87.80605372628185,Critical
2026-01-02 20:04:00,Normal,0.21204070164583433,120.79322996338851,25.946047437997297,3.2169281648975456,3.1620797379907635,0.15387678452072337,41.546809363888435,Moderate
2026-01-02 20:05:00,Fatigue,1.0073381764219285,193.98810039368558,28.039123971247314,9.014015432036473,3.395601351214885,0.24660063968316492,79.17500092369296,High
2026-01-02 20:06:00,Corrosion,0.9371140544437776,186.03584953177256,27.978376373283876,7.038737854962237,5.339935268799492,0.36755841203598333,81.73062470548626,Critical
2026-01-02 20:07:00,Fatigue,1.105999667825157,107.85231077052947,23.429809537133117,8.418651040519116,4.103990007259839,0.27439738491633325,90.12342366732578,Critical
2026-01-02 20:08:00,Flood,1.0592294879521507,158.2602400407739,30.19294712769819,11.143949191082177,4.947207484402159,0.40553042940434403,100.0,Critical
2026-01-02 20:09:00,Fatigue,1.1951692118395691,128.27571759048863,19.753890808706345,10.338392335011026,4.430861514180792,0.2739898200444521,100.0,Critical
2026-01-02 20:10:00,Thermal,0.7156126132545142,112.17159910724355,38.76354221208307,11.011809817914106,4.5150562714566265,0.2586984269384162,100.0,Critical
2026-01-02 20:11:00,Earthquake,1.7458378985472462,178.76325114024814,31.964854424891964,14.51270763433466,5.930338996264432,0.3929002121998617,100.0,Critical
2026-01-02 20:12:00,Fatigue,1.0876346679067757,183.70727892332815,31.19561178826688,6.907736078065452,4.035168833991806,0.31849748869058603,82.81512189812702,Critical
2026-01-02 20:13:00,Corrosion,0.8098549409791007,159.19147185550895,19.31678943783379,6.797923928451829,4.413234091856517,0.23441214440832386,88.28654132779513,Critical
2026-01-02 20:14:00,Earthquake,1.852650922821796,163.72147678792797,24.0373566335349,11.711476781636428,7.845972114592053,0.4116907978996599,100.0,Critical
2026-01-02 20:15:00,Thermal,0.7850080623276814,159.62584993525007,36.94672560402527,7.440589770144644,2.9302030613951247,0.3824651221276502,86.1946082146352,Critical
2026-01-02 20:16:00,Earthquake,1.7105973754002248,125.50729170295801,48.756206985198006,18.784141074243763,6.154926987725014,0.4879081431779649,100.0,Critical
2026-01-02 20:17:00,Wind,1.190261734015013,138.576355039169,33.973462325285155,15.964698774942883,4.0347550774898515,0.40045906748956267,100.0,Critical
2026-01-02 20:18:00,Normal,0.26362710166454306,99.40271138246874,33.18471705125475,7.509803601339757,2.5060590204930344,0.07264555425379998,60.78110022174831,High
2026-01-02 20:19:00,Normal,0.32477456503170643,121.95801729347328,30.624871140570942,5.3562913905008545,2.042158557576534,0.08559040466391096,46.46751439683161,Moderate
2026-01-02 20:20:00,Fatigue,1.106451272251794,147.9293009085,23.76251402144915,5.415043341486815,1.957742885710403,0.31742007382055915,68.21627139725632,High
2026-01-02 20:21:00,Earthquake,1.8268917113087868,178.06322265950286,32.975870416001655,14.060024917190248,5.159813282261823,0.46565903403647485,100.0,Critical
2026-01-02 20:22:00,Earthquake,1.815623334720578,177.23201174734652,22.493963314515355,11.029978110688837,6.359555072808535,0.3624691558046839,100.0,Critical
2026-01-02 20:23:00,Normal,0.23494219829664556,120.56018102472717,21.94707417430073,9.89156568969776,1.2347933767314294,0.12419321089950372,66.4806019178225,High
2026-01-02 20:24:00,Wind,1.1277024707910988,170.9032741739556,21.63235337280755,5.281682930628532,4.960946443071544,0.42750744021383713,89.7367945254768,Critical
2026-01-02 20:25:00,Fatigue,1.0981070681327503,156.73327565255957,32.878613232507966,10.653452999990352,3.983609164390345,0.3548701333402912,100.0,Critical
2026-01-02 20:26:00,Fatigue,1.0483500187293089,145.89120458488605,27.71292972536249,6.877281867048894,3.6085094691457904,0.3846389344583605,74.54565820310555,High
2026-01-02 20:27:00,Normal,0.38518580963528126,130.04370699511955,28.504290499521904,4.971454443549583,2.905815385283368,0.14468399532534199,47.301918914862355,Moderate
2026-01-02 20:28:00,Wind,1.2923745835818576,178.0530885913191,27.922980314746578,12.09820457093317,4.721031543564262,0.2743983530147325,100.0,Critical
2026-01-02 20:29:00,Earthquake,1.8406271305881288,167.69935273193425,22.371417294008875,16.465906066346292,5.7805470711980345,0.4799112483730526,100.0,Critical
2026-01-02 20:30:00,Flood,1.0502773551434388,149.3149317331831,24.64634546991298,9.017929397205256,4.695900202780414,0.27098193117952807,92.72886358790782,Critical
2026-01-02 20:31:00,Earthquake,1.782963275921506,210.64766407616466,24.897868968732737,15.683649650544584,5.563098319588581,0.35513143764863697,100.0,Critical
2026-01-02 20:32:00,Earthquake,1.6891101014922292,154.03098306831606,20.973642763873197,11.412589704163691,3.715333967010976,0.3309442850891828,100.0,Critical
2026-01-02 20:33:00,Wind,1.167706222134243,202.5175549063986,25.478949523498244,10.836615154319661,3.6618791268676807,0.27509638882883347,96.31372019027111,Critical
2026-01-02 20:34:00,Wind,1.1931120026724207,123.92112563151062,22.593467718018807,13.106622243313593,2.235597577220134,0.38600668411669414,100.0,Critical
2026-01-02 20:35:00,Wind,1.203356517955573,148.7658847198816,30.88837814433496,11.096298434419964,4.697364826208634,0.1952268114617638,100.0,Critical
2026-01-02 20:36:00,Wind,1.2225629093612662,133.6452500780997,31.30485531983412,8.511968910880082,4.936199839292968,0.3663241974675141,96.34416790397725,Critical
2026-01-02 20:37:00,Fatigue,1.148706415830215,207.69817492173442,21.53180438680055,8.662872897309704,4.741702242133042,0.2433424993003081,100.0,Critical
2026-01-02 20:38:00,Corrosion,0.7996276742645707,131.61624927882121,26.516841178759996,11.346968187643817,3.809094699229804,0.2511759684170445,88.68322194449215,Critical
2026-01-02 20:39:00,Normal,0.1953539514232791,107.47897108678669,37.28029940658352,1.7244661492155284,2.9679251293892985,0.16830035355061151,48.77848802606783,Moderate
2026-01-02 20:40:00,Fatigue,1.1910685343794527,143.73128150150202,23.096185511608535,6.667054597977641,2.223396661732539,0.2823404102690151,76.70135474805565,High
2026-01-02 20:41:00,Fatigue,1.136678527135452,155.39007019734876,30.133189088975328,11.304766279435206,3.6924330782057124,0.2770297896067625,96.19137965163218,Critical
2026-01-02 20:42:00,Normal,0.2187383246293343,111.78895552738723,28.52760967001442,3.682569216374607,0.585084011191785,0.14445152529270422,27.260534759575858,Low
2026-01-02 20:43:00,Wind,1.176423106483821,154.07782988444,33.46443778920454,5.740825410950932,3.681670387194111,0.2702859860846878,81.11469376233644,Critical
2026-01-02 20:44:00,Normal,0.2417828842660081,31.769751174406565,29.47733420678703,9.052456001125732,3.6162517359327575,0.2855818837572378,67.31017244329851,High
2026-01-02 20:45:00,Corrosion,0.8575259297825107,145.62899590004568,25.84352261038125,5.0011991363602775,4.413237182354694,0.27000394528559424,69.30079691387878,High
2026-01-02 20:46:00,Normal,0.2878146473790891,120.44516553716612,28.333820607364427,4.401709960041084,2.662285406474422,0.16992413654200417,41.99321917751397,Moderate
2026-01-02 20:47:00,Flood,1.2227994196879866,176.76421993530982,28.40684971976868,7.3414380689387055,3.4983797713993567,0.24042778221183309,77.1911961653213,High
2026-01-02 20:48:00,Normal,0.2651805248930122,152.72652370698506,27.54152408858588,4.106949543379338,1.0064052155544183,0.1473644943095454,32.55166384648945,Moderate
2026-01-02 20:49:00,Wind,1.23800785203402,152.70729846520507,21.404442723379912,7.4461416270459795,4.22702768378443,0.2647063033310906,93.90840564929192,Critical
2026-01-02 20:50:00,Thermal,0.6650818635047886,162.40572704184888,36.21544303798946,10.142837713080388,4.310675831822307,0.32122753375316004,99.23248832480836,Critical
2026-01-02 20:51:00,Earthquake,1.7512080005776933,154.06078048887983,33.33216793932162,13.732470572920732,5.769871489259234,0.3437120730823258,100.0,Critical
2026-01-02 20:52:00,Fatigue,1.1733052002173285,172.1835585674026,22.779054865650714,12.450960785632674,2.214309210815438,0.12030033026814285,97.70148306825818,Critical
2026-01-02 20:53:00,Thermal,0.8321852313085294,127.68810502163558,28.496371839081235,6.172495365374833,3.304610897115835,0.2646646429971909,64.24746325313339,High
2026-01-02 20:54:00,Fatigue,0.926129166789187,123.38256329674863,26.87457165322892,15.899065309847632,1.8866718079336517,0.27764873379438326,99.16936532244668,Critical
2026-01-02 20:55:00,Normal,0.30392185618529577,115.36028304489874,22.217405997502087,0.7139463565118334,2.8041838331060074,0.13313694265541584,38.38543607051418,Moderate
2026-01-02 20:56:00,Fatigue,1.2284531515703017,188.0118111799445,18.666018661188666,4.744595276233118,3.106992251933285,0.3729244895958157,85.39031518445067,Critical
2026-01-02 20:57:00,Normal,0.09032739311041654,124.52513841827117,24.64703674043832,10.259254543149286,0.7768786001470671,0.0,55.49468325997222,Moderate
2026-01-02 20:58:00,Earthquake,1.911551014051641,219.01220369195948,26.21798829874404,14.822125002339153,6.177930662732203,0.5300995251975912,100.0,Critical
2026-01-02 20:59:00,Fatigue,0.8532435495499258,134.28168215460488,20.793833333179904,10.524158249168226,4.359377837183986,0.3843742208357993,100.0,Critical
2026-01-02 21:00:00,Flood,1.0950399156042732,176.99627761369976,28.884888820427395,10.493825921954032,3.912398962414211,0.24175573894441454,90.55533091966495,Critical
2026-01-02 21:01:00,Wind,1.184308109919021,141.09599906907636,33.8142815165817,11.813621810451348,6.231707947151051,0.27993725826535987,100.0,Critical
2026-01-02 21:02:00,Earthquake,1.6020023027804307,187.23321678723008,32.21058073082634,14.29930316130185,5.994999836255955,0.4443509561170151,100.0,Critical
2026-01-02 21:03:00,Fatigue,1.110691026179183,158.41707071648537,27.366571734206406,6.602286525124683,3.1550430700726326,0.3424972791872798,72.46011475194214,High
2026-01-02 21:04:00,Corrosion,0.9470671799321648,160.7372933481043,18.797941517394015,10.754572715218375,3.839203867484942,0.21728945139427513,100.0,Critical
2026-01-02 21:05:00,Earthquake,1.8191109603057258,187.86851549778316,31.578511703295238,15.382034634614694,5.073922656603557,0.27465785969085915,100.0,Critical
2026-01-02 21:06:00,Fatigue,1.1217862109647692,134.52038655445455,28.731960845322792,13.78529344021949,5.066758821897002,0.46909541769616037,100.0,Critical
2026-01-02 21:07:00,Normal,0.21706591101287506,142.0076738023141,30.121755546090103,10.292723230703496,2.2809772068304284,0.2564899239948441,67.89943320772693,High
2026-01-02 21:08:00,Normal,0.10108881958231825,163.29141485813486,37.68051400151257,5.991428238929787,2.3799232868004485,0.192548242263548,63.45106997341855,High
2026-01-02 21:09:00,Flood,1.075349121786965,136.20491444359703,23.875941852346735,5.51735294710345,2.237631589804706,0.30606201993920357,68.82277504379965,High
2026-01-02 21:10:00,Thermal,0.9399803135557037,96.11919808887419,15.625920334389786,13.317568793606409,3.2613516195029524,0.3097053622797217,100.0,Critical
2026-01-02 21:11:00,Normal,0.3403664683381967,132.4829892088447,22.732727110951217,1.9455501949911769,1.9437341457347408,0.23928506288360077,40.85383865448754,Moderate
2026-01-02 21:12:00,Normal,0.09096993363189232,111.72049014869627,30.430225341339106,6.013892581017142,0.9757865447894489,0.013090665800962548,37.67901334316195,Moderate
2026-01-02 21:13:00,Normal,0.1288084474231253,116.72242860111758,28.134629508740204,4.229798220737435,1.778498513611155,0.15193024165077385,33.23524458663623,Moderate
2026-01-02 21:14:00,Fatigue,1.0073225806562127,166.9044438932753,21.92181935200659,8.208123949445621,4.235752443584078,0.2636136035036539,92.04875061664623,Critical
2026-01-02 21:15:00,Normal,0.12256196389758853,108.59018925436004,20.90141308411785,7.292900364594553,1.9956504006559868,0.16708522731984143,60.515300141914665,High
2026-01-02 21:16:00,Wind,1.1885351935644832,150.6787007164082,26.226954920913023,10.833378797803896,2.6279003084159664,0.377663515451345,90.92290026664962,Critical
2026-01-02 21:17:00,Thermal,0.8314732644144418,139.49701207658535,23.769526650590972,9.539724473804393,2.9267831668030566,0.11679358420341508,80.83350992055085,Critical
2026-01-02 21:18:00,Normal,0.13557973734061057,156.7438484496254,30.603167091272628,2.552941129509889,1.531975210960126,0.07206860915492982,29.637034264398427,Low
2026-01-02 21:19:00,Wind,1.2471702767420423,158.15174010283954,25.942865556868654,9.577775103876018,4.233513523031183,0.26146039707714985,93.59502036751925,Critical
2026-01-02 21:20:00,Wind,1.2330883155216013,126.50816047962599,24.86441057834144,7.7913950604779,4.125532561894422,0.3283476101173249,88.44741544483477,Critical
2026-01-02 21:21:00,Fatigue,1.0311472700125037,123.10303797147212,24.20861798538497,8.902785236067604,3.388386937888153,0.3665700490672299,87.51060608986295,Critical
2026-01-02 21:22:00,Earthquake,1.7761982411212813,185.08074804149004,29.315613632902974,13.043713325397771,4.9093365565766485,0.5345058735648925,100.0,Critical
2026-01-02 21:23:00,Earthquake,1.6340159059477575,153.36429998272553,28.21304611880018,18.932912519614387,5.4272225879845,0.38109166400925204,100.0,Critical
2026-01-02 21:24:00,Normal,0.22341902749703407,80.94241282689597,29.009786349312968,4.221834456593778,2.962976754986563,0.24643847276999878,43.63619273562458,Moderate
2026-01-02 21:25:00,Corrosion,0.8555907979304261,160.08839977335026,28.900647219029057,4.676794973591939,3.5986405227081857,0.32481299826126003,62.63053647333746,High
2026-01-02 21:26:00,Corrosion,0.8684998076182553,161.3124600717161,27.63902231701647,12.48527461196236,4.743069325290714,0.31133353208561043,98.51902483623054,Critical
2026-01-02 21:27:00,Normal,0.28031015296161393,110.79658665265367,22.83434708270955,6.34777812207807,3.1331909788418906,0.17805752481294396,61.63332997679244,High
2026-01-02 21:28:00,Earthquake,1.8095393394584458,188.9414822787927,24.34809936634369,13.00696869633983,6.856682496209151,0.37203744492475965,100.0,Critical
2026-01-02 21:29:00,Fatigue,1.0538525042187463,157.70304110488752,26.026625474305316,8.188353899416715,5.168627651803056,0.21476805355179096,88.21712768782916,Critical
2026-01-02 21:30:00,Normal,0.2728955954043453,135.06048464922713,38.32597619044161,2.1592230318293426,3.562949516740723,0.08947257071026217,56.057307805653224,Moderate
2026-01-02 21:31:00,Normal,0.33016255946481987,135.118747598495,21.25581839791594,10.814144291259476,0.846857189528766,0.20776654587984042,73.09408766982665,High
2026-01-02 21:32:00,Wind,1.1773601541352285,92.25528531181934,25.905117483415548,10.25553466598011,4.687426277910468,0.31164619917744685,97.11174458188259,Critical
2026-01-02 21:33:00,Normal,0.27540759126653414,113.98752603794014,28.491335300552443,0.21325343044442402,3.2183205528638963,0.14675940977278512,27.578068574592734,Low
2026-01-02 21:34:00,Normal,0.2351063149868705,132.94760470445334,26.483336233637537,5.983220099855725,3.399027321856619,0.2331846901037447,54.78363951774215,Moderate
2026-01-02 21:35:00,Earthquake,1.7382592866816342,171.33858522402463,33.36984770718869,17.018515106104523,4.589281186986048,0.38796086663289797,100.0,Critical
2026-01-02 21:36:00,Normal,0.29183037335340833,120.90506598149567,26.45751034748567,5.469304005060492,2.6573805249314377,0.10694566769718171,47.603357876505356,Moderate
2026-01-02 21:37:00,Wind,1.1405819244663835,176.16749954195194,26.827293004246954,7.395219583414059,4.115203064950419,0.29468015447758533,81.50804006266101,Critical
2026-01-02 21:38:00,Corrosion,0.8858917520793753,146.22313083130405,32.073142568081586,5.326777141926029,5.167060233007612,0.33365038777663947,79.87246974127709,High
2026-01-02 21:39:00,Wind,1.1872604297208036,195.09798543087166,37.05355831459188,7.348043216842294,2.6527083756055494,0.23411893982592652,89.85942376417752,Critical
2026-01-02 21:40:00,Normal,0.22568522587838855,148.17465630702804,35.03749186974164,9.564973991140853,1.2307104185771345,0.19674214540300347,68.75926829352393,High
2026-01-02 21:41:00,Fatigue,1.0487485734282673,150.03589617571416,27.316730579454283,9.285007834289527,1.9893661750376548,0.2955659404484893,75.35170843438229,High
2026-01-02 21:42:00,Normal,0.20935032060674505,115.04884573188053,27.752428941337982,0.03617324403589084,2.1446162870330823,0.11913520869044367,19.346535279156257,Low
2026-01-02 21:43:00,Corrosion,0.723335906232879,72.94189736996589,28.23359622392102,9.452401777533392,5.583840269269652,0.24453182503684068,84.9305742198382,Critical
2026-01-02 21:44:00,Earthquake,1.8206316076129354,173.43744507773684,28.734997042312926,13.823110356720655,5.315658381466708,0.27826535929770757,100.0,Critical
2026-01-02 21:45:00,Corrosion,0.8735237460222658,110.36827768223684,23.763259428260927,6.9533135993500075,3.421033322524254,0.2767712155325866,76.08384045976706,High
2026-01-02 21:46:00,Normal,0.3179736201958795,125.53073855001557,32.682968994277196,1.9387797317335669,2.5502387706232046,0.07082136132821122,39.1301137299386,Moderate
2026-01-02 21:47:00,Normal,0.2074834478154564,123.82176777800004,29.033045638613935,1.8083153006813735,1.8837095149927092,0.2657949773778232,29.465703528399942,Low
2026-01-02 21:48:00,Wind,1.3366306900381335,174.79639390066944,27.77571905592343,13.359901446399014,4.406026019144081,0.3086422061572649,100.0,Critical
2026-01-02 21:49:00,Normal,0.21962112417202934,154.91676179870478,21.644273117204637,5.742538567415293,2.392211669327814,0.13425490747445806,56.80093666390442,Moderate
2026-01-02 21:50:00,Normal,0.17999122862442432,119.34326425820079,28.311431042453062,6.435930993985353,1.154443347906473,0.27284474624451627,42.43802910466845,Moderate
2026-01-02 21:51:00,Corrosion,0.7755052064125869,201.21040779807987,18.533938483895973,9.03427642874036,3.2259532884503317,0.18545209246201855,92.11801390952948,Critical
2026-01-02 21:52:00,Fatigue,0.9362862077416271,158.8112861304976,25.09175327983884,10.483066114735465,4.5419329264902455,0.24018536753317293,94.49351403701077,Critical
2026-01-02 21:53:00,Normal,0.3726102313914502,87.24459015708418,25.184511467604008,3.5948160097152773,2.9285761165630952,0.03366026703746833,43.536393281016615,Moderate
2026-01-02 21:54:00,Fatigue,1.184685391261493,138.948203122247,29.434975965438095,8.88251193655767,5.098501656194275,0.40476050434662214,95.00360173522475,Critical
2026-01-02 21:55:00,Fatigue,1.1230596130307808,143.68133249230445,37.39925012472648,12.994735416275129,4.135436066782794,0.44982925572745575,100.0,Critical
2026-01-02 21:56:00,Fatigue,1.0033128953779378,167.80317877883448,30.859537328327185,13.743770503457338,4.155785711244441,0.16611248174463528,100.0,Critical
2026-01-02 21:57:00,Corrosion,0.9999014145247297,120.51875249426749,35.24201036317807,4.633724036720748,4.070184865214625,0.20273820475066673,77.18669189116619,High
2026-01-02 21:58:00,Flood,0.9918624670782675,143.3506029297651,31.226060865517884,8.575223500676652,3.085229786428692,0.29758508652064414,81.96953148340202,Critical
2026-01-02 21:59:00,Wind,1.163477933501868,153.37399298009782,33.62526744843808,12.617856076980994,3.404220948010838,0.27474446903930777,100.0,Critical
2026-01-02 22:00:00,Flood,1.1349807264348861,139.59697980861142,37.285636764715534,14.84623919664719,3.5552021423456015,0.28949479950856816,100.0,Critical
2026-01-02 22:01:00,Thermal,0.8527128467584698,162.28538454199295,26.340815838488727,13.34587874399225,1.9249823004458964,0.25059216466317535,89.10742192856651,Critical
2026-01-02 22:02:00,Normal,0.42608825110036747,136.0330347116339,24.014477829342482,2.612726555160501,2.406900771699909,0.21260414881426437,44.40151224372937,Moderate
2026-01-02 22:03:00,Normal,0.26989778082552157,149.16417837759897,31.344054502386605,8.825138354617478,3.049082036168264,0.10312276048368424,66.63339755844692,High
2026-01-02 22:04:00,Normal,0.21823753603370202,111.72437047222002,27.981607729688772,5.175908906321049,1.2899563551616458,0.1954127720195395,36.64694615517319,Moderate
2026-01-02 22:05:00,Thermal,0.7510556093232164,172.06318919119755,31.101769164034803,11.133249916627214,3.6351491898852712,0.1707098061672642,88.60119882827502,Critical
2026-01-02 22:06:00,Earthquake,1.64224030582475,147.50007285057384,26.756665539463196,15.764836042463859,4.7308689490580065,0.3710513667174741,100.0,Critical
2026-01-02 22:07:00,Flood,0.9977123381755036,116.09039247525358,25.018706414876412,5.40810787230571,2.6634244980050736,0.15305989379919827,63.71566838959458,High
2026-01-02 22:08:00,Fatigue,1.1665674671061905,122.65495784771967,36.10382334387513,11.149921869881528,5.855561043759667,0.2676361446838745,100.0,Critical
2026-01-02 22:09:00,Thermal,0.8479067338124856,142.23029231580222,24.500694430900428,11.017089773507866,2.197766863982758,0.21418099336736202,83.73352890306609,Critical
2026-01-02 22:10:00,Normal,0.25162464052483247,150.05945291444388,31.43196129620772,4.939534234916504,0.720680681912155,0.2554863485390929,42.05453089725288,Moderate
2026-01-02 22:11:00,Fatigue,0.9954052444946937,137.94644798400924,30.62114142865225,8.761050718080138,4.014715397055312,0.29525919421443186,86.07505867537805,Critical
2026-01-02 22:12:00,Fatigue,1.093149841441019,141.08266487588907,20.10493351214878,4.785008264680735,4.068521478460767,0.30980025864830535,83.06536319610305,Critical
2026-01-02 22:13:00,Normal,0.3310250964156298,114.59955111726656,23.84609835003203,7.050852549652802,2.667232141189941,0.17820383772022544,61.07628693905305,High
2026-01-02 22:14:00,Corrosion,0.8894575405175988,158.52070308469138,24.68654719525066,8.926245103441733,5.321228053509907,0.09767129244752944,89.5597179397119,Critical
2026-01-02 22:15:00,Earthquake,1.8033388135706687,169.65936741613564,30.822920566582958,10.633448255869741,4.582870184805369,0.24424429918626653,100.0,Critical
2026-01-02 22:16:00,Flood,0.9562433877375035,137.46457605208747,26.164824470347245,8.222480009370798,3.1015631620260997,0.2665057893295356,76.55193446306347,High
2026-01-02 22:17:00,Wind,1.254374545128961,123.76511841605773,27.572050966945973,10.563509747383318,5.648805497306857,0.33828479905390446,100.0,Critical
2026-01-02 22:18:00,Normal,0.0005523854995344579,105.70697222057197,20.71176321507636,3.3240926328419884,2.9391237655057845,0.16121078458239102,47.38292549018911,Moderate
2026-01-02 22:19:00,Normal,0.2806276567092116,149.43654382338332,39.62955858357657,5.008031382529674,2.800081337761732,0.11087528200532397,67.02856007176302,High
2026-01-02 22:20:00,Normal,0.4556257584755679,122.27315021196192,28.355978093697484,0.24979794161034707,1.410131304492681,0.16077495045074375,22.057933940788686,Low
2026-01-02 22:21:00,Normal,0.12933012901345226,101.50363724380212,30.49500448648472,9.048265090555866,3.125888220412252,0.15383315727644842,63.73651506086081,High
2026-01-02 22:22:00,Flood,1.0006904436238908,181.70359931822338,25.296872557173888,9.247727854898853,4.483182820181035,0.35432025991058985,92.47393785750148,Critical
2026-01-02 22:23:00,Earthquake,1.789367120790022,166.9696624484953,24.736863364660742,10.101939480529067,5.549537268119366,0.46184159854926443,100.0,Critical
2026-01-02 22:24:00,Normal,0.21299337487547382,155.49888948706163,37.56342327476766,2.3791265451630483,1.4150721897665077,0.13572683778850902,44.79465751773885,Moderate
2026-01-02 22:25:00,Corrosion,0.9379099394047185,179.29017444750252,18.416391964966856,11.387404823100177,3.426695554388445,0.2640060596920632,100.0,Critical
2026-01-02 22:26:00,Flood,1.0577960811484242,152.20029065936671,29.393235342153883,10.874274658170926,5.328486888483272,0.31409594289539267,100.0,Critical
2026-01-02 22:27:00,Wind,1.1971840298037857,119.93626181570781,21.942480544460533,10.732057140407154,2.9460322473963196,0.34997155163525445,99.7810818882746,Critical
2026-01-02 22:28:00,Thermal,0.8637818048935424,199.23751538364388,27.974994228014975,10.590944003793812,2.4002009319365296,0.39220784726323543,80.60888123455555,Critical
2026-01-02 22:29:00,Earthquake,1.7913400567257394,191.28190140661366,24.809527661629897,15.982695188890133,4.732197564929335,0.40174818949267066,100.0,Critical
2026-01-02 22:30:00,Fatigue,1.3293891591058813,144.90282438198525,23.07011158290376,10.083314210160598,3.389178843990255,0.3934995843365215,100.0,Critical
2026-01-02 22:31:00,Normal,0.2621077546925393,143.90319786937638,28.177208648531636,4.237357348226549,1.984263313478973,0.08719335378851176,36.10284077167203,Moderate
2026-01-02 22:32:00,Corrosion,0.8706225678791765,161.75756967553366,15.159854263469672,7.0485752041542264,4.278571028201906,0.21698609403594316,97.75603959931885,Critical
2026-01-02 22:33:00,Thermal,0.663162556034138,174.77345874716102,28.422557590406512,9.262826071715597,3.661414114417463,0.08913404663909104,72.89075114532974,High
2026-01-02 22:34:00,Fatigue,1.0315239738157262,136.44130528300258,27.548550123250124,13.691094124638049,3.8608410505034287,0.31210452320077886,100.0,Critical
2026-01-02 22:35:00,Wind,1.276790214543985,165.3618353193598,21.20361726796994,9.791290486052088,4.316993475080345,0.36780191638870663,100.0,Critical
2026-01-02 22:36:00,Flood,0.9131634519712102,121.15324424387657,35.56609360724692,13.629432217750166,4.303990960363179,0.11199999999999999,100.0,Critical
2026-01-02 22:37:00,Earthquake,1.6173954260558436,198.25835989353084,25.027708126013426,14.519457420357234,3.678294053770405,0.4190629094072672,100.0,Critical
2026-01-02 22:38:00,Flood,1.022585237695006,150.22636575932032,26.812578787675815,10.342072905549983,4.751584191754601,0.34033682777854757,94.73772676781303,Critical
2026-01-02 22:39:00,Corrosion,0.9646595605979984,151.2252313871703,25.038904180426485,15.515328401971919,2.493587057113598,0.3117790077070752,100.0,Critical
2026-01-02 22:40:00,Thermal,0.8033904982956901,138.34125690398824,29.59216939784707,12.958034648655296,2.756489628822512,0.16433111039722822,88.70805711517221,Critical
2026-01-02 22:41:00,Wind,1.1581100317898927,151.12527948529097,34.54072046753025,15.135827733164644,4.380435321703587,0.3778495978473798,100.0,Critical
2026-01-02 22:42:00,Normal,0.1013209649807216,98.29422064963215,40.36507901961737,2.6071590248994263,1.9245941719960826,0.1807443597908319,51.62823681639419,Moderate
2026-01-02 22:43:00,Flood,1.0561803298161756,170.56075536710586,31.728196018503294,15.776547506468871,4.166930441093339,0.33928300951332124,100.0,Critical
2026-01-02 22:44:00,Normal,0.3029020087106436,157.24260091853594,33.43996883485886,4.75334961764013,2.1418279184564057,0.16993136873223774,51.94384334306579,Moderate
2026-01-02 22:45:00,Normal,0.10746140007191196,106.08329102724787,36.58213740738541,4.317526460739481,1.7106677129383785,0.21048298936443693,50.620217470765375,Moderate
2026-01-02 22:46:00,Normal,0.3407625958957775,133.83851262427737,29.244355383832286,1.4777452402397167,3.5287581693762817,0.2687388640032622,39.42360208092455,Moderate
2026-01-02 22:47:00,Corrosion,0.9162556420713688,155.00459061650605,35.85125436805935,9.278872473661469,4.028065532010135,0.25167823567180675,96.77121872128953,Critical
2026-01-02 22:48:00,Normal,0.34058527540378764,120.20244528372147,31.962005661952016,1.749938125692081,2.3021173251356197,0.2027283847117367,38.377640349536875,Moderate
2026-01-02 22:49:00,Normal,0.29668200734666733,81.83510666588208,28.71993679655786,6.224761485640973,2.6925198408593665,0.27998149562054325,51.65449371337211,Moderate
2026-01-02 22:50:00,Normal,0.3022946167049055,87.46006622223518,29.75170517225734,1.5153046002869246,1.2946705072925044,0.16934158681521935,26.10171413748738,Low
2026-01-02 22:51:00,Fatigue,1.1166576718961392,133.47545122121073,18.89291518316088,14.893099513384412,5.974771741816684,0.2099683067665721,100.0,Critical
2026-01-02 22:52:00,Corrosion,0.9244777857200958,90.72488191070171,29.460596302230748,9.954721888630187,2.2323627989168617,0.32208344993247956,77.97304426970554,High
2026-01-02 22:53:00,Normal,0.10449937847008653,155.20076824764038,20.28126239776852,11.83961472724873,2.1131686582934015,0.2947902088487499,83.34260380512148,Critical
2026-01-02 22:54:00,Normal,0.12991524531027882,129.19258072949285,19.873654241944465,1.930927905522462,1.7135737213822597,0.28310268102540487,42.3040608722854,Moderate
2026-01-02 22:55:00,Wind,1.1261193679848183,156.65097379002196,28.964393445126124,14.747537734123926,3.7155856245729515,0.3731990213063099,100.0,Critical
2026-01-02 22:56:00,Normal,0.23961438626619574,65.24410451830428,22.42960702399973,0.40813725109848065,1.5457432436852405,0.0,25.98950400894167,Low
2026-01-02 22:57:00,Flood,1.0510509538646544,105.20322862449,27.964431243483112,9.824226429422882,2.9082899990014983,0.24113338184029506,79.0624693836627,High
2026-01-02 22:58:00,Earthquake,1.815974532258308,181.54146529532602,28.692172596749323,11.505130640174146,6.548342204808119,0.35723196098729576,100.0,Critical
2026-01-02 22:59:00,Thermal,0.8893684649164826,191.26224913709942,30.915248004085676,6.656130394248929,1.9952972054171159,0.26358947134624955,66.62746694944961,High
2026-01-02 23:00:00,Normal,0.34187962388642806,102.53389510317295,23.479392964789493,3.450510746273513,2.98356389868382,0.3150611867552537,51.43162125234155,Moderate
2026-01-02 23:01:00,Flood,0.9502091913364966,172.39495036031093,32.493411912405996,6.455851443946012,4.328537734720982,0.2055566693154243,80.35981287242113,Critical
2026-01-02 23:02:00,Normal,0.2690860888040377,108.00243980812598,27.553823817669606,1.2209350800479224,1.6191088683206538,0.35937616708771447,27.12800154905355,Low
2026-01-02 23:03:00,Thermal,0.7321734761822529,143.38098148222167,32.20537840085581,6.672719579205591,3.732607283793853,0.22941376293806065,73.65409950834888,High
2026-01-02 23:04:00,Thermal,0.7849402369317147,172.36709622232328,24.017801930265016,8.348085191860612,3.0421009823034253,0.19864789492212437,77.37443592380048,High
2026-01-02 23:05:00,Corrosion,0.8807433095238797,135.5512092458364,27.108362216020065,11.791083069878056,2.2189936614906483,0.33561637698494307,84.37697227850919,Critical
2026-01-02 23:06:00,Earthquake,1.5626969661177352,164.34737729869667,33.4864724163506,14.28605118986316,4.2695663453290935,0.47794434134593,100.0,Critical
2026-01-02 23:07:00,Normal,0.44289952317117476,155.4517638531191,32.85088815904351,8.499620603883159,2.6554415164696907,0.23199575288189872,71.92371303427956,High
2026-01-02 23:08:00,Fatigue,1.120312694191798,154.1389455278399,24.01353658537803,5.065469384128699,4.403570323685022,0.2384435626555196,77.4847696269367,High
2026-01-02 23:09:00,Corrosion,0.8073437379669276,171.48012726465407,25.272209047125774,7.001091782873774,3.56201141431922,0.3081622502191258,74.43575618695237,High
2026-01-02 23:10:00,Normal,0.40418958041841824,102.86877766538282,23.056566349680907,7.133014757409274,1.6084834606594933,0.09731538048794737,57.340070927864225,Moderate
2026-01-02 23:11:00,Earthquake,1.7622055063611044,216.7668552240244,24.717935408695592,14.429572267374073,5.169568466368979,0.3402203308815833,100.0,Critical
2026-01-02 23:12:00,Earthquake,1.8006015508662447,188.44068186336528,21.004662296467355,10.816474656022464,5.034446842835973,0.3964103868716594,100.0,Critical
2026-01-02 23:13:00,Fatigue,1.0360307351681899,163.86969065536647,27.30912063795763,12.302206676497706,2.0530558648231327,0.23440291200791183,86.67332483515764,Critical
2026-01-02 23:14:00,Flood,1.1521593469954672,154.09073278572936,31.16569199091422,7.606180454142556,3.741253250256279,0.3762198598302906,85.74683096268683,Critical
2026-01-02 23:15:00,Flood,1.0116012234955296,138.16312545008748,24.074735680994607,6.867909315818837,4.2024548612095005,0.24574659744723215,81.45363724240492,Critical
2026-01-02 23:16:00,Flood,1.031958728059161,150.75792973762572,27.546968586694117,10.660843281490424,3.747608798778206,0.27436350253751207,88.51492283248186,Critical
2026-01-02 23:17:00,Normal,0.3463025722420357,108.93524405026585,26.897507961843218,5.018508096002708,3.769149172019202,0.10958413746607867,51.29155748807125,Moderate
2026-01-02 23:18:00,Earthquake,1.836811156596886,205.58865156611964,33.275593657991095,11.83126299491417,4.3554378551700195,0.48700878491373323,100.0,Critical
2026-01-02 23:19:00,Normal,0.24565215478927424,114.92357082328344,24.942040815977894,3.3293944242586853,1.3388962831062796,0.12670984205202457,34.89911769857284,Moderate
2026-01-02 23:20:00,Corrosion,0.9438312777885971,106.78731930515251,25.123919461745743,5.090609600579906,3.45301899568367,0.3593608882195803,68.75932519288642,High
2026-01-02 23:21:00,Earthquake,1.9930786583542361,139.6144066252679,23.769894358538195,12.212755261823403,5.603766810192432,0.48948348682258014,100.0,Critical
2026-01-02 23:22:00,Earthquake,1.8153928359039537,138.4320461919894,22.31245239960756,16.700028306462308,3.4587913749737274,0.3683247239243801,100.0,Critical
2026-01-02 23:23:00,Normal,0.25934080702980533,135.44926893884855,30.64592495723485,5.733651388964493,2.602697999875603,0.1823734246608812,51.62888848103732,Moderate
2026-01-02 23:24:00,Normal,0.2636501666895265,91.2123922156639,27.324446018347608,7.875782242332036,2.248316839555599,0.14210328187456386,53.0412062644465,Moderate
2026-01-02 23:25:00,Wind,1.2898343600665214,164.90214439596417,28.27404929911651,11.648205613024103,2.159392943833091,0.3596577596205582,90.59698252298966,Critical
2026-01-02 23:26:00,Normal,0.20206418119736622,123.41436293728533,34.37320578097698,3.163261379084542,1.8832907311150782,0.16444229509368793,43.63448583997763,Moderate
2026-01-02 23:27:00,Normal,0.2277345952230671,118.38228512725557,34.66040362963936,0.05257617564727113,1.1914584780613322,0.1466015468981788,28.357336042647496,Low
2026-01-02 23:28:00,Corrosion,0.7320045640698688,155.16013008455923,19.768828460825983,5.519436905888615,2.8666767356862097,0.2716943330592037,73.73293687017892,High
2026-01-02 23:29:00,Earthquake,1.6952905709888022,185.55758842726317,31.239173365477836,11.38629256670744,4.021899215322137,0.2774227389179298,100.0,Critical
2026-01-02 23:30:00,Earthquake,1.7485759997841623,113.85675643047625,29.128234628555944,11.154251389125019,5.776188678673572,0.3979321404155937,100.0,Critical
2026-01-02 23:31:00,Earthquake,1.7855250404751661,173.50936897878773,25.69204500427032,16.34305978057916,7.1217763805702266,0.4559689576111504,100.0,Critical
2026-01-02 23:32:00,Fatigue,1.2165266660616096,163.62757835158578,29.638418435139712,12.411765400549106,4.065023574170283,0.3110443504208935,100.0,Critical
2026-01-02 23:33:00,Normal,0.29287942439401793,161.00707026887497,19.36808382389607,11.635638920829935,0.1593841017636466,0.25613252525798924,77.3836509029217,High
2026-01-02 23:34:00,Corrosion,0.7820337191848166,186.36144041456242,35.313211713882,6.008836486422844,3.6055960373327984,0.23781615297113795,78.40155318638867,High
2026-01-02 23:35:00,Thermal,0.7417615611708708,107.92123716036858,32.574720485359535,12.792344918193244,3.0053612078009646,0.2232567430138997,94.65853842670938,Critical
2026-01-02 23:36:00,Flood,1.1299798946584523,142.05686751718065,23.674011275836705,13.97380161699239,2.5789874652458966,0.2026144796819067,100.0,Critical
2026-01-02 23:37:00,Earthquake,1.8801288278903354,142.44712965730005,25.07294889090238,12.703208725883407,5.713623831391027,0.37154040771610186,100.0,Critical
2026-01-02 23:38:00,Corrosion,0.8572519928179363,182.19712687775205,19.4842676222628,9.720666190820705,4.199764728127356,0.4252714099971496,100.0,Critical
2026-01-02 23:39:00,Earthquake,1.7545978827568935,206.92140520371376,26.43021375081873,17.12219974742363,4.691506518106863,0.4260434692149162,100.0,Critical
2026-01-02 23:40:00,Earthquake,1.8799946268563714,190.36469717157937,25.586340113797085,13.223226132013217,3.716267189188109,0.3571571027361423,100.0,Critical
2026-01-02 23:41:00,Wind,1.1055338298620252,161.55237153150526,21.374448064381205,9.690824668356072,2.0516722395428695,0.2355086449546347,89.3194709766432,Critical
2026-01-02 23:42:00,Normal,0.28136243184460186,154.51577750873685,31.88351116854889,3.117987736647644,1.334314906414678,0.0521175419387262,35.69447133901891,Moderate
2026-01-02 23:43:00,Normal,0.43181271927146647,150.28312986900346,34.38398594847238,2.0801155559890887,1.8444965307401904,0.11356851444741453,42.832875319183984,Moderate
2026-01-02 23:44:00,Earthquake,1.8064284545801166,210.55111741640303,27.86319754977761,13.611414849465437,4.843994436362521,0.46473548068309123,100.0,Critical
2026-01-02 23:45:00,Normal,0.18795124165907165,131.41699649455649,26.47176558576816,2.870392017639721,1.316717907337618,0.14583745814064297,29.49532896900753,Low
2026-01-02 23:46:00,Earthquake,1.822829496213723,172.86929251214593,30.17492301065897,10.173954129149514,5.9278995271281545,0.32734626014859425,100.0,Critical
2026-01-02 23:47:00,Wind,1.1473993024787723,176.57812080043894,27.901805187524786,11.366574950432943,4.502826046145924,0.24814529727726076,96.47502862742832,Critical
2026-01-02 23:48:00,Thermal,0.6884707324997269,162.40104763137788,24.589103918844067,3.6460632775367054,3.3995934027601917,0.31195846399519456,59.33495668053304,Moderate
2026-01-02 23:49:00,Normal,0.30608288214976853,115.23406326020101,24.736610067063694,7.418239673841853,2.816487784344106,0.17349895396946977,60.98886367179046,High
2026-01-02 23:50:00,Flood,1.1094267520439778,142.01877702914396,26.517819966259847,10.650797945781562,3.0236926472046814,0.24182364686319122,87.5648602534836,Critical
2026-01-02 23:51:00,Earthquake,1.7651274662341943,209.93283173895523,29.24093297238348,12.199420364908242,4.265440764941432,0.3793289304356342,100.0,Critical
2026-01-02 23:52:00,Normal,0.21982114607229813,161.60290271924015,28.04668358938234,4.810069241466622,1.4776663257726281,0.3564706500437942,40.004080352530295,Moderate
2026-01-02 23:53:00,Normal,0.17307476871025362,101.26510547713085,29.05184689993558,1.4293367175372733,1.4086972283182293,0.2775698459364515,24.798901773840445,Low
2026-01-02 23:54:00,Normal,0.23800515196259467,113.41558311380064,20.375860083580392,7.251015810096128,0.051289456047026505,0.2974900263735878,56.189184059558556,Moderate
2026-01-02 23:55:00,Normal,0.20501052936614472,128.77332691136746,31.326088720424647,5.562092723153796,1.4544313604530292,0.03983168434962284,42.89778486701805,Moderate
2026-01-02 23:56:00,Normal,0.16911738506373955,132.16497494371526,28.01707942004256,5.785549863768633,3.1048505551822254,0.1679118177730447,47.14610627111977,Moderate
2026-01-02 23:57:00,Earthquake,1.9413735064319684,168.54084101896763,40.76354527075077,14.90567113901939,6.160853430617863,0.3524168720679293,100.0,Critical
2026-01-02 23:58:00,Wind,1.2223194253399607,204.4880157586011,26.061828149117936,8.172753758324827,4.5651838569560805,0.3595072156667077,91.54694184161869,Critical
2026-01-02 23:59:00,Normal,0.2957916086423482,130.55238163862927,29.61729247554686,0.4428251752371981,2.1316180432369793,0.264784550276176,28.104289598256177,Low
2026-01-03 00:00:00,Normal,0.3206719655145942,133.2845852117638,42.146095811042514,7.871955124737893,3.448898526142031,0.20611409703360317,88.90577641142605,Critical
2026-01-03 00:01:00,Normal,0.3116828973407844,163.97210203779383,28.970458147515895,7.066155240837223,0.9398321051320389,0.11020239658724328,45.45013091142567,Moderate
2026-01-03 00:02:00,Wind,1.151951203776263,146.17345936888526,27.661847303619915,8.493923590187197,3.0751728780371335,0.26311893296022115,78.13024887359127,High
2026-01-03 00:03:00,Normal,0.27180420983771736,117.78920308894305,23.065390526246745,6.22733059739012,3.124295273688533,0.22964566929062835,61.54632118542086,High
2026-01-03 00:04:00,Wind,1.1634775612591473,126.06694427445927,35.64133183604493,13.87392031615385,4.067604896838709,0.37360585385675416,100.0,Critical
2026-01-03 00:05:00,Normal,0.2850770899821328,115.69123819366054,22.20449206911715,8.41610240925182,1.3288216929558214,0.1912761897949923,62.55633528702623,High
2026-01-03 00:06:00,Normal,0.27733527087665316,82.77681190161593,30.13560458424061,3.306323490704013,2.5519246267564704,0.19038327355116566,40.16504267900945,Moderate
2026-01-03 00:07:00,Thermal,0.7693871791308639,160.6962338548293,27.63222339345809,3.5337168636972462,2.761533038312015,0.264009802861484,50.17176374468207,Moderate
2026-01-03 00:08:00,Normal,0.14365610216625607,130.49991875174982,27.05331868710989,1.0483545812097397,1.1624745045272653,0.20152772461977841,20.461460892935623,Low
2026-01-03 00:09:00,Normal,0.2616989645572406,113.0732673240365,20.88033865694971,4.064821961134667,1.1346481871329097,0.23727687801374497,47.18873544441419,Moderate
2026-01-03 00:10:00,Normal,0.23365844097541608,117.48940730455381,34.71563610866947,9.386951399861475,2.3215493610260163,0.23041325657892237,73.05492450937498,High
2026-01-03 00:11:00,Thermal,0.6487702201832994,161.03666037972476,28.61101347040862,5.814663763575895,3.4058154966306624,0.26188683471067337,60.800246353200684,High
2026-01-03 00:12:00,Flood,1.0606129415110974,122.40509782775256,21.92455170553483,7.411016440971933,5.19674676665595,0.2880760466138131,94.25838973324575,Critical
2026-01-03 00:13:00,Flood,1.097227368979422,155.90419668631307,34.26345298520046,7.349266705645045,3.389910753398497,0.28501613527441944,86.56018517689637,Critical
2026-01-03 00:14:00,Thermal,1.0022685180167161,159.4877451614686,27.47931593481348,6.404807611133998,2.8928505512020877,0.19757354846401887,65.59278794047913,High
2026-01-03 00:15:00,Normal,0.21870419973434713,75.44314806481896,29.673036458653606,4.966319467740118,3.4396335305269163,0.11655774805346011,47.80221016624954,Moderate
2026-01-03 00:16:00,Thermal,0.7569030482760746,159.1234501425505,34.20708191067183,4.159849476344733,4.1856467932775905,0.30351650198424884,71.93356970036227,High
2026-01-03 00:17:00,Normal,0.1612463175648607,78.14843841846083,30.3701716528716,8.253079868980855,2.144898303762739,0.12297048908843489,54.99972871177193,Moderate
2026-01-03 00:18:00,Flood,1.0366913525189605,147.8601379037117,17.016822247504823,8.76553676597106,2.1189872774186895,0.3571147094330419,95.3734305533709,Critical
2026-01-03 00:19:00,Earthquake,1.8061854544446685,152.51522239761934,31.476783504888935,20.837403724176003,4.548145217716767,0.3998925831171498,100.0,Critical
2026-01-03 00:20:00,Earthquake,1.7250962932170602,217.38116448225037,27.49693118667436,9.879287004349955,4.305905202612264,0.469567620674813,100.0,Critical
2026-01-03 00:21:00,Thermal,0.7860056094396928,113.07197364619131,28.354856515983336,12.769598515474724,3.2364517768993695,0.31095670428438454,89.75098315102726,Critical
2026-01-03 00:22:00,Normal,0.09170674664885145,78.74525270086544,27.45462525512389,9.17403619395946,1.4916588854584558,0.2474343939817662,52.76714377284903,Moderate
2026-01-03 00:23:00,Thermal,0.8741101398266597,145.33380353990788,21.94983603029459,6.7649479734630535,4.8029048928422995,0.22189073947985027,85.51866858871004,Critical
2026-01-03 00:24:00,Earthquake,1.7283456592262267,171.25742549947944,28.960854573309014,12.214818159464397,3.788562786225991,0.43671195603832336,100.0,Critical
2026-01-03 00:25:00,Flood,1.0172274918869617,113.18486928340167,21.17804313145345,6.43610655161031,2.518660283087287,0.35103103916386913,78.64762256498696,High
2026-01-03 00:26:00,Thermal,0.6858645262961778,155.14537997887123,28.570801452216845,5.270535724281334,3.4446287848798516,0.13589386404804543,57.03115759177399,Moderate
2026-01-03 00:27:00,Normal,0.20341171204307412,70.21252343875801,28.781322157691054,4.998182150675425,2.5214360497641697,0.3161354758039088,44.778227970047986,Moderate
2026-01-03 00:28:00,Thermal,0.7776327077185978,116.09397568542187,35.37018543993807,8.062087952739084,1.7871362308958416,0.44127624368912594,79.9544565329883,High
2026-01-03 00:29:00,Wind,1.1840967322431337,143.01954323948038,23.901934200701426,5.292934199176505,2.3045898408347565,0.39178306355982506,71.83100570224086,High
2026-01-03 00:30:00,Corrosion,0.893378601241801,164.2555598038785,35.25793685922994,15.180515969977591,3.056396306859386,0.33247046097039934,100.0,Critical
2026-01-03 00:31:00,Normal,0.3651260066788976,152.3867091753288,32.734266267575734,4.221449428510813,3.3560436314849675,0.22710068779676146,56.53758967233733,Moderate
2026-01-03 00:32:00,Wind,1.2436168754215484,184.96955618318933,25.85295128754732,10.296836831651564,5.927760885216969,0.2901253326650619,100.0,Critical
2026-01-03 00:33:00,Flood,1.0969731634516995,146.96815523844418,22.456253667986985,7.321287699759673,3.265502509836974,0.2831863830985185,84.18845464444551,Critical
2026-01-03 00:34:00,Earthquake,1.9056883287954511,120.9172938801211,20.780919088847895,12.598971382724496,5.189353022579583,0.48115239162884227,100.0,Critical
2026-01-03 00:35:00,Normal,0.2955766305218158,129.77132553046397,29.358769257665696,3.9263656662673747,1.163134242715357,0.10214262441068618,33.73350284231106,Moderate
2026-01-03 00:36:00,Normal,0.24706342435048037,156.76434348061534,24.31357925229593,4.9912087225242185,2.6332063998861224,0.09514264694966998,49.485175850989414,Moderate
2026-01-03 00:37:00,Fatigue,1.1557289525004046,183.8447601953392,33.99678402640858,9.456230268715657,5.32852958449393,0.26821366490060017,100.0,Critical
2026-01-03 00:38:00,Normal,0.33584074287693255,131.573725243593,24.602380850858648,7.414599045623211,3.25602073738005,0.23250025399164068,65.33220316569478,High
2026-01-03 00:39:00,Corrosion,0.9068852670372829,114.46243089153869,23.49664509974014,8.981659811296328,3.2909993873445833,0.198725107338064,83.34965647723189,Critical
2026-01-03 00:40:00,Thermal,0.6836297922371118,128.8673249092896,31.16813175622157,10.11284906119851,2.3614682948647756,0.24196671464661135,77.57535020383528,High
2026-01-03 00:41:00,Normal,0.1826831877524282,168.34535996864187,24.569765714202884,4.970567534583697,2.008197004309821,0.17146595167583922,46.18862472062249,Moderate
2026-01-03 00:42:00,Normal,0.22801167167756128,84.58176163339665,28.042749966844017,5.693757665317673,3.3807867044335773,0.09905046090924344,47.17405421309023,Moderate
2026-01-03 00:43:00,Flood,1.082369681658872,122.10396929624035,32.92994665029261,8.476082951950184,3.2794829016533815,0.11199999999999999,83.85816533384488,Critical
2026-01-03 00:44:00,Normal,0.24829228647435522,143.5637887791321,28.586146658343623,8.009335203012945,0.18457097065224692,0.09787899684649565,42.94772027979996,Moderate
2026-01-03 00:45:00,Wind,1.2759494906760451,146.6210188798618,28.60482230351362,11.067867288547774,3.679990746682532,0.33687092138533536,95.55101325157335,Critical
2026-01-03 00:46:00,Flood,1.1252189302995426,121.25612194488446,29.025733544542092,8.725775436461298,3.4009742465116606,0.3308914774621978,82.35203760220692,Critical
2026-01-03 00:47:00,Wind,1.2809336374941767,195.5992794680754,19.534505048573035,9.536269596346038,2.218701838730502,0.3555490387089124,99.14705268397157,Critical
2026-01-03 00:48:00,Earthquake,1.886443245158423,193.1263994536285,29.95918874965245,13.072281976259006,5.592037331998319,0.452765791587451,100.0,Critical
2026-01-03 00:49:00,Corrosion,0.7720404876273026,134.65497089057055,28.79965788362948,8.391331771031096,3.8260046632553983,0.21788840795700432,74.53717576420813,High
2026-01-03 00:50:00,Flood,1.058610839956462,122.15562910251211,32.46448663491711,9.030916696343239,5.53989261481831,0.224751270001025,98.0514224323787,Critical
2026-01-03 00:51:00,Normal,0.2013976767235667,171.18516409649845,31.029054005685595,3.3234750343659205,0.6676230431568875,0.21000464038806851,33.17669802636571,Moderate
2026-01-03 00:52:00,Wind,1.0530746934912643,156.78870453133482,26.99025684197243,12.394701665804781,4.770521431288763,0.2990599943810447,100.0,Critical
2026-01-03 00:53:00,Fatigue,1.052002309435533,187.93320156173735,33.16196445755345,11.98422797764451,4.766836151175877,0.37256628980368817,100.0,Critical
2026-01-03 00:54:00,Flood,1.1259789572501802,173.14083861523602,26.536846511936396,14.55157051370224,4.19962093093531,0.3225098851470039,100.0,Critical
2026-01-03 00:55:00,Wind,1.2218593608094772,144.37746095841914,29.235785520388525,8.289110868065716,3.0331983671558755,0.418705645026631,82.92297075112079,Critical
2026-01-03 00:56:00,Normal,0.4114247497284714,107.17647212525547,26.44425284760322,6.999316175456317,0.9350733192574883,0.14275709565395234,47.68857531804449,Moderate
2026-01-03 00:57:00,Normal,0.26417841162144895,156.157872448348,30.308789024616058,0.7274119488480473,2.097196752283815,0.2654027400086276,30.35651203945502,Moderate
2026-01-03 00:58:00,Normal,0.4458242202874326,156.56293331549944,26.11755108681119,7.487129195065663,2.090177659846292,0.34277407177106545,61.17720496260368,High
2026-01-03 00:59:00,Normal,0.2642016980413641,73.07710059698164,36.23775804470784,0.6302536549784454,1.4405661753712935,0.18429940492861013,35.58776925039113,Moderate
2026-01-03 01:00:00,Thermal,0.801798423692299,155.74450652455482,40.086813686128195,5.047006689283144,4.491637013533255,0.29994453415526146,89.45461355575333,Critical
2026-01-03 01:01:00,Normal,0.1476487929662803,116.96962988190951,32.369691270930026,5.996675987047455,1.5992484175079396,0.105557736904121,47.38549945313117,Moderate
2026-01-03 01:02:00,Fatigue,1.1638450192234215,127.16692092653736,35.70648324707014,7.635502893733063,1.906299255880963,0.37152452207058706,85.41213066844718,Critical
2026-01-03 01:03:00,Normal,0.2098299896847617,126.54365236792994,20.303927595704764,2.724939469991269,1.7759434854951626,0.270324653561944,46.0921894370948,Moderate
2026-01-03 01:04:00,Normal,0.19823618884730185,86.26008022534015,20.893111283625025,3.5455519325049627,2.480273348245706,0.14044374527467113,48.44627216224997,Moderate
2026-01-03 01:05:00,Earthquake,1.8924984451010058,169.9386161338475,26.392197166843935,15.588877975755574,5.701961152061045,0.450892765685987,100.0,Critical
2026-01-03 01:06:00,Normal,0.3426578135036766,100.0381566807508,28.206154826294387,2.2013288107467694,2.334222587139946,0.2024378191075684,32.5011460385315,Moderate
2026-01-03 01:07:00,Fatigue,1.1655641093768545,140.50521839610002,27.008962909501673,9.337535407332393,5.2939890143566775,0.3312628232220681,95.27413960002002,Critical
2026-01-03 01:08:00,Thermal,0.7710247092756015,140.21303765845022,21.789323751835234,6.864031146381991,2.0852094282978757,0.3249615792612219,72.5551120948618,High
2026-01-03 01:09:00,Fatigue,1.07092193077558,127.61083345236284,33.757958531618236,11.959672313987042,3.3762916516493253,0.34151196071995854,100.0,Critical
2026-01-03 01:10:00,Normal,0.2452116481843319,159.32947572183244,38.77099116678468,7.543765262248529,3.5450540380104028,0.16888097390617257,79.76391133323756,High
2026-01-03 01:11:00,Corrosion,0.9176014544537919,156.53208083485316,34.40493839586311,3.805845392308338,1.352650113035716,0.334663708434411,60.15485931315317,High
2026-01-03 01:12:00,Normal,0.3742851734795384,164.86407570955137,33.42761634393236,8.135328256292944,1.9463055527972306,0.26894848716196906,67.67383273134169,High
2026-01-03 01:13:00,Thermal,0.8294517244158726,137.9980007730495,31.130598025728016,6.167732280623566,4.428921115237034,0.21566444527840023,74.37278581854727,High
2026-01-03 01:14:00,Wind,1.3429912868285887,143.6802509425723,23.785013146364314,10.808876595790021,5.254016250934059,0.31585606983627396,100.0,Critical
2026-01-03 01:15:00,Normal,0.3217755534426449,163.9603903623257,28.362640263179838,2.1832737788501104,2.660116372846353,0.03850457558232792,32.19528685496326,Moderate
2026-01-03 01:16:00,Normal,0.23121604847084654,105.54850650315038,38.527940184207516,6.11340380812935,2.685439301761694,0.22668784380249704,69.0788352877178,High
2026-01-03 01:17:00,Normal,0.316296912490318,115.54269945027188,26.24005943746472,12.654046860863307,0.9589768769448646,0.2778494061011416,71.70535527799927,High
2026-01-03 01:18:00,Normal,0.38647522229670184,138.00118526243287,25.72521376088029,5.381496683855099,3.3731770839291855,0.1594163818008591,55.251514841785635,Moderate
2026-01-03 01:19:00,Thermal,0.9598631186673068,111.05685479256803,35.53651829551957,6.62045684706093,1.9999382887142059,0.2706748926267755,75.7032630124136,High
2026-01-03 01:20:00,Fatigue,1.1699513075679264,170.78236711984124,33.86843025372798,8.803516295973377,2.659586980626625,0.2823843412044848,89.46498488054313,Critical
2026-01-03 01:21:00,Thermal,0.80205395629264,156.58367665411507,25.760490971125982,3.59291012828594,3.587874131163746,0.2292883020899309,58.17269605737087,Moderate
2026-01-03 01:22:00,Normal,0.23266453967552636,151.73313295094582,26.692576933812887,9.346889858493373,1.5069855042828004,0.19857370294772766,58.03081784809732,Moderate
2026-01-03 01:23:00,Flood,1.0660855602849113,173.0511125752535,25.490472520492826,10.138649322789831,3.886696699039759,0.22926059687777728,91.43828660065543,Critical
2026-01-03 01:24:00,Normal,0.38391795962168374,152.49945882193927,28.34844689530545,1.8533062811064598,2.4307670792802267,0.1611778450845254,32.820669054944545,Moderate
2026-01-03 01:25:00,Wind,1.219701529777156,154.63945248728973,33.51843335475746,7.05104512961374,5.818109739375549,0.2436359257515296,97.45518026913518,Critical
2026-01-03 01:26:00,Normal,0.28636254974950487,98.43324203232348,23.979862394359543,5.045847137446478,2.4337245855664094,0.22712612686797412,51.40688122459532,Moderate
2026-01-03 01:27:00,Normal,0.2541118283453674,172.74963535208406,33.448324061184685,7.795986180015461,1.3814656958415412,0.19913904962141615,60.255930561378534,High
2026-01-03 01:28:00,Wind,1.158768714989503,119.23260961195083,28.508256244606542,6.647030273789086,4.716487958186136,0.2815009666092061,79.25811461709199,High
2026-01-03 01:29:00,Normal,0.23702923946848659,84.33717302815481,39.63096068157139,8.340228025601514,1.1682457999178877,0.18296629964979164,71.54205128377407,High
2026-01-03 01:30:00,Earthquake,1.8008340788196424,195.72820101272077,29.594154421854366,13.12509934412929,6.27315552437604,0.38634197953789207,100.0,Critical
2026-01-03 01:31:00,Flood,1.1574479996991858,191.42465120443376,27.515407151853672,6.409269844978709,3.744627919569255,0.3835116136458107,76.5123214359435,High
2026-01-03 01:32:00,Normal,0.23082289771753586,124.73877114785412,30.873573635579962,3.5969287202810665,2.400543816156948,0.1447190147725257,41.142633538551415,Moderate
2026-01-03 01:33:00,Thermal,0.8042089660729105,166.98259249255514,28.31426881056395,13.24566163138913,1.4193460228853196,0.3108035972345507,83.7838270655113,Critical
2026-01-03 01:34:00,Wind,1.1157697871674794,107.50493181320104,19.02363438324087,5.935359990363988,2.2907455951814875,0.25958341717533656,79.83934562168996,High
2026-01-03 01:35:00,Fatigue,1.1323304853178524,140.51137594547157,26.79739412864451,7.30432113216156,2.2985757675865672,0.365139072030392,72.59903190857693,High
2026-01-03 01:36:00,Flood,1.1293343342974627,103.95130482141852,26.718531954653876,12.057750753904761,5.425770855698467,0.37498444800028863,100.0,Critical
2026-01-03 01:37:00,Corrosion,0.9849598276765406,163.7102739557165,20.03841269725094,8.949371130360905,2.1718451771529095,0.3547605034075634,89.64163590342305,Critical
2026-01-03 01:38:00,Corrosion,0.871269161975657,105.51921683527463,27.634824051027536,5.926277545225844,4.052309801988931,0.3856813512910958,69.22146623062946,High
2026-01-03 01:39:00,Fatigue,1.1209483426623388,121.05452884918382,17.664448876953013,12.39437970909447,3.1580922010892944,0.323395600006322,100.0,Critical
2026-01-03 01:40:00,Flood,1.007715974226397,163.65063012403505,26.261565824222604,12.236887199507542,3.43996990078076,0.3910357361330593,97.7475087821916,Critical
2026-01-03 01:41:00,Normal,0.2922414943755618,146.54560880044323,29.21797996022336,5.994172005554244,1.9552797449307404,0.30993439618563395,49.6660336558269,Moderate
2026-01-03 01:42:00,Normal,0.2751172121999372,116.02579729426958,28.48498088569116,3.1628102372494573,3.6437784278114957,0.09023581088923968,40.50491362633967,Moderate
2026-01-03 01:43:00,Flood,1.0246611509801191,165.05431260271274,25.94465263556591,7.825086140496925,4.264505530791425,0.2437409486589438,82.53578236516496,Critical
2026-01-03 01:44:00,Normal,0.26102029538217036,133.4447041718273,27.572347990259644,5.854028195895196,2.3850331403203513,0.06034394323863031,44.38314347493056,Moderate
2026-01-03 01:45:00,Normal,0.2861537826714919,114.6143285139382,24.079677812610846,1.064212816359861,3.2966984321111963,0.26489152997798165,40.56286134171515,Moderate
2026-01-03 01:46:00,Normal,0.22646780521235485,92.63236292784379,28.054082597112675,8.983354643399338,1.366803136238418,0.05931741860893257,49.68711601049915,Moderate
2026-01-03 01:47:00,Wind,1.1656002566337573,171.52228517211606,28.290432032958854,15.200627266027515,5.108342976951434,0.17361261276154424,100.0,Critical
2026-01-03 01:48:00,Normal,0.3865889610937243,135.32739226937707,23.498750110492452,4.292135450479188,2.9013025951587315,0.09220858552838712,51.7318034567723,Moderate
2026-01-03 01:49:00,Flood,1.2368437415077107,173.1506100772565,29.33849600254549,10.26831347729242,4.5698993632435325,0.15293503915804552,94.73247176385256,Critical
2026-01-03 01:50:00,Fatigue,0.9786506441172765,160.80166060197243,29.307263275402267,13.057406128547978,3.6449832970884923,0.32177264238603454,99.37111659833403,Critical
2026-01-03 01:51:00,Fatigue,0.9742423036499154,123.78750216301684,27.168950432094643,15.366682515703065,3.362685104222571,0.21323658836912252,100.0,Critical
2026-01-03 01:52:00,Normal,0.17342777377534802,137.2585040342295,40.10523518143409,9.670944006472094,1.1301763548305845,0.04477736703969709,74.94347377019642,High
2026-01-03 01:53:00,Wind,1.1767369267969157,157.36547299429148,27.29648806657846,5.306612540076378,3.232817635033462,0.3126501343915863,68.43910781760619,High
2026-01-03 01:54:00,Wind,1.2566624408829807,145.33156389191643,26.60382877313491,9.153338935017443,3.1229868489415082,0.3173689622757637,85.96916584541938,Critical
2026-01-03 01:55:00,Wind,1.2323002353638617,150.03410407015718,25.888034453961335,11.602064754449657,4.406847761826076,0.16641735220111206,100.0,Critical
2026-01-03 01:56:00,Flood,1.0337624909424374,133.54357054024052,23.145303884618002,7.717348109294204,3.451663686729928,0.23490390612235806,83.07688251848111,Critical
2026-01-03 01:57:00,Normal,0.2923148437566319,142.22109447136071,31.429486799217017,10.348300235121094,2.4314001976800195,0.17402889984216008,71.36334261258126,High
2026-01-03 01:58:00,Thermal,0.7446331074697305,106.54713166049949,26.56876515990275,12.888125518407898,3.687882019652804,0.231454138122409,92.34180064263762,Critical
2026-01-03 01:59:00,Normal,0.2304701782597905,95.16285162983954,25.160259265011234,2.5522095762238104,0.9402439457116669,0.153641341835781,29.216478194488506,Low
